Date,Campaign,Marketing Channel,Impressions,Clicks,CTR,Landing Page Visits,Leads,Qualified Leads,Customers,Conversion Rate,Revenue,Cost,ROI,Country,Device,Age Group,Gender,Campaign Type
2024-01-01,Influencer Collab,Affiliate,20802,555,2.668,465,143,88,21,0.101,2227.04,273.66,713.8,United States,Mobile,25-34,Female,Conversion
2024-01-01,Anniversary Sale,TikTok Ads,15192,788,5.1869,626,156,59,26,0.1711,1372.69,457.06,200.33,United Kingdom,Mobile,35-44,Male,Retargeting
2024-01-01,Back to School,Affiliate,15831,553,3.4931,491,143,59,22,0.139,1742.9,275.66,532.26,India,Mobile,18-24,Male,Retargeting
2024-01-01,Flash Weekend Deal,YouTube Ads,18672,724,3.8775,573,127,63,15,0.0803,2351.97,661.1,255.77,India,Desktop,45-54,Female,Awareness
2024-01-01,Loyalty Rewards Push,YouTube Ads,17984,530,2.9471,413,108,57,17,0.0945,2464.42,448.96,448.92,United Kingdom,Desktop,45-54,Female,Consideration
2024-01-01,Brand Awareness Drive,Affiliate,22251,1012,4.5481,911,294,160,41,0.1843,2850.97,416.07,585.21,United States,Mobile,18-24,Male,Retargeting
2024-01-02,Customer Win-Back,YouTube Ads,23871,773,3.2382,674,165,92,22,0.0922,1945.68,652.51,198.18,India,Mobile,25-34,Female,Awareness
2024-01-03,Customer Win-Back,Email Marketing,10118,589,5.8213,553,175,98,40,0.3953,4837.56,150.08,3123.32,India,Desktop,18-24,Female,Loyalty
2024-01-04,Summer Sale Blast,Facebook Ads,30933,1107,3.5787,962,167,65,21,0.0679,4049.47,813.06,398.05,United States,Mobile,25-34,Male,Awareness
2024-01-05,New Year Kickoff,Affiliate,7896,312,3.9514,273,63,35,9,0.114,926.5,263.36,251.8,United States,Desktop,55+,Male,Conversion
2024-01-05,Festive Mega Offer,YouTube Ads,14787,573,3.875,482,140,60,11,0.0744,1340.21,575.62,132.83,United States,Mobile,25-34,Male,Conversion
2024-01-05,Lead Gen Webinar,Google Ads,12145,863,7.1058,732,254,150,55,0.4529,9578.36,923.01,937.73,India,Mobile,18-24,Male,Consideration
2024-01-05,Anniversary Sale,YouTube Ads,24438,728,2.979,633,101,57,12,0.0491,1128.46,723.45,55.98,UAE,Mobile,35-44,Male,Awareness
2024-01-05,Influencer Collab,TikTok Ads,16345,837,5.1208,648,91,40,16,0.0979,1238.77,317.95,289.61,United Kingdom,Desktop,45-54,Female,Conversion
2024-01-06,Anniversary Sale,Organic Search,23893,1131,4.7336,1045,503,300,115,0.4813,20151.99,111.62,17954.1,India,Mobile,45-54,Female,Retargeting
2024-01-06,Flash Weekend Deal,YouTube Ads,14097,521,3.6958,468,83,51,12,0.0851,1665.08,371.75,347.9,India,Mobile,35-44,Female,Awareness
2024-01-07,Mid-Season Sale,Facebook Ads,21561,925,4.2902,794,218,112,37,0.1716,3304.36,743.6,344.37,Germany,Desktop,35-44,Female,Conversion
2024-01-07,Summer Sale Blast,Google Ads,14744,885,6.0024,722,210,146,74,0.5019,10306.19,837.67,1130.34,India,Mobile,35-44,Female,Consideration
2024-01-07,Free Trial Signup,Instagram Ads,22286,624,2.8,503,60,30,11,0.0494,1665.79,325.36,411.98,India,Desktop,18-24,Female,Awareness
2024-01-08,Loyalty Rewards Push,Email Marketing,15607,1205,7.7209,1128,512,351,158,1.0124,23937.68,177.33,13398.95,United States,Desktop,35-44,Male,Loyalty
2024-01-08,Product Launch Q3,YouTube Ads,7280,221,3.0357,169,38,19,4,0.0549,304.44,247.92,22.8,United States,Mobile,45-54,Male,Awareness
2024-01-08,Back to School,TikTok Ads,6720,301,4.4792,258,38,19,5,0.0744,652.07,177.53,267.3,South Africa,Mobile,45-54,Male,Loyalty
2024-01-08,Loyalty Rewards Push,Facebook Ads,11491,559,4.8647,409,68,54,14,0.1218,909.83,509.17,78.69,India,Desktop,25-34,Other,Consideration
2024-01-08,Festive Mega Offer,Google Ads,10588,723,6.8285,662,231,180,85,0.8028,7063.26,1111.03,535.74,United States,Mobile,25-34,Male,Awareness
2024-01-08,Loyalty Rewards Push,Email Marketing,11429,719,6.291,662,174,105,60,0.525,13885.52,142.51,9643.54,India,Mobile,35-44,Female,Awareness
2024-01-08,Holiday Gift Guide,LinkedIn Ads,20411,382,1.8715,316,70,54,24,0.1176,11217.97,995.44,1026.94,United States,Mobile,45-54,Female,Conversion
2024-01-09,Lead Gen Webinar,Facebook Ads,15676,706,4.5037,520,160,100,26,0.1659,5301.92,700.24,657.16,United Kingdom,Desktop,18-24,Female,Awareness
2024-01-09,Influencer Collab,Instagram Ads,17421,746,4.2822,618,103,60,24,0.1378,2100.46,566.85,270.55,Singapore,Desktop,45-54,Female,Conversion
2024-01-11,Festive Mega Offer,Facebook Ads,14496,539,3.7183,476,161,107,28,0.1932,5698.77,557.42,922.35,South Africa,Mobile,25-34,Female,Loyalty
2024-01-12,Flash Weekend Deal,Affiliate,20773,785,3.7789,643,142,84,17,0.0818,1264.91,467.13,170.78,United States,Desktop,35-44,Female,Consideration
2024-01-12,Holiday Gift Guide,Organic Search,18807,1092,5.8063,1047,379,184,95,0.5051,8060.31,67.16,11901.65,India,Mobile,18-24,Female,Conversion
2024-01-12,Free Trial Signup,TikTok Ads,4730,217,4.5877,161,33,15,6,0.1268,423.57,223.05,89.9,United States,Desktop,25-34,Male,Retargeting
2024-01-13,Clearance Blowout,Facebook Ads,22961,914,3.9807,815,243,109,40,0.1742,2741.85,683.4,301.21,India,Desktop,25-34,Male,Conversion
2024-01-13,Customer Win-Back,Facebook Ads,23079,834,3.6137,644,180,93,33,0.143,5421.03,797.4,579.84,India,Mobile,18-24,Male,Conversion
2024-01-14,Free Trial Signup,Referral,14715,1128,7.6656,1116,492,317,132,0.897,23310.88,79.97,29049.53,Germany,Tablet,25-34,Male,Retargeting
2024-01-14,Anniversary Sale,Google Ads,29848,2184,7.3171,2029,756,432,139,0.4657,32887.16,3180.81,933.92,India,Mobile,55+,Male,Loyalty
2024-01-14,Mid-Season Sale,Affiliate,11605,587,5.0582,517,164,97,19,0.1637,3049.3,422.47,621.78,United Kingdom,Mobile,25-34,Male,Awareness
2024-01-14,Product Launch Q1,Referral,32391,1776,5.483,1589,832,519,234,0.7224,69217.48,30.19,229172.87,India,Desktop,25-34,Male,Retargeting
2024-01-15,Free Trial Signup,Facebook Ads,19865,911,4.586,766,253,122,39,0.1963,7435.43,896.7,729.2,Australia,Mobile,25-34,Female,Retargeting
2024-01-15,New Year Kickoff,Organic Search,14114,853,6.0436,844,417,298,129,0.914,16110.42,130.87,12210.25,United States,Mobile,25-34,Female,Awareness
2024-01-15,Flash Weekend Deal,YouTube Ads,25413,903,3.5533,775,187,88,26,0.1023,2127.56,686.39,209.96,United States,Desktop,18-24,Female,Consideration
2024-01-15,Holiday Gift Guide,LinkedIn Ads,16412,488,2.9734,455,134,105,50,0.3047,17366.78,1070.19,1522.78,United Kingdom,Desktop,35-44,Female,Loyalty
2024-01-16,Flash Weekend Deal,LinkedIn Ads,22279,553,2.4822,533,155,99,38,0.1706,7104.0,1631.12,335.53,Australia,Mobile,45-54,Female,Conversion
2024-01-16,Festive Mega Offer,LinkedIn Ads,24619,684,2.7783,559,134,94,39,0.1584,16815.05,1540.27,991.69,India,Mobile,25-34,Female,Awareness
2024-01-16,Mid-Season Sale,Facebook Ads,15462,742,4.7989,621,140,57,21,0.1358,3311.68,797.34,315.34,Germany,Desktop,35-44,Male,Consideration
2024-01-17,Influencer Collab,Google Ads,19368,1152,5.948,1103,465,266,102,0.5266,25200.66,1542.38,1533.88,United States,Mobile,18-24,Female,Loyalty
2024-01-17,Product Launch Q3,Google Ads,21841,1229,5.627,1120,283,164,48,0.2198,11853.99,966.68,1126.26,Brazil,Mobile,25-34,Female,Retargeting
2024-01-17,Holiday Gift Guide,YouTube Ads,15759,491,3.1157,397,102,41,8,0.0508,732.74,485.59,50.9,United Kingdom,Mobile,35-44,Male,Conversion
2024-01-17,Festive Mega Offer,Referral,17681,1265,7.1546,1252,604,399,181,1.0237,35665.62,102.55,34678.76,United Kingdom,Desktop,25-34,Male,Loyalty
2024-01-18,Holiday Gift Guide,Instagram Ads,5301,241,4.5463,198,52,22,8,0.1509,1217.14,158.33,668.74,United States,Desktop,35-44,Female,Loyalty
2024-01-18,Holiday Gift Guide,Email Marketing,12267,1026,8.3639,896,404,249,103,0.8397,11107.73,102.83,10702.03,Germany,Desktop,18-24,Male,Loyalty
2024-01-18,Free Trial Signup,Instagram Ads,20488,949,4.632,810,169,69,4,0.0195,762.24,754.05,1.09,United States,Mobile,18-24,Male,Conversion
2024-01-18,Free Trial Signup,Facebook Ads,21947,1054,4.8025,835,246,143,47,0.2142,4413.24,570.16,674.04,Canada,Mobile,35-44,Male,Awareness
2024-01-19,Free Trial Signup,Referral,7017,362,5.1589,298,108,65,27,0.3848,7398.84,43.54,16893.2,South Africa,Mobile,25-34,Female,Awareness
2024-01-19,App Install Campaign,Google Ads,19558,1212,6.197,980,424,238,78,0.3988,15217.59,1818.03,737.04,United States,Mobile,25-34,Male,Retargeting
2024-01-19,Flash Weekend Deal,Organic Search,19446,1368,7.0349,1271,438,275,102,0.5245,9119.29,87.96,10267.54,Singapore,Desktop,55+,Female,Awareness
2024-01-19,Mid-Season Sale,TikTok Ads,11599,661,5.6988,554,144,64,22,0.1897,2411.98,301.66,699.57,UAE,Desktop,55+,Female,Consideration
2024-01-19,Loyalty Rewards Push,YouTube Ads,14416,563,3.9054,402,113,50,13,0.0902,2363.39,451.0,424.03,India,Mobile,45-54,Male,Conversion
2024-01-20,Lead Gen Webinar,Organic Search,18553,854,4.603,845,398,243,92,0.4959,5851.14,113.47,5056.55,South Africa,Mobile,18-24,Male,Retargeting
2024-01-20,Influencer Collab,Facebook Ads,22529,1003,4.452,823,299,133,46,0.2042,7776.97,539.29,1342.08,United States,Desktop,35-44,Male,Conversion
2024-01-21,Product Launch Q3,LinkedIn Ads,18448,442,2.3959,339,89,51,18,0.0976,8660.78,667.08,1198.31,Germany,Mobile,18-24,Male,Awareness
2024-01-21,Festive Mega Offer,Instagram Ads,13165,487,3.6992,410,145,84,9,0.0684,1528.17,392.78,289.07,India,Mobile,25-34,Female,Conversion
2024-01-21,Anniversary Sale,TikTok Ads,22228,1074,4.8317,933,186,99,27,0.1215,4019.78,670.53,499.49,UAE,Desktop,35-44,Male,Conversion
2024-01-22,New Year Kickoff,Email Marketing,18153,1741,9.5907,1614,556,360,125,0.6886,14216.34,81.18,17412.12,United States,Desktop,45-54,Male,Conversion
2024-01-22,Flash Weekend Deal,Facebook Ads,18743,936,4.9939,886,260,144,35,0.1867,3731.15,1005.25,271.17,UAE,Desktop,45-54,Male,Awareness
2024-01-22,Festive Mega Offer,Google Ads,24104,1694,7.0279,1455,553,331,155,0.643,17222.08,2028.94,748.82,South Africa,Mobile,35-44,Male,Retargeting
2024-01-23,Influencer Collab,Email Marketing,16555,1551,9.3688,1414,544,328,134,0.8094,28649.51,212.12,13406.27,United States,Mobile,35-44,Female,Awareness
2024-01-23,Holiday Gift Guide,Instagram Ads,13200,463,3.5076,370,77,50,17,0.1288,1709.15,343.0,398.29,UAE,Tablet,35-44,Male,Loyalty
2024-01-23,Mid-Season Sale,Google Ads,13349,793,5.9405,653,237,141,54,0.4045,13974.65,701.24,1892.85,United Kingdom,Mobile,35-44,Male,Consideration
2024-01-24,Festive Mega Offer,Organic Search,12916,811,6.279,747,229,131,29,0.2245,1902.12,97.43,1852.29,Canada,Mobile,35-44,Female,Awareness
2024-01-24,Referral Bonanza,Facebook Ads,13732,578,4.2091,512,112,63,20,0.1456,1926.03,458.05,320.48,United Kingdom,Mobile,35-44,Female,Conversion
2024-01-25,Back to School,TikTok Ads,10611,581,5.4755,403,85,49,15,0.1414,884.28,379.71,132.88,Singapore,Tablet,45-54,Female,Conversion
2024-01-25,Customer Win-Back,YouTube Ads,28313,1090,3.8498,946,164,73,20,0.0706,2704.03,1120.42,141.34,India,Desktop,25-34,Other,Retargeting
2024-01-25,Cart Abandonment Recovery,YouTube Ads,23890,714,2.9887,524,108,44,12,0.0502,1251.55,824.44,51.81,UAE,Desktop,45-54,Male,Conversion
2024-01-25,New Year Kickoff,TikTok Ads,26810,1156,4.3118,950,179,63,18,0.0671,1639.01,688.47,138.07,United States,Mobile,35-44,Male,Retargeting
2024-01-26,New Year Kickoff,Affiliate,24405,1019,4.1754,829,165,74,19,0.0779,1240.1,622.84,99.1,United States,Mobile,18-24,Female,Loyalty
2024-01-27,Festive Mega Offer,LinkedIn Ads,21418,405,1.8909,358,114,66,31,0.1447,6363.08,987.17,544.58,India,Tablet,25-34,Male,Retargeting
2024-01-27,App Install Campaign,Referral,23041,1184,5.1387,1136,613,434,235,1.0199,65426.27,92.9,70326.56,India,Mobile,25-34,Female,Consideration
2024-01-27,Mid-Season Sale,Referral,11092,838,7.555,780,306,198,124,1.1179,28974.02,144.64,19931.82,India,Desktop,18-24,Male,Conversion
2024-01-27,Product Launch Q1,TikTok Ads,17484,1024,5.8568,777,223,104,26,0.1487,1461.27,362.03,303.63,India,Desktop,25-34,Female,Conversion
2024-01-28,Summer Sale Blast,LinkedIn Ads,14325,396,2.7644,359,101,74,35,0.2443,15570.0,856.57,1717.71,United States,Desktop,45-54,Male,Awareness
2024-01-28,Back to School,Instagram Ads,21440,837,3.9039,683,181,93,25,0.1166,4434.5,758.54,484.61,United States,Mobile,25-34,Female,Retargeting
2024-01-28,Festive Mega Offer,Organic Search,16868,975,5.7802,933,285,154,74,0.4387,12690.23,108.03,11646.95,India,Mobile,18-24,Male,Consideration
2024-01-29,App Install Campaign,Instagram Ads,27776,1091,3.9279,995,296,116,35,0.126,5962.66,1071.83,456.31,United States,Desktop,18-24,Female,Retargeting
2024-01-29,Loyalty Rewards Push,LinkedIn Ads,20527,564,2.7476,494,119,83,25,0.1218,5248.63,1708.62,207.19,Singapore,Desktop,35-44,Female,Consideration
2024-01-30,Clearance Blowout,Google Ads,8974,463,5.1593,456,105,63,28,0.312,7179.62,710.14,911.01,Canada,Mobile,25-34,Male,Consideration
2024-01-31,Influencer Collab,YouTube Ads,9050,332,3.6685,278,80,41,13,0.1436,1812.2,309.68,485.18,Canada,Desktop,35-44,Female,Conversion
2024-01-31,Festive Mega Offer,Instagram Ads,11850,415,3.5021,372,105,56,8,0.0675,1241.47,351.69,253.0,Australia,Tablet,45-54,Male,Awareness
2024-01-31,Mid-Season Sale,Referral,16829,1150,6.8334,1060,523,298,127,0.7546,14268.91,36.91,38558.66,India,Tablet,35-44,Male,Loyalty
2024-01-31,Product Launch Q3,Facebook Ads,18345,842,4.5898,760,156,93,19,0.1036,3837.12,463.44,727.96,India,Mobile,25-34,Female,Consideration
2024-01-31,Back to School,Affiliate,13906,773,5.5588,665,194,104,49,0.3524,2766.27,289.63,855.1,UAE,Desktop,25-34,Female,Awareness
2024-01-31,Anniversary Sale,Affiliate,14955,513,3.4303,394,121,73,22,0.1471,1227.79,411.94,198.05,United Kingdom,Desktop,35-44,Female,Conversion
2024-02-01,Free Trial Signup,LinkedIn Ads,21837,671,3.0728,603,156,117,51,0.2335,20772.36,2051.25,912.67,Germany,Desktop,55+,Female,Awareness
2024-02-01,Product Launch Q3,YouTube Ads,23353,795,3.4043,624,91,40,7,0.03,1087.81,779.6,39.53,United Kingdom,Desktop,18-24,Female,Consideration
2024-02-01,Anniversary Sale,Affiliate,24544,1201,4.8933,1033,262,144,36,0.1467,3642.47,715.39,409.16,United Kingdom,Mobile,35-44,Female,Awareness
2024-02-01,App Install Campaign,Organic Search,26997,1424,5.2747,1316,450,349,157,0.5815,26297.18,58.34,44975.73,India,Mobile,35-44,Female,Conversion
2024-02-01,Mid-Season Sale,Google Ads,6847,362,5.287,326,138,95,33,0.482,4618.94,611.15,655.78,India,Desktop,18-24,Female,Awareness
2024-02-02,Flash Weekend Deal,Facebook Ads,23837,1200,5.0342,1121,336,275,67,0.2811,8603.24,472.33,1721.45,Canada,Desktop,25-34,Male,Conversion
2024-02-02,Lead Gen Webinar,LinkedIn Ads,23984,659,2.7477,631,158,97,37,0.1543,10699.12,1224.52,773.74,United Kingdom,Desktop,18-24,Female,Loyalty
2024-02-03,Summer Sale Blast,Instagram Ads,24503,1137,4.6402,879,197,89,35,0.1428,5660.47,777.92,627.64,India,Mobile,25-34,Female,Conversion
2024-02-03,Festive Mega Offer,Referral,18666,1421,7.6128,1092,507,367,150,0.8036,36519.06,130.6,27862.53,India,Desktop,25-34,Female,Retargeting
2024-02-04,Influencer Collab,YouTube Ads,14190,395,2.7837,303,113,52,19,0.1339,3471.49,309.66,1021.07,Brazil,Desktop,45-54,Male,Awareness
2024-02-04,Cart Abandonment Recovery,TikTok Ads,8095,461,5.6949,389,54,19,5,0.0618,702.85,244.78,187.14,United States,Mobile,25-34,Male,Retargeting
2024-02-04,Back to School,Affiliate,26899,1011,3.7585,922,133,77,26,0.0967,1899.6,347.38,446.84,United Kingdom,Desktop,25-34,Female,Retargeting
2024-02-04,App Install Campaign,Organic Search,20981,1081,5.1523,971,287,150,73,0.3479,7385.65,120.73,6017.49,United States,Mobile,18-24,Male,Loyalty
2024-02-05,App Install Campaign,TikTok Ads,25824,1647,6.3778,1354,205,77,17,0.0658,1459.83,466.38,213.01,South Africa,Desktop,25-34,Female,Retargeting
2024-02-05,Influencer Collab,Google Ads,16389,1070,6.5288,1039,376,238,89,0.543,13576.04,838.1,1519.86,India,Tablet,55+,Female,Awareness
2024-02-05,Summer Sale Blast,YouTube Ads,8636,370,4.2844,273,79,38,11,0.1274,935.39,217.48,330.1,United States,Mobile,45-54,Male,Awareness
2024-02-06,Influencer Collab,TikTok Ads,20010,1085,5.4223,834,193,79,20,0.1,716.0,354.32,102.08,India,Desktop,45-54,Female,Retargeting
2024-02-06,Mid-Season Sale,Instagram Ads,8730,289,3.3104,242,56,27,12,0.1375,1517.86,131.86,1051.11,India,Mobile,35-44,Female,Conversion
2024-02-07,Back to School,Instagram Ads,17847,887,4.97,724,80,36,13,0.0728,1509.42,430.58,250.56,India,Mobile,45-54,Male,Conversion
2024-02-07,Lead Gen Webinar,YouTube Ads,16700,473,2.8323,409,112,48,15,0.0898,2475.78,541.47,357.23,India,Mobile,35-44,Male,Awareness
2024-02-07,Holiday Gift Guide,YouTube Ads,23980,625,2.6063,532,124,75,25,0.1043,4261.77,730.93,483.06,India,Mobile,35-44,Male,Consideration
2024-02-07,Referral Bonanza,Instagram Ads,20372,914,4.4866,712,84,38,14,0.0687,951.95,802.66,18.6,UAE,Desktop,25-34,Male,Awareness
2024-02-07,Summer Sale Blast,TikTok Ads,13739,694,5.0513,600,82,43,3,0.0218,182.76,284.92,-35.86,India,Desktop,35-44,Female,Awareness
2024-02-08,Brand Awareness Drive,Email Marketing,17220,1196,6.9454,1112,425,231,90,0.5226,14220.99,227.8,6142.75,United States,Mobile,18-24,Male,Conversion
2024-02-09,Product Launch Q3,Instagram Ads,22809,755,3.3101,620,110,52,13,0.057,2497.82,405.65,515.76,India,Mobile,25-34,Male,Retargeting
2024-02-09,Influencer Collab,Instagram Ads,18704,765,4.09,589,161,91,22,0.1176,2657.84,573.02,363.83,United States,Desktop,25-34,Male,Retargeting
2024-02-10,Back to School,Email Marketing,24206,2002,8.2707,1911,689,395,146,0.6032,23862.01,200.28,11814.32,South Africa,Mobile,45-54,Other,Conversion
2024-02-11,Holiday Gift Guide,Email Marketing,27638,1989,7.1966,1755,620,307,113,0.4089,18438.91,117.45,15599.37,Australia,Desktop,25-34,Female,Retargeting
2024-02-11,Free Trial Signup,LinkedIn Ads,25300,781,3.087,773,334,245,121,0.4783,33246.24,2252.49,1375.98,Australia,Desktop,35-44,Male,Loyalty
2024-02-11,Brand Awareness Drive,Affiliate,18977,868,4.574,702,176,81,16,0.0843,2845.18,522.72,444.3,United Kingdom,Desktop,45-54,Female,Awareness
2024-02-11,New Year Kickoff,YouTube Ads,20870,801,3.838,705,242,104,32,0.1533,4350.94,720.24,504.1,United Kingdom,Desktop,18-24,Male,Consideration
2024-02-12,Festive Mega Offer,Email Marketing,19008,923,4.8559,913,326,171,68,0.3577,5320.0,153.96,3355.44,UAE,Desktop,25-34,Male,Consideration
2024-02-12,Brand Awareness Drive,Organic Search,15174,770,5.0745,689,198,94,45,0.2966,4350.9,60.65,7073.78,United States,Mobile,55+,Male,Consideration
2024-02-12,App Install Campaign,Google Ads,11368,691,6.0785,582,157,89,36,0.3167,8190.83,976.42,738.86,Australia,Mobile,35-44,Female,Awareness
2024-02-12,Customer Win-Back,Google Ads,15315,923,6.0268,740,222,139,56,0.3657,8815.05,1360.22,548.06,India,Desktop,35-44,Male,Conversion
2024-02-13,App Install Campaign,Email Marketing,21368,1419,6.6408,1327,470,281,106,0.4961,11931.5,91.06,13002.9,Canada,Mobile,35-44,Female,Conversion
2024-02-13,Lead Gen Webinar,Referral,13099,1012,7.7258,1001,364,282,122,0.9314,15042.17,49.98,29996.38,United States,Tablet,18-24,Male,Awareness
2024-02-14,Product Launch Q1,Facebook Ads,23483,832,3.543,707,180,103,23,0.0979,2814.91,759.15,270.8,India,Tablet,18-24,Female,Loyalty
2024-02-14,Free Trial Signup,YouTube Ads,17941,534,2.9764,399,59,28,3,0.0167,512.47,486.05,5.44,United States,Mobile,25-34,Female,Conversion
2024-02-14,Referral Bonanza,Google Ads,25745,1743,6.7702,1597,594,453,200,0.7768,32434.24,1508.59,2049.97,Australia,Mobile,35-44,Male,Awareness
2024-02-15,Product Launch Q3,Organic Search,22068,1335,6.0495,1321,480,312,118,0.5347,11898.96,26.91,44117.61,United States,Tablet,25-34,Female,Awareness
2024-02-15,Festive Mega Offer,Instagram Ads,17236,595,3.4521,500,74,36,15,0.087,1550.63,251.91,515.55,Germany,Desktop,18-24,Male,Conversion
2024-02-15,Product Launch Q1,Google Ads,19899,1268,6.3722,1039,325,245,83,0.4171,5952.78,1581.93,276.3,India,Mobile,25-34,Male,Loyalty
2024-02-15,App Install Campaign,Organic Search,14143,832,5.8828,769,185,121,58,0.4101,5496.19,90.98,5941.1,UAE,Desktop,35-44,Female,Conversion
2024-02-16,Cart Abandonment Recovery,Affiliate,27957,1100,3.9346,980,207,85,29,0.1037,4637.1,631.62,634.16,India,Mobile,35-44,Male,Awareness
2024-02-16,Holiday Gift Guide,Referral,20759,1829,8.8106,1609,628,398,227,1.0935,33642.49,48.07,69886.46,Germany,Mobile,25-34,Female,Consideration
2024-02-17,App Install Campaign,Affiliate,17938,617,3.4396,523,93,53,21,0.1171,2180.88,331.71,557.47,India,Tablet,35-44,Male,Retargeting
2024-02-17,Brand Awareness Drive,TikTok Ads,20625,727,3.5248,541,112,47,20,0.097,1934.89,452.07,328.01,United Kingdom,Mobile,25-34,Male,Awareness
2024-02-17,Cart Abandonment Recovery,Email Marketing,15969,1324,8.2911,1080,500,252,103,0.645,12386.71,231.29,5255.49,United States,Desktop,45-54,Female,Awareness
2024-02-18,Loyalty Rewards Push,Instagram Ads,21869,688,3.146,547,147,75,20,0.0915,1123.67,521.25,115.57,United States,Mobile,18-24,Male,Conversion
2024-02-18,Product Launch Q3,Affiliate,27579,1183,4.2895,1044,246,108,29,0.1052,1885.08,473.62,298.02,United Kingdom,Desktop,45-54,Female,Awareness
2024-02-19,Referral Bonanza,LinkedIn Ads,20549,397,1.932,353,123,74,34,0.1655,6103.9,606.48,906.45,India,Desktop,25-34,Male,Retargeting
2024-02-19,Loyalty Rewards Push,Facebook Ads,21222,1009,4.7545,851,151,75,32,0.1508,2043.4,957.02,113.52,Canada,Desktop,45-54,Female,Retargeting
2024-02-20,Anniversary Sale,TikTok Ads,25078,1116,4.4501,911,231,76,27,0.1077,1459.53,766.4,90.44,Singapore,Mobile,25-34,Female,Conversion
2024-02-20,App Install Campaign,Affiliate,5925,271,4.5738,231,79,42,11,0.1857,1144.32,206.09,455.25,India,Desktop,25-34,Male,Awareness
2024-02-20,Back to School,Google Ads,38314,2003,5.2279,1838,572,343,128,0.3341,25413.98,2986.36,751.0,Singapore,Desktop,25-34,Male,Awareness
2024-02-20,Cart Abandonment Recovery,Instagram Ads,12916,617,4.777,507,149,88,13,0.1007,1152.82,417.21,176.32,Canada,Mobile,18-24,Male,Awareness
2024-02-20,Lead Gen Webinar,Email Marketing,9467,622,6.5702,547,200,103,38,0.4014,6684.87,103.41,6364.43,India,Mobile,35-44,Female,Conversion
2024-02-21,Festive Mega Offer,Google Ads,17162,719,4.1895,659,261,150,56,0.3263,13729.68,753.54,1722.02,India,Mobile,35-44,Male,Conversion
2024-02-21,Lead Gen Webinar,Instagram Ads,23911,718,3.0028,636,217,115,24,0.1004,2816.97,312.91,800.25,India,Mobile,55+,Female,Awareness
2024-02-21,Summer Sale Blast,Referral,19410,1336,6.883,1275,523,436,300,1.5456,84739.09,119.27,70948.12,United Kingdom,Mobile,35-44,Male,Retargeting
2024-02-21,Holiday Gift Guide,Google Ads,5996,363,6.054,314,81,53,24,0.4003,3239.65,276.45,1071.88,UAE,Desktop,35-44,Female,Consideration
2024-02-21,Clearance Blowout,LinkedIn Ads,21996,691,3.1415,576,135,81,37,0.1682,14348.49,1358.34,956.33,India,Mobile,25-34,Male,Conversion
2024-02-21,Cart Abandonment Recovery,Organic Search,12141,765,6.301,736,342,244,90,0.7413,13065.61,59.36,21910.8,UAE,Mobile,25-34,Female,Retargeting
2024-02-22,Referral Bonanza,Google Ads,15189,834,5.4908,806,242,134,51,0.3358,3744.7,621.68,502.35,Germany,Desktop,25-34,Male,Loyalty
2024-02-22,Brand Awareness Drive,Google Ads,14593,636,4.3583,576,178,100,40,0.2741,8766.89,865.84,912.53,India,Mobile,25-34,Female,Awareness
2024-02-23,Mid-Season Sale,TikTok Ads,12922,587,4.5426,485,93,46,23,0.178,839.47,244.5,243.34,Singapore,Desktop,18-24,Female,Consideration
2024-02-23,Customer Win-Back,Affiliate,31970,1221,3.8192,1101,315,149,40,0.1251,3168.24,937.45,237.96,UAE,Desktop,55+,Male,Retargeting
2024-02-23,Festive Mega Offer,Affiliate,13651,493,3.6115,403,113,70,23,0.1685,3415.06,295.7,1054.91,South Africa,Mobile,25-34,Male,Awareness
2024-02-25,Product Launch Q3,Email Marketing,24873,2226,8.9495,1919,702,435,228,0.9167,54219.98,203.55,26537.18,Australia,Mobile,35-44,Male,Conversion
2024-02-25,Free Trial Signup,Instagram Ads,20674,969,4.687,799,218,117,37,0.179,5609.94,544.06,931.13,United States,Desktop,18-24,Female,Consideration
2024-02-25,Influencer Collab,Facebook Ads,26320,1413,5.3685,1195,300,124,36,0.1368,4659.69,751.56,520.0,Singapore,Desktop,25-34,Male,Awareness
2024-02-26,Product Launch Q1,Organic Search,16981,940,5.5356,770,298,213,96,0.5653,16108.38,37.97,42323.97,India,Mobile,25-34,Male,Consideration
2024-02-26,Product Launch Q3,Instagram Ads,17431,806,4.6239,691,158,71,24,0.1377,1988.94,786.9,152.76,Canada,Desktop,18-24,Male,Awareness
2024-02-26,Referral Bonanza,TikTok Ads,15336,834,5.4382,658,101,45,10,0.0652,959.99,484.63,98.09,United States,Mobile,45-54,Female,Conversion
2024-02-26,Back to School,TikTok Ads,33427,1703,5.0947,1330,251,121,31,0.0927,4299.59,911.34,371.79,Australia,Desktop,45-54,Female,Awareness
2024-02-26,Holiday Gift Guide,Email Marketing,17376,1507,8.6729,1491,535,310,115,0.6618,26236.0,125.92,20735.45,UAE,Desktop,55+,Female,Conversion
2024-02-26,Mid-Season Sale,Instagram Ads,19776,666,3.3677,518,153,76,18,0.091,3165.76,405.15,681.38,Canada,Mobile,55+,Female,Consideration
2024-02-26,Product Launch Q3,Referral,20091,1878,9.3475,1619,860,491,310,1.543,91614.87,118.46,77238.23,United Kingdom,Mobile,45-54,Female,Conversion
2024-02-27,Brand Awareness Drive,YouTube Ads,16550,516,3.1178,418,96,38,10,0.0604,689.86,641.05,7.61,United Kingdom,Desktop,45-54,Male,Loyalty
2024-02-27,Mid-Season Sale,TikTok Ads,14964,766,5.119,633,100,32,3,0.02,260.56,439.3,-40.69,India,Mobile,35-44,Female,Awareness
2024-02-27,App Install Campaign,Email Marketing,26826,1987,7.407,1610,719,461,213,0.794,30046.15,140.47,21289.73,United States,Mobile,35-44,Female,Retargeting
2024-02-27,Summer Sale Blast,Email Marketing,13498,1061,7.8604,1050,464,316,153,1.1335,33315.81,167.98,19733.2,Canada,Desktop,25-34,Male,Consideration
2024-02-28,Back to School,YouTube Ads,23661,647,2.7345,511,112,59,19,0.0803,2408.79,408.55,489.59,Australia,Desktop,35-44,Male,Consideration
2024-02-28,Free Trial Signup,LinkedIn Ads,26790,738,2.7548,630,267,138,74,0.2762,11537.16,1260.69,815.15,India,Desktop,25-34,Other,Awareness
2024-02-28,Back to School,YouTube Ads,24667,454,1.8405,340,94,46,9,0.0365,861.99,426.33,102.19,Australia,Mobile,45-54,Male,Awareness
2024-02-28,Brand Awareness Drive,Organic Search,10535,572,5.4295,558,195,100,38,0.3607,4236.7,44.07,9513.57,India,Desktop,25-34,Female,Consideration
2024-02-28,Lead Gen Webinar,Instagram Ads,19220,815,4.2404,699,216,117,40,0.2081,3088.75,403.82,664.88,United States,Tablet,45-54,Female,Conversion
2024-02-28,Summer Sale Blast,Email Marketing,14529,909,6.2565,883,400,232,116,0.7984,14177.63,177.02,7909.06,United States,Mobile,45-54,Female,Awareness
2024-02-28,Product Launch Q1,Instagram Ads,15379,532,3.4593,417,109,66,19,0.1235,2622.17,240.74,989.21,India,Mobile,18-24,Female,Loyalty
2024-02-29,Festive Mega Offer,Facebook Ads,16333,985,6.0307,902,313,112,30,0.1837,2103.57,688.22,205.65,India,Desktop,25-34,Male,Consideration
2024-02-29,Influencer Collab,TikTok Ads,19256,948,4.9231,660,175,90,26,0.135,1766.77,265.96,564.3,Canada,Mobile,25-34,Male,Awareness
2024-03-01,App Install Campaign,Organic Search,13413,642,4.7864,630,250,142,55,0.41,9662.4,93.23,10264.05,Canada,Desktop,35-44,Female,Consideration
2024-03-01,Product Launch Q1,TikTok Ads,13488,675,5.0044,537,123,68,10,0.0741,478.83,451.65,6.02,United States,Desktop,25-34,Male,Loyalty
2024-03-02,Product Launch Q1,Google Ads,16206,916,5.6522,859,312,175,58,0.3579,11446.77,1179.03,870.86,Canada,Mobile,25-34,Female,Consideration
2024-03-02,Free Trial Signup,Instagram Ads,28121,1076,3.8263,883,169,93,20,0.0711,3495.0,922.68,278.79,South Africa,Desktop,18-24,Male,Loyalty
2024-03-02,Festive Mega Offer,Affiliate,32618,1658,5.0831,1289,249,108,47,0.1441,3733.71,837.29,345.93,Canada,Mobile,25-34,Male,Retargeting
2024-03-03,Clearance Blowout,Organic Search,36716,1846,5.0278,1682,774,374,183,0.4984,18119.07,97.08,18564.06,Canada,Mobile,25-34,Female,Awareness
2024-03-03,App Install Campaign,Organic Search,19756,1084,5.4869,962,349,201,112,0.5669,21065.63,127.79,16384.57,India,Tablet,35-44,Other,Conversion
2024-03-03,Back to School,Instagram Ads,24711,829,3.3548,679,136,46,11,0.0445,1234.34,531.3,132.32,Singapore,Mobile,25-34,Male,Retargeting
2024-03-03,Summer Sale Blast,Facebook Ads,21915,735,3.3539,648,172,77,19,0.0867,2450.76,608.14,302.99,United States,Mobile,35-44,Female,Awareness
2024-03-04,Anniversary Sale,Referral,25560,1776,6.9484,1592,920,592,282,1.1033,57559.66,96.77,59380.89,Singapore,Mobile,45-54,Male,Consideration
2024-03-04,Clearance Blowout,YouTube Ads,21345,814,3.8135,545,53,22,5,0.0234,783.03,897.06,-12.71,United States,Mobile,55+,Female,Consideration
2024-03-04,Product Launch Q1,Organic Search,15232,907,5.9546,838,334,239,111,0.7287,9317.45,62.31,14853.38,United Kingdom,Mobile,18-24,Male,Loyalty
2024-03-05,Customer Win-Back,TikTok Ads,26955,1355,5.0269,954,219,118,39,0.1447,1412.95,638.68,121.23,Singapore,Mobile,35-44,Male,Consideration
2024-03-05,Product Launch Q3,LinkedIn Ads,16181,450,2.781,369,121,94,47,0.2905,15752.74,1147.41,1272.9,United States,Mobile,35-44,Female,Conversion
2024-03-05,New Year Kickoff,Organic Search,35084,2046,5.8317,1921,915,363,136,0.3876,14436.19,61.29,23453.91,United States,Tablet,35-44,Male,Retargeting
2024-03-05,Product Launch Q3,Email Marketing,26120,2413,9.2381,2175,860,564,190,0.7274,19053.86,156.37,12085.11,India,Mobile,25-34,Male,Consideration
2024-03-06,Anniversary Sale,YouTube Ads,24177,594,2.4569,505,83,44,14,0.0579,1818.69,360.99,403.81,India,Desktop,35-44,Male,Consideration
2024-03-06,Influencer Collab,YouTube Ads,10254,385,3.7546,322,57,29,8,0.078,818.44,365.91,123.67,United Kingdom,Mobile,35-44,Male,Awareness
2024-03-06,Free Trial Signup,Google Ads,20089,1214,6.0431,1050,324,183,69,0.3435,5307.36,1347.93,293.74,UAE,Mobile,25-34,Female,Conversion
2024-03-06,Anniversary Sale,TikTok Ads,20425,1130,5.5324,894,161,78,24,0.1175,1154.55,645.51,78.86,India,Mobile,18-24,Female,Consideration
2024-03-08,Referral Bonanza,Google Ads,11263,628,5.5758,508,171,77,32,0.2841,3042.97,597.73,409.09,India,Mobile,25-34,Female,Conversion
2024-03-08,Back to School,LinkedIn Ads,18448,465,2.5206,394,130,83,49,0.2656,22063.45,1093.12,1918.39,Germany,Desktop,18-24,Female,Retargeting
2024-03-08,Free Trial Signup,LinkedIn Ads,7966,194,2.4354,170,56,34,16,0.2009,2479.66,493.25,402.72,United States,Mobile,18-24,Female,Retargeting
2024-03-08,Referral Bonanza,YouTube Ads,18122,568,3.1343,475,100,46,15,0.0828,1693.27,352.57,380.26,Australia,Desktop,25-34,Male,Consideration
2024-03-08,App Install Campaign,LinkedIn Ads,21404,587,2.7425,574,207,146,71,0.3317,27202.57,1909.05,1324.93,UAE,Mobile,55+,Male,Awareness
2024-03-08,Mid-Season Sale,TikTok Ads,15225,653,4.289,551,102,38,12,0.0788,629.33,367.1,71.43,United States,Desktop,18-24,Female,Retargeting
2024-03-09,Free Trial Signup,LinkedIn Ads,24093,741,3.0756,635,188,124,39,0.1619,18935.28,2230.33,748.99,United Kingdom,Mobile,45-54,Female,Retargeting
2024-03-09,Product Launch Q1,Organic Search,24035,1586,6.5987,1364,553,366,165,0.6865,13065.67,33.16,39301.9,United States,Desktop,55+,Male,Loyalty
2024-03-09,Lead Gen Webinar,LinkedIn Ads,25553,423,1.6554,347,86,57,26,0.1017,6910.7,1080.13,539.8,India,Mobile,25-34,Male,Conversion
2024-03-09,Holiday Gift Guide,Instagram Ads,29085,1187,4.0811,984,273,139,55,0.1891,7256.1,1028.02,605.83,UAE,Mobile,55+,Other,Retargeting
2024-03-10,Anniversary Sale,Referral,11169,928,8.3087,886,371,187,71,0.6357,17356.54,80.62,21428.83,Germany,Desktop,35-44,Male,Conversion
2024-03-10,Lead Gen Webinar,TikTok Ads,31204,1440,4.6148,1109,208,88,11,0.0353,1543.69,672.82,129.44,United Kingdom,Desktop,35-44,Female,Consideration
2024-03-10,Free Trial Signup,TikTok Ads,32903,1699,5.1637,1443,111,56,11,0.0334,509.9,458.22,11.28,India,Desktop,18-24,Female,Awareness
2024-03-10,Clearance Blowout,Google Ads,12695,567,4.4663,527,119,60,19,0.1497,4595.15,606.23,657.99,United Kingdom,Mobile,45-54,Male,Conversion
2024-03-11,Holiday Gift Guide,TikTok Ads,17407,980,5.6299,749,176,85,21,0.1206,1221.17,493.28,147.56,Germany,Mobile,35-44,Male,Awareness
2024-03-11,New Year Kickoff,Instagram Ads,20002,762,3.8096,645,107,49,18,0.09,1913.15,502.17,280.98,India,Tablet,18-24,Male,Consideration
2024-03-11,Referral Bonanza,Affiliate,18430,885,4.802,685,187,105,33,0.1791,1844.1,653.96,181.99,United States,Mobile,45-54,Male,Consideration
2024-03-11,Back to School,LinkedIn Ads,20783,501,2.4106,440,94,63,35,0.1684,15680.99,1156.94,1255.38,UAE,Mobile,25-34,Other,Conversion
2024-03-12,Free Trial Signup,Organic Search,14895,1106,7.4253,1081,376,211,67,0.4498,7944.56,79.49,9894.41,India,Desktop,45-54,Female,Awareness
2024-03-12,Product Launch Q3,YouTube Ads,15092,433,2.8691,332,67,36,14,0.0928,1855.92,408.84,353.95,Germany,Desktop,45-54,Female,Conversion
2024-03-12,Back to School,Facebook Ads,16400,683,4.1646,559,217,157,45,0.2744,3100.18,565.86,447.87,Canada,Mobile,25-34,Male,Consideration
2024-03-12,Mid-Season Sale,LinkedIn Ads,13141,378,2.8765,317,102,74,38,0.2892,13991.59,908.32,1440.38,Canada,Desktop,25-34,Female,Awareness
2024-03-13,Lead Gen Webinar,Facebook Ads,23108,943,4.0808,776,244,123,27,0.1168,3713.14,747.82,396.53,India,Desktop,55+,Male,Conversion
2024-03-13,Cart Abandonment Recovery,Facebook Ads,18687,960,5.1373,816,292,169,83,0.4442,14695.51,410.86,3476.77,UAE,Desktop,45-54,Male,Conversion
2024-03-13,App Install Campaign,LinkedIn Ads,10776,311,2.886,283,82,60,23,0.2134,3622.05,850.56,325.84,Germany,Mobile,25-34,Female,Retargeting
2024-03-14,Summer Sale Blast,Google Ads,9956,587,5.8959,571,228,146,50,0.5022,3671.57,683.41,437.24,Germany,Desktop,25-34,Female,Awareness
2024-03-14,Customer Win-Back,YouTube Ads,17935,675,3.7636,528,174,71,17,0.0948,2083.23,845.07,146.52,United States,Mobile,18-24,Female,Retargeting
2024-03-14,Product Launch Q1,Facebook Ads,12258,567,4.6256,425,110,67,21,0.1713,2874.59,280.26,925.69,United Kingdom,Mobile,35-44,Female,Consideration
2024-03-14,App Install Campaign,TikTok Ads,19564,887,4.5338,744,130,52,10,0.0511,1464.44,261.08,460.92,Australia,Desktop,55+,Male,Retargeting
2024-03-15,Holiday Gift Guide,Email Marketing,8375,592,7.0687,555,193,89,32,0.3821,3864.18,134.61,2770.65,India,Mobile,18-24,Male,Retargeting
2024-03-15,Brand Awareness Drive,TikTok Ads,24286,1280,5.2705,1051,155,62,22,0.0906,1741.4,624.93,178.66,United Kingdom,Desktop,18-24,Female,Conversion
2024-03-15,Influencer Collab,Organic Search,29871,1549,5.1856,1319,470,280,97,0.3247,9836.1,128.59,7549.2,India,Mobile,25-34,Other,Awareness
2024-03-15,Holiday Gift Guide,Referral,23169,1790,7.7258,1537,745,539,258,1.1136,61798.91,99.96,61723.64,Brazil,Mobile,55+,Female,Conversion
2024-03-16,Anniversary Sale,Facebook Ads,21244,788,3.7093,689,219,119,46,0.2165,9558.23,773.02,1136.48,India,Mobile,35-44,Female,Loyalty
2024-03-16,Flash Weekend Deal,LinkedIn Ads,15760,474,3.0076,389,130,94,50,0.3173,13681.21,947.87,1343.36,United States,Mobile,18-24,Male,Awareness
2024-03-16,Influencer Collab,Organic Search,23142,1420,6.136,1268,451,144,45,0.1945,4024.99,71.81,5505.06,India,Mobile,18-24,Male,Retargeting
2024-03-17,New Year Kickoff,Organic Search,22786,1459,6.4031,1382,635,295,155,0.6802,30165.89,108.43,27720.61,India,Desktop,25-34,Female,Conversion
2024-03-17,Clearance Blowout,YouTube Ads,13123,475,3.6196,377,115,76,32,0.2438,2884.89,293.79,881.96,United States,Mobile,35-44,Female,Conversion
2024-03-17,Influencer Collab,Google Ads,29893,1407,4.7068,1299,500,317,110,0.368,16029.24,1583.95,911.98,India,Desktop,25-34,Female,Retargeting
2024-03-17,App Install Campaign,YouTube Ads,26507,930,3.5085,767,122,53,18,0.0679,1921.22,830.25,131.4,Singapore,Mobile,55+,Female,Retargeting
2024-03-17,Cart Abandonment Recovery,YouTube Ads,24907,803,3.224,653,139,69,23,0.0923,3017.03,551.61,446.95,UAE,Desktop,25-34,Male,Awareness
2024-03-18,Flash Weekend Deal,Email Marketing,24250,1516,6.2515,1445,481,316,93,0.3835,21756.05,165.75,13025.82,United Kingdom,Mobile,35-44,Female,Conversion
2024-03-19,Customer Win-Back,LinkedIn Ads,17210,615,3.5735,526,220,166,73,0.4242,16646.36,1084.87,1434.41,United States,Mobile,35-44,Male,Awareness
2024-03-19,App Install Campaign,Organic Search,15194,850,5.5943,763,289,165,96,0.6318,15594.99,134.98,11453.56,India,Mobile,35-44,Female,Awareness
2024-03-19,App Install Campaign,Instagram Ads,17530,562,3.2059,493,159,84,18,0.1027,2046.7,436.44,368.95,Singapore,Mobile,18-24,Male,Awareness
2024-03-19,Influencer Collab,Organic Search,16764,842,5.0227,774,353,210,106,0.6323,23114.85,29.01,79578.9,United Kingdom,Desktop,45-54,Female,Consideration
2024-03-19,Clearance Blowout,Facebook Ads,21222,962,4.533,817,196,97,26,0.1225,2145.74,817.53,162.47,Brazil,Tablet,45-54,Other,Awareness
2024-03-19,Back to School,Google Ads,15870,739,4.6566,681,195,108,52,0.3277,11393.3,702.55,1521.71,United States,Mobile,18-24,Female,Awareness
2024-03-19,Flash Weekend Deal,Email Marketing,16730,903,5.3975,831,339,237,71,0.4244,6851.78,169.1,3951.91,United States,Mobile,35-44,Female,Retargeting
2024-03-19,New Year Kickoff,Organic Search,14589,731,5.0106,723,278,200,76,0.5209,17471.34,116.76,14863.46,India,Desktop,25-34,Female,Consideration
2024-03-19,Influencer Collab,Email Marketing,15859,1310,8.2603,1134,398,227,121,0.763,19562.54,96.03,20271.28,United States,Mobile,35-44,Female,Awareness
2024-03-20,Influencer Collab,Facebook Ads,17867,756,4.2313,669,202,105,44,0.2463,7782.2,422.41,1742.33,United States,Mobile,18-24,Male,Consideration
2024-03-20,Brand Awareness Drive,Affiliate,17200,654,3.8023,505,146,77,30,0.1744,1652.54,326.09,406.77,India,Mobile,18-24,Female,Consideration
2024-03-21,Product Launch Q1,LinkedIn Ads,20047,687,3.4269,607,225,200,99,0.4938,42297.42,2113.17,1901.61,Canada,Desktop,45-54,Male,Awareness
2024-03-21,Influencer Collab,Affiliate,10723,241,2.2475,202,67,29,14,0.1306,1567.32,212.29,638.29,United States,Mobile,25-34,Male,Conversion
2024-03-22,Summer Sale Blast,Facebook Ads,13940,814,5.8393,655,213,137,67,0.4806,7432.6,695.81,968.19,UAE,Mobile,35-44,Female,Consideration
2024-03-22,Anniversary Sale,Email Marketing,21506,1506,7.0027,1306,478,327,134,0.6231,10326.48,164.63,6172.54,United States,Mobile,35-44,Female,Awareness
2024-03-22,Summer Sale Blast,Affiliate,27347,841,3.0753,656,199,106,30,0.1097,3490.71,414.41,742.33,United States,Mobile,25-34,Male,Conversion
2024-03-22,New Year Kickoff,Instagram Ads,11047,365,3.3041,286,91,43,18,0.1629,2418.31,365.43,561.77,Canada,Mobile,25-34,Male,Awareness
2024-03-24,Cart Abandonment Recovery,YouTube Ads,16303,486,2.981,400,93,45,11,0.0675,1311.69,549.93,138.52,India,Mobile,55+,Male,Awareness
2024-03-24,Free Trial Signup,Instagram Ads,25342,890,3.512,757,153,72,23,0.0908,3964.4,750.04,428.56,India,Mobile,25-34,Female,Retargeting
2024-03-24,Product Launch Q3,Email Marketing,28577,1892,6.6207,1766,750,521,184,0.6439,16853.76,117.57,14235.09,India,Mobile,35-44,Male,Consideration
2024-03-24,New Year Kickoff,TikTok Ads,25235,1361,5.3933,1119,355,128,29,0.1149,4211.86,617.23,582.38,Canada,Mobile,35-44,Female,Awareness
2024-03-25,New Year Kickoff,Google Ads,23034,1076,4.6714,949,289,171,30,0.1302,2100.38,1616.8,29.91,United States,Desktop,18-24,Female,Awareness
2024-03-25,Festive Mega Offer,LinkedIn Ads,12225,277,2.2658,262,87,64,26,0.2127,11304.02,623.66,1712.53,United Kingdom,Mobile,35-44,Male,Conversion
2024-03-25,Mid-Season Sale,Organic Search,19596,814,4.1539,747,321,181,56,0.2858,9077.98,65.31,13799.83,India,Mobile,35-44,Female,Consideration
2024-03-25,Flash Weekend Deal,Instagram Ads,18039,610,3.3816,526,135,83,32,0.1774,2241.73,485.13,362.09,Brazil,Desktop,35-44,Female,Conversion
2024-03-26,Influencer Collab,YouTube Ads,17254,601,3.4833,489,96,48,18,0.1043,2365.85,693.51,241.14,UAE,Mobile,35-44,Female,Loyalty
2024-03-26,Loyalty Rewards Push,Instagram Ads,25974,924,3.5574,780,207,110,45,0.1733,6139.11,397.7,1443.65,United States,Mobile,55+,Male,Awareness
2024-03-26,Mid-Season Sale,Organic Search,23811,1111,4.6659,1099,318,212,75,0.315,15935.76,130.3,12130.05,United States,Mobile,55+,Male,Awareness
2024-03-26,App Install Campaign,TikTok Ads,23696,1325,5.5917,1029,164,100,28,0.1182,3073.54,551.18,457.63,Australia,Mobile,18-24,Male,Awareness
2024-03-26,Clearance Blowout,YouTube Ads,8656,323,3.7315,232,46,24,9,0.104,1121.22,275.83,306.49,United Kingdom,Desktop,18-24,Female,Awareness
2024-03-26,Customer Win-Back,Affiliate,23153,694,2.9975,577,166,88,46,0.1987,2964.73,423.95,599.31,UAE,Mobile,18-24,Male,Consideration
2024-03-27,Mid-Season Sale,Referral,15791,1091,6.909,943,492,325,242,1.5325,23700.47,48.67,48596.26,United States,Mobile,35-44,Female,Conversion
2024-03-28,Product Launch Q1,Affiliate,25569,1029,4.0244,840,252,135,51,0.1995,6971.89,470.91,1380.51,United Kingdom,Mobile,35-44,Male,Consideration
2024-03-28,Mid-Season Sale,TikTok Ads,25609,1731,6.7593,1406,251,119,23,0.0898,3379.55,945.17,257.56,United Kingdom,Mobile,35-44,Male,Awareness
2024-03-29,Anniversary Sale,Google Ads,19583,948,4.8409,820,191,138,60,0.3064,6847.36,979.85,598.82,India,Desktop,35-44,Female,Consideration
2024-03-29,App Install Campaign,Email Marketing,26788,2300,8.5859,2217,795,445,156,0.5824,33627.65,93.85,35731.27,United Kingdom,Mobile,25-34,Male,Consideration
2024-03-29,Lead Gen Webinar,Facebook Ads,20383,845,4.1456,669,203,126,27,0.1325,5314.61,531.13,900.62,India,Tablet,18-24,Male,Consideration
2024-03-29,Loyalty Rewards Push,Organic Search,12414,695,5.5985,648,253,147,45,0.3625,3561.46,43.87,8018.21,United States,Mobile,18-24,Female,Conversion
2024-03-29,Holiday Gift Guide,Referral,8116,546,6.7275,534,237,207,74,0.9118,12496.73,21.97,56780.88,India,Mobile,45-54,Male,Retargeting
2024-03-30,Free Trial Signup,TikTok Ads,32513,1527,4.6966,1165,219,87,10,0.0308,763.93,831.59,-8.14,India,Desktop,18-24,Other,Awareness
2024-03-30,Clearance Blowout,Google Ads,26102,1191,4.5629,994,446,231,51,0.1954,9684.84,1196.96,709.12,India,Desktop,18-24,Female,Consideration
2024-03-30,Mid-Season Sale,Google Ads,28454,2053,7.2152,1908,657,354,135,0.4744,11512.91,1244.39,825.19,Singapore,Mobile,35-44,Female,Loyalty
2024-03-30,Product Launch Q3,Referral,37341,2267,6.0711,1985,857,614,289,0.7739,38291.71,116.59,32743.05,Brazil,Mobile,25-34,Female,Conversion
2024-03-30,Product Launch Q1,Instagram Ads,25416,1078,4.2414,844,86,50,11,0.0433,2060.34,710.36,190.04,India,Desktop,45-54,Female,Awareness
2024-03-30,App Install Campaign,Instagram Ads,22248,950,4.27,788,147,71,22,0.0989,1760.78,388.6,353.11,India,Mobile,45-54,Female,Awareness
2024-03-31,Product Launch Q3,TikTok Ads,7546,347,4.5985,269,53,19,2,0.0265,78.49,322.13,-75.63,Germany,Desktop,55+,Female,Loyalty
2024-03-31,Back to School,Google Ads,9893,632,6.3884,599,267,163,70,0.7076,16535.89,868.6,1803.74,Canada,Mobile,45-54,Male,Awareness
2024-03-31,Free Trial Signup,Affiliate,15710,829,5.2769,718,166,86,24,0.1528,3071.46,578.1,431.3,India,Mobile,35-44,Female,Retargeting
2024-04-01,Free Trial Signup,Affiliate,14104,619,4.3888,514,113,52,18,0.1276,2797.66,472.51,492.08,UAE,Desktop,35-44,Female,Conversion
2024-04-01,Product Launch Q1,TikTok Ads,26169,1319,5.0403,1073,256,91,29,0.1108,3890.05,780.42,398.46,United States,Tablet,25-34,Male,Conversion
2024-04-01,Summer Sale Blast,LinkedIn Ads,21680,571,2.6338,465,170,131,61,0.2814,15051.93,1180.47,1175.08,Canada,Desktop,45-54,Female,Retargeting
2024-04-01,App Install Campaign,LinkedIn Ads,8061,268,3.3246,251,47,29,11,0.1365,3622.33,806.2,349.31,India,Desktop,18-24,Male,Retargeting
2024-04-01,Brand Awareness Drive,YouTube Ads,18954,670,3.5349,519,157,76,23,0.1213,2148.7,557.91,285.13,Australia,Desktop,25-34,Female,Conversion
2024-04-02,Product Launch Q3,Email Marketing,18679,1558,8.3409,1353,696,421,222,1.1885,46525.13,227.98,20307.55,United States,Mobile,18-24,Male,Retargeting
2024-04-02,Influencer Collab,TikTok Ads,20290,1006,4.9581,697,94,43,9,0.0444,777.65,544.48,42.82,United States,Desktop,55+,Male,Consideration
2024-04-02,App Install Campaign,Facebook Ads,17165,825,4.8063,737,252,140,35,0.2039,3127.65,726.42,330.56,United Kingdom,Mobile,25-34,Female,Loyalty
2024-04-02,Flash Weekend Deal,Instagram Ads,18889,777,4.1135,671,208,125,38,0.2012,2335.3,716.86,225.77,United Kingdom,Mobile,25-34,Male,Retargeting
2024-04-02,Flash Weekend Deal,Affiliate,25993,1166,4.4858,966,266,130,30,0.1154,4208.14,623.91,574.48,Brazil,Mobile,18-24,Male,Conversion
2024-04-02,New Year Kickoff,Email Marketing,17032,986,5.7891,896,383,237,89,0.5225,8753.48,76.18,11390.52,United Kingdom,Mobile,45-54,Male,Retargeting
2024-04-02,App Install Campaign,TikTok Ads,25044,1358,5.4225,976,220,105,26,0.1038,1771.64,375.77,371.47,United Kingdom,Mobile,35-44,Female,Awareness
2024-04-03,Mid-Season Sale,Affiliate,26032,1162,4.4637,1053,378,239,47,0.1805,2770.27,549.14,404.47,United States,Desktop,25-34,Male,Awareness
2024-04-03,Mid-Season Sale,Affiliate,16601,543,3.2709,413,112,46,18,0.1084,1702.41,418.74,306.56,Canada,Mobile,25-34,Male,Awareness
2024-04-03,Mid-Season Sale,LinkedIn Ads,11137,292,2.6219,270,100,64,26,0.2335,4640.79,906.66,411.86,Canada,Tablet,35-44,Male,Retargeting
2024-04-04,Holiday Gift Guide,TikTok Ads,10413,586,5.6276,437,78,27,8,0.0768,717.58,278.1,158.03,United States,Desktop,18-24,Female,Awareness
2024-04-04,App Install Campaign,Facebook Ads,11551,416,3.6014,366,102,55,19,0.1645,1947.12,276.07,605.3,United Kingdom,Mobile,18-24,Female,Awareness
2024-04-05,Referral Bonanza,Referral,15387,1043,6.7784,871,382,321,137,0.8904,17284.16,121.73,14098.77,Australia,Mobile,45-54,Female,Awareness
2024-04-05,App Install Campaign,Referral,18615,1272,6.8332,1137,515,395,232,1.2463,40943.93,108.38,37678.12,United States,Desktop,25-34,Male,Consideration
2024-04-05,Product Launch Q3,Instagram Ads,16732,557,3.329,442,85,50,9,0.0538,1482.88,483.0,207.01,United States,Desktop,25-34,Female,Conversion
2024-04-05,Anniversary Sale,Organic Search,15997,616,3.8507,510,218,126,56,0.3501,4812.78,54.22,8776.39,Brazil,Mobile,18-24,Female,Consideration
2024-04-05,Summer Sale Blast,YouTube Ads,19021,757,3.9798,591,140,52,10,0.0526,1405.56,674.39,108.42,India,Mobile,25-34,Male,Consideration
2024-04-05,Customer Win-Back,Referral,16146,861,5.3326,810,392,243,115,0.7123,15840.87,113.36,13873.95,India,Desktop,35-44,Female,Retargeting
2024-04-05,Holiday Gift Guide,Organic Search,14051,737,5.2452,643,199,107,50,0.3558,9705.93,76.4,12604.1,UAE,Mobile,25-34,Female,Awareness
2024-04-06,Product Launch Q3,Instagram Ads,24484,1150,4.6969,946,161,69,16,0.0653,2327.41,690.95,236.84,Brazil,Desktop,55+,Female,Consideration
2024-04-06,Influencer Collab,Organic Search,27312,1563,5.7228,1457,524,271,83,0.3039,18610.18,143.39,12878.72,India,Mobile,35-44,Male,Awareness
2024-04-07,Referral Bonanza,Affiliate,15788,748,4.7378,668,191,78,27,0.171,1303.94,502.64,159.42,Australia,Mobile,25-34,Female,Consideration
2024-04-07,Lead Gen Webinar,TikTok Ads,20947,1190,5.681,1012,229,105,11,0.0525,1526.51,408.21,273.95,Canada,Desktop,25-34,Other,Retargeting
2024-04-07,Festive Mega Offer,Google Ads,18716,959,5.124,855,262,153,74,0.3954,16084.66,1308.33,1129.4,India,Mobile,18-24,Female,Loyalty
2024-04-07,Clearance Blowout,Affiliate,20122,1005,4.9945,816,184,92,28,0.1392,3268.51,722.26,352.54,India,Desktop,18-24,Female,Consideration
2024-04-08,Free Trial Signup,Google Ads,27576,1863,6.7559,1616,680,381,124,0.4497,14603.98,1609.01,807.64,Canada,Mobile,35-44,Female,Awareness
2024-04-09,App Install Campaign,Facebook Ads,23370,1096,4.6898,994,352,202,66,0.2824,10635.19,758.12,1302.84,India,Mobile,25-34,Male,Conversion
2024-04-09,Influencer Collab,Organic Search,18396,767,4.1694,704,335,170,62,0.337,13271.25,71.26,18523.7,United States,Desktop,35-44,Female,Loyalty
2024-04-09,Lead Gen Webinar,Email Marketing,13603,1121,8.2408,1109,493,347,172,1.2644,32451.66,152.36,21199.33,Singapore,Desktop,18-24,Male,Awareness
2024-04-09,Lead Gen Webinar,Facebook Ads,29426,1818,6.1782,1466,243,110,34,0.1155,4024.17,1570.22,156.28,India,Desktop,18-24,Male,Consideration
2024-04-10,Anniversary Sale,Referral,16705,1037,6.2077,960,367,303,173,1.0356,34638.65,36.87,93848.06,India,Mobile,25-34,Male,Loyalty
2024-04-10,Festive Mega Offer,Facebook Ads,23662,1054,4.4544,915,171,93,14,0.0592,2087.85,442.11,372.25,India,Mobile,25-34,Male,Awareness
2024-04-12,Summer Sale Blast,YouTube Ads,22750,686,3.0154,526,168,93,31,0.1363,5622.5,440.6,1176.1,Singapore,Mobile,45-54,Male,Loyalty
2024-04-12,Brand Awareness Drive,LinkedIn Ads,12199,328,2.6887,281,93,45,18,0.1476,6706.28,814.72,723.14,UAE,Mobile,25-34,Male,Retargeting
2024-04-12,Anniversary Sale,LinkedIn Ads,8878,283,3.1877,252,85,55,20,0.2253,7384.37,814.56,806.55,United States,Desktop,18-24,Female,Consideration
2024-04-12,Lead Gen Webinar,YouTube Ads,19674,747,3.7969,575,108,46,9,0.0457,1111.19,582.52,90.76,United Kingdom,Mobile,18-24,Male,Conversion
2024-04-12,Flash Weekend Deal,Organic Search,12641,890,7.0406,809,236,148,43,0.3402,2869.12,58.14,4834.85,India,Mobile,35-44,Female,Conversion
2024-04-12,Customer Win-Back,Facebook Ads,24855,1207,4.8562,1078,359,190,65,0.2615,5015.83,994.99,404.11,United Kingdom,Mobile,25-34,Male,Awareness
2024-04-13,Festive Mega Offer,TikTok Ads,17543,890,5.0732,717,121,48,15,0.0855,1086.74,400.19,171.56,United States,Mobile,35-44,Other,Retargeting
2024-04-13,Brand Awareness Drive,Affiliate,26567,1332,5.0137,1029,375,161,59,0.2221,9916.73,800.93,1138.15,India,Mobile,25-34,Male,Consideration
2024-04-13,Flash Weekend Deal,Google Ads,6727,419,6.2286,389,141,89,42,0.6243,9530.59,435.78,2087.02,South Africa,Mobile,25-34,Male,Consideration
2024-04-14,Mid-Season Sale,Email Marketing,23634,1481,6.2664,1293,578,441,201,0.8505,46196.92,175.72,26190.08,United States,Mobile,35-44,Male,Conversion
2024-04-14,Brand Awareness Drive,Facebook Ads,13575,574,4.2284,405,132,70,8,0.0589,1627.18,499.21,225.95,United States,Tablet,55+,Male,Consideration
2024-04-14,Free Trial Signup,Email Marketing,24106,1752,7.2679,1619,576,426,214,0.8877,23484.7,203.04,11466.54,South Africa,Mobile,25-34,Female,Conversion
2024-04-14,Festive Mega Offer,Affiliate,21767,782,3.5926,707,166,63,26,0.1194,4623.39,313.92,1372.79,Singapore,Mobile,18-24,Male,Consideration
2024-04-15,Brand Awareness Drive,TikTok Ads,10946,585,5.3444,474,63,27,7,0.064,560.01,253.02,121.33,United States,Desktop,35-44,Female,Conversion
2024-04-15,Back to School,Facebook Ads,19976,1032,5.1662,848,304,128,47,0.2353,3662.77,778.58,370.44,United States,Tablet,45-54,Female,Awareness
2024-04-15,Clearance Blowout,Facebook Ads,18003,738,4.0993,647,172,85,27,0.15,1740.63,564.13,208.55,Singapore,Mobile,45-54,Male,Awareness
2024-04-15,Customer Win-Back,Google Ads,7749,376,4.8522,331,137,73,36,0.4646,8940.03,598.24,1394.39,Canada,Mobile,18-24,Female,Consideration
2024-04-16,Influencer Collab,Affiliate,22457,936,4.168,765,198,127,40,0.1781,3065.9,403.26,660.28,India,Desktop,25-34,Female,Retargeting
2024-04-16,Free Trial Signup,Facebook Ads,26034,1167,4.4826,983,216,131,37,0.1421,5111.06,539.28,847.76,Australia,Mobile,18-24,Female,Conversion
2024-04-16,Product Launch Q1,LinkedIn Ads,16797,504,3.0005,449,154,109,46,0.2739,10036.19,864.06,1061.52,India,Desktop,18-24,Female,Conversion
2024-04-16,Product Launch Q3,Referral,8206,636,7.7504,579,225,190,76,0.9262,21370.92,51.68,41252.4,Canada,Mobile,25-34,Female,Consideration
2024-04-17,New Year Kickoff,LinkedIn Ads,23122,616,2.6641,556,128,67,30,0.1297,14310.69,1852.1,672.67,United Kingdom,Mobile,18-24,Female,Retargeting
2024-04-17,Lead Gen Webinar,Referral,27570,1294,4.6935,1145,582,472,223,0.8089,63100.62,82.09,76767.61,Canada,Desktop,18-24,Male,Awareness
2024-04-18,Loyalty Rewards Push,Organic Search,15119,835,5.5229,789,262,146,74,0.4895,11416.62,99.37,11389.0,Germany,Mobile,18-24,Male,Awareness
2024-04-18,Lead Gen Webinar,LinkedIn Ads,29048,986,3.3944,820,265,147,86,0.2961,41635.14,3011.57,1282.51,India,Mobile,18-24,Male,Awareness
2024-04-18,Mid-Season Sale,LinkedIn Ads,21766,582,2.6739,492,135,113,52,0.2389,8652.95,1022.09,746.59,India,Mobile,25-34,Female,Consideration
2024-04-19,Summer Sale Blast,Referral,16508,1048,6.3484,982,491,305,151,0.9147,39967.24,27.65,144446.98,United States,Tablet,55+,Female,Retargeting
2024-04-19,Loyalty Rewards Push,Organic Search,18155,1193,6.5712,1126,411,249,108,0.5949,21957.34,59.5,36803.09,India,Mobile,55+,Male,Awareness
2024-04-19,Free Trial Signup,TikTok Ads,11202,587,5.2401,481,52,28,7,0.0625,461.73,328.68,40.48,United Kingdom,Mobile,55+,Male,Awareness
2024-04-19,Cart Abandonment Recovery,Affiliate,13623,461,3.384,370,107,43,12,0.0881,1925.59,190.85,908.95,India,Desktop,18-24,Female,Conversion
2024-04-20,Loyalty Rewards Push,Facebook Ads,24594,1282,5.2127,982,340,204,50,0.2033,3730.79,1342.48,177.9,United States,Mobile,35-44,Male,Conversion
2024-04-20,Product Launch Q1,Organic Search,25076,1666,6.6438,1636,686,369,163,0.65,37354.86,113.37,32849.51,United States,Mobile,25-34,Male,Consideration
2024-04-21,Influencer Collab,Referral,23529,1360,5.7801,1141,465,319,169,0.7183,26440.32,36.78,71787.77,Canada,Mobile,25-34,Female,Awareness
2024-04-21,Product Launch Q1,YouTube Ads,18679,704,3.7689,533,106,46,16,0.0857,1121.72,679.12,65.17,Canada,Mobile,25-34,Female,Conversion
2024-04-22,App Install Campaign,Affiliate,16877,734,4.3491,554,167,78,21,0.1244,1853.24,533.08,247.65,United Kingdom,Desktop,25-34,Female,Awareness
2024-04-22,Festive Mega Offer,Email Marketing,22058,1795,8.1376,1548,660,403,172,0.7798,30257.26,108.85,27697.21,Germany,Desktop,18-24,Female,Consideration
2024-04-22,Product Launch Q1,Google Ads,17134,1222,7.132,937,332,230,85,0.4961,18678.53,933.79,1900.29,India,Desktop,35-44,Female,Conversion
2024-04-22,Back to School,LinkedIn Ads,14890,386,2.5923,327,121,98,44,0.2955,13045.78,666.99,1855.92,Germany,Desktop,35-44,Female,Conversion
2024-04-23,Back to School,TikTok Ads,18600,1053,5.6613,779,258,92,17,0.0914,1746.92,481.37,262.91,India,Desktop,18-24,Male,Awareness
2024-04-23,Anniversary Sale,YouTube Ads,12358,308,2.4923,262,47,17,3,0.0243,545.54,251.92,116.55,India,Desktop,35-44,Male,Consideration
2024-04-23,Holiday Gift Guide,Affiliate,14733,688,4.6698,587,68,37,14,0.095,1792.47,313.1,472.49,India,Desktop,45-54,Male,Awareness
2024-04-23,Mid-Season Sale,LinkedIn Ads,15787,477,3.0215,372,100,74,36,0.228,8274.4,1538.97,437.66,Australia,Desktop,35-44,Male,Consideration
2024-04-24,Anniversary Sale,Google Ads,26420,1744,6.6011,1639,445,267,118,0.4466,25727.52,2314.17,1011.74,United Kingdom,Desktop,35-44,Female,Conversion
2024-04-24,Summer Sale Blast,YouTube Ads,17077,590,3.4549,439,130,33,9,0.0527,860.79,539.64,59.51,Canada,Desktop,45-54,Female,Awareness
2024-04-24,Loyalty Rewards Push,Instagram Ads,19988,820,4.1025,632,114,66,25,0.1251,3632.25,753.08,382.32,India,Desktop,35-44,Male,Loyalty
2024-04-24,Cart Abandonment Recovery,Facebook Ads,13689,688,5.0259,616,201,140,44,0.3214,3734.02,539.97,591.52,United States,Desktop,18-24,Female,Conversion
2024-04-25,Free Trial Signup,Email Marketing,25486,1847,7.2471,1797,875,460,162,0.6356,37237.35,190.81,19415.41,United States,Desktop,35-44,Male,Conversion
2024-04-25,Product Launch Q1,Facebook Ads,10760,482,4.4796,392,129,62,19,0.1766,3018.31,430.49,601.13,India,Desktop,25-34,Female,Conversion
2024-04-25,Lead Gen Webinar,LinkedIn Ads,11112,296,2.6638,246,71,38,16,0.144,4483.28,483.9,826.49,India,Mobile,55+,Other,Consideration
2024-04-25,Holiday Gift Guide,Facebook Ads,26805,1054,3.9321,1029,330,192,59,0.2201,8936.68,982.94,809.18,UAE,Desktop,35-44,Female,Conversion
2024-04-26,Flash Weekend Deal,Facebook Ads,24570,1235,5.0265,1012,180,107,35,0.1425,3798.96,1131.19,235.84,UAE,Mobile,35-44,Male,Awareness
2024-04-26,Festive Mega Offer,Organic Search,19866,1156,5.819,1017,294,204,56,0.2819,8026.99,25.11,31867.3,UAE,Mobile,45-54,Female,Conversion
2024-04-26,Product Launch Q1,Google Ads,13300,793,5.9624,667,123,86,32,0.2406,5911.88,1084.36,445.2,United States,Mobile,55+,Female,Conversion
2024-04-27,Flash Weekend Deal,Google Ads,12730,779,6.1194,702,198,108,51,0.4006,10107.62,1037.64,874.1,Germany,Tablet,55+,Female,Consideration
2024-04-27,Clearance Blowout,Instagram Ads,24411,863,3.5353,741,231,145,37,0.1516,5920.22,682.16,767.86,India,Desktop,35-44,Female,Conversion
2024-04-27,Referral Bonanza,Google Ads,4384,202,4.6077,181,44,22,7,0.1597,714.33,304.05,134.94,United States,Desktop,18-24,Female,Consideration
2024-04-27,Festive Mega Offer,Referral,11940,929,7.7806,855,315,185,101,0.8459,14761.36,142.95,10226.24,United Kingdom,Tablet,25-34,Female,Conversion
2024-04-27,Cart Abandonment Recovery,Organic Search,24071,1623,6.7426,1456,431,273,119,0.4944,20722.92,119.67,17216.72,Canada,Mobile,25-34,Female,Retargeting
2024-04-28,Free Trial Signup,TikTok Ads,20533,823,4.0082,658,233,93,28,0.1364,2195.2,514.0,327.08,India,Mobile,25-34,Female,Retargeting
2024-04-28,Loyalty Rewards Push,Affiliate,13944,511,3.6647,416,96,36,8,0.0574,1138.11,350.88,224.36,United States,Desktop,35-44,Female,Conversion
2024-04-28,Product Launch Q1,Facebook Ads,24574,1208,4.9158,1041,166,96,25,0.1017,1781.32,1062.59,67.64,United States,Tablet,25-34,Female,Consideration
2024-04-29,Brand Awareness Drive,Affiliate,28288,1149,4.0618,978,316,150,20,0.0707,2762.72,791.23,249.17,UAE,Desktop,25-34,Female,Consideration
2024-04-30,Influencer Collab,Affiliate,7410,322,4.3455,253,85,39,11,0.1484,1968.92,177.2,1011.13,United States,Mobile,25-34,Male,Awareness
2024-04-30,New Year Kickoff,LinkedIn Ads,19263,650,3.3743,578,267,166,86,0.4465,13388.4,1368.77,878.13,Singapore,Mobile,45-54,Male,Conversion
2024-05-01,Influencer Collab,YouTube Ads,14557,623,4.2797,502,73,33,6,0.0412,643.32,608.18,5.78,Canada,Mobile,45-54,Female,Conversion
2024-05-01,Referral Bonanza,LinkedIn Ads,18882,487,2.5792,437,137,85,26,0.1377,7782.99,1508.56,415.92,Canada,Mobile,25-34,Male,Consideration
2024-05-01,Influencer Collab,Google Ads,11802,569,4.8212,551,168,87,31,0.2627,7960.11,641.92,1140.05,United States,Desktop,35-44,Female,Conversion
2024-05-01,Brand Awareness Drive,Google Ads,19211,1052,5.476,945,343,177,69,0.3592,8066.96,1571.17,413.44,United States,Mobile,55+,Female,Consideration
2024-05-02,Mid-Season Sale,Email Marketing,8157,581,7.1227,575,238,164,56,0.6865,6112.07,107.0,5612.21,Germany,Mobile,25-34,Female,Consideration
2024-05-02,New Year Kickoff,Affiliate,17031,623,3.658,498,111,65,16,0.0939,2727.13,407.11,569.88,United States,Desktop,35-44,Male,Awareness
2024-05-02,Influencer Collab,TikTok Ads,21990,1281,5.8254,918,205,78,12,0.0546,1569.74,562.04,179.29,United States,Mobile,45-54,Male,Consideration
2024-05-03,Flash Weekend Deal,Affiliate,24079,1010,4.1945,941,223,124,35,0.1454,3725.57,671.05,455.19,India,Mobile,25-34,Other,Loyalty
2024-05-03,Mid-Season Sale,Facebook Ads,19578,851,4.3467,696,232,132,44,0.2247,7555.51,497.06,1420.04,United States,Tablet,45-54,Female,Awareness
2024-05-03,Summer Sale Blast,YouTube Ads,24150,881,3.648,669,113,61,9,0.0373,666.49,524.94,26.96,South Africa,Desktop,18-24,Male,Awareness
2024-05-03,Loyalty Rewards Push,LinkedIn Ads,23444,659,2.811,641,230,176,81,0.3455,34145.28,1576.33,2066.13,India,Mobile,55+,Male,Conversion
2024-05-03,Free Trial Signup,LinkedIn Ads,19542,575,2.9424,513,198,147,50,0.2559,15631.52,777.82,1909.66,United States,Desktop,18-24,Female,Loyalty
2024-05-03,Customer Win-Back,LinkedIn Ads,9956,316,3.174,282,91,67,25,0.2511,8009.99,999.44,701.45,India,Mobile,18-24,Female,Loyalty
2024-05-04,Product Launch Q1,Organic Search,22940,1360,5.9285,1333,431,227,91,0.3967,12528.84,135.42,9151.84,United Kingdom,Mobile,45-54,Female,Awareness
2024-05-04,Brand Awareness Drive,Referral,12648,706,5.5819,639,294,167,91,0.7195,16621.45,135.14,12199.43,Australia,Desktop,35-44,Male,Awareness
2024-05-04,Back to School,Affiliate,14481,591,4.0812,501,117,70,24,0.1657,3460.93,454.28,661.85,India,Desktop,45-54,Male,Retargeting
2024-05-05,Mid-Season Sale,Email Marketing,25805,2264,8.7735,2021,636,338,140,0.5425,22045.07,228.83,9533.82,United Kingdom,Desktop,45-54,Female,Consideration
2024-05-05,Free Trial Signup,Google Ads,28346,1788,6.3078,1725,595,266,139,0.4904,19532.97,1405.42,1289.83,Australia,Mobile,18-24,Female,Awareness
2024-05-06,Brand Awareness Drive,YouTube Ads,17191,572,3.3273,442,94,38,12,0.0698,2177.88,501.58,334.2,India,Mobile,25-34,Female,Awareness
2024-05-06,Summer Sale Blast,Instagram Ads,10810,474,4.3848,404,107,50,17,0.1573,2574.95,457.0,463.45,Australia,Desktop,35-44,Male,Consideration
2024-05-07,Influencer Collab,Organic Search,23113,1149,4.9712,1125,388,231,103,0.4456,12826.78,107.4,11843.0,Canada,Desktop,45-54,Male,Retargeting
2024-05-08,New Year Kickoff,YouTube Ads,16821,726,4.316,657,148,64,23,0.1367,4045.67,642.87,529.31,United States,Tablet,18-24,Female,Awareness
2024-05-08,Flash Weekend Deal,LinkedIn Ads,19145,539,2.8154,439,161,87,42,0.2194,11721.45,1639.08,615.12,United States,Mobile,35-44,Female,Retargeting
2024-05-09,Brand Awareness Drive,Facebook Ads,5479,225,4.1066,207,64,41,15,0.2738,3074.34,302.96,914.77,United States,Mobile,55+,Male,Awareness
2024-05-09,Product Launch Q3,TikTok Ads,3803,161,4.2335,121,21,7,2,0.0526,246.45,182.56,35.0,United States,Desktop,18-24,Female,Consideration
2024-05-10,Anniversary Sale,Referral,25442,1530,6.0137,1434,618,439,194,0.7625,41023.57,30.29,135336.02,United States,Mobile,35-44,Female,Conversion
2024-05-11,Brand Awareness Drive,Affiliate,17312,654,3.7777,524,124,76,27,0.156,3960.54,401.58,886.24,United States,Desktop,18-24,Male,Consideration
2024-05-11,Holiday Gift Guide,Instagram Ads,24879,1153,4.6344,924,289,146,25,0.1005,3364.55,780.74,330.94,India,Mobile,55+,Female,Awareness
2024-05-11,Brand Awareness Drive,Affiliate,25840,1076,4.1641,927,195,91,31,0.12,3543.05,404.56,775.78,Germany,Mobile,55+,Female,Loyalty
2024-05-12,Brand Awareness Drive,Affiliate,18031,555,3.078,495,125,74,24,0.1331,2787.61,241.42,1054.67,India,Mobile,18-24,Male,Conversion
2024-05-12,Loyalty Rewards Push,YouTube Ads,12846,423,3.2929,348,101,45,9,0.0701,1471.12,371.61,295.88,India,Mobile,35-44,Male,Retargeting
2024-05-12,Referral Bonanza,YouTube Ads,23258,826,3.5515,618,131,71,30,0.129,5361.82,516.39,938.33,Germany,Mobile,35-44,Male,Conversion
2024-05-12,Brand Awareness Drive,Google Ads,17420,1205,6.9173,1085,447,228,97,0.5568,19814.0,1142.07,1634.92,India,Mobile,55+,Female,Loyalty
2024-05-12,Lead Gen Webinar,LinkedIn Ads,26871,1081,4.0229,924,298,193,91,0.3387,27746.44,3200.15,767.04,India,Desktop,35-44,Male,Loyalty
2024-05-13,Back to School,Facebook Ads,15995,692,4.3264,551,142,74,20,0.125,3953.57,307.36,1186.3,Singapore,Desktop,35-44,Female,Conversion
2024-05-13,Lead Gen Webinar,LinkedIn Ads,14491,298,2.0564,295,52,38,13,0.0897,5333.26,645.55,726.16,United States,Mobile,25-34,Female,Conversion
2024-05-14,Lead Gen Webinar,TikTok Ads,20607,1130,5.4836,900,121,46,12,0.0582,1062.81,424.55,150.34,India,Desktop,25-34,Male,Conversion
2024-05-15,Brand Awareness Drive,Instagram Ads,16158,665,4.1156,549,142,62,17,0.1052,2165.17,248.8,770.25,United States,Mobile,25-34,Female,Conversion
2024-05-15,Flash Weekend Deal,LinkedIn Ads,11105,331,2.9806,289,121,82,37,0.3332,6962.16,584.02,1092.11,UAE,Mobile,25-34,Female,Awareness
2024-05-15,Product Launch Q3,Affiliate,17609,770,4.3728,603,176,100,36,0.2044,2167.27,553.83,291.32,United States,Desktop,25-34,Male,Consideration
2024-05-15,Flash Weekend Deal,Google Ads,17366,1029,5.9254,989,367,293,141,0.8119,31298.2,1236.79,2430.6,India,Desktop,45-54,Male,Consideration
2024-05-15,Referral Bonanza,TikTok Ads,18114,1085,5.9898,842,154,92,26,0.1435,1765.7,395.99,345.9,India,Desktop,35-44,Female,Conversion
2024-05-15,Anniversary Sale,Email Marketing,21876,1832,8.3745,1532,737,355,137,0.6263,15439.91,151.22,10110.23,India,Tablet,18-24,Male,Retargeting
2024-05-15,Clearance Blowout,Google Ads,24366,1575,6.4639,1422,579,417,112,0.4597,17328.27,1070.05,1519.39,United States,Mobile,35-44,Female,Conversion
2024-05-16,Back to School,Affiliate,23293,890,3.8209,735,210,101,30,0.1288,3297.61,523.21,530.27,Singapore,Mobile,35-44,Male,Consideration
2024-05-16,Lead Gen Webinar,Email Marketing,27250,1601,5.8752,1504,589,375,152,0.5578,29294.27,229.87,12643.84,United States,Mobile,18-24,Male,Consideration
2024-05-16,Anniversary Sale,TikTok Ads,25823,1064,4.1204,798,63,36,11,0.0426,463.16,467.35,-0.9,Singapore,Mobile,25-34,Male,Retargeting
2024-05-17,Referral Bonanza,Email Marketing,14793,1011,6.8343,918,328,206,92,0.6219,19864.04,171.6,11475.78,Canada,Mobile,25-34,Female,Consideration
2024-05-17,Anniversary Sale,Email Marketing,9649,672,6.9645,644,244,143,47,0.4871,5612.7,49.05,11342.81,Canada,Desktop,25-34,Male,Conversion
2024-05-17,Brand Awareness Drive,TikTok Ads,20253,804,3.9698,646,49,30,5,0.0247,405.17,428.58,-5.46,India,Mobile,35-44,Male,Retargeting
2024-05-18,Customer Win-Back,LinkedIn Ads,19742,429,2.173,379,100,47,20,0.1013,3263.24,1355.56,140.73,India,Desktop,18-24,Female,Conversion
2024-05-19,App Install Campaign,YouTube Ads,24473,761,3.1095,573,116,54,7,0.0286,1037.47,907.25,14.35,United States,Desktop,55+,Male,Conversion
2024-05-19,Loyalty Rewards Push,Affiliate,16822,654,3.8878,603,180,100,41,0.2437,7302.08,483.67,1409.72,India,Mobile,25-34,Female,Conversion
2024-05-20,Influencer Collab,YouTube Ads,14278,473,3.3128,367,92,44,8,0.056,1264.84,502.41,151.75,India,Mobile,18-24,Other,Retargeting
2024-05-20,Festive Mega Offer,LinkedIn Ads,33586,848,2.5249,717,156,102,40,0.1191,13733.28,2217.87,519.21,India,Mobile,18-24,Male,Awareness
2024-05-20,Free Trial Signup,Referral,22208,1574,7.0875,1494,826,537,323,1.4544,77746.96,56.36,137847.05,Canada,Desktop,25-34,Male,Conversion
2024-05-20,Free Trial Signup,Google Ads,14754,928,6.2898,833,238,157,74,0.5016,6652.23,1514.49,339.24,India,Mobile,18-24,Male,Awareness
2024-05-20,Lead Gen Webinar,Organic Search,18960,1165,6.1445,1057,484,291,88,0.4641,18696.54,145.13,12782.62,United Kingdom,Desktop,45-54,Female,Retargeting
2024-05-21,Lead Gen Webinar,TikTok Ads,31322,1525,4.8688,1173,285,137,51,0.1628,7221.93,609.49,1084.91,United Kingdom,Mobile,35-44,Male,Consideration
2024-05-21,Loyalty Rewards Push,Facebook Ads,18689,1021,5.4631,935,274,143,48,0.2568,8362.86,682.4,1125.51,India,Mobile,25-34,Male,Loyalty
2024-05-21,Customer Win-Back,Email Marketing,10741,907,8.4443,840,263,154,56,0.5214,10169.1,146.14,6858.46,India,Mobile,35-44,Other,Consideration
2024-05-21,Summer Sale Blast,TikTok Ads,18225,1060,5.8162,823,40,17,5,0.0274,372.21,347.75,7.03,UAE,Desktop,35-44,Male,Consideration
2024-05-22,Product Launch Q1,Organic Search,15779,735,4.6581,661,234,119,40,0.2535,4024.95,95.82,4100.53,India,Mobile,35-44,Female,Retargeting
2024-05-22,Festive Mega Offer,LinkedIn Ads,12403,362,2.9186,356,109,74,26,0.2096,8300.29,1213.69,583.89,India,Desktop,35-44,Male,Consideration
2024-05-22,Product Launch Q1,Referral,33390,2472,7.4034,2292,904,496,255,0.7637,50689.14,95.07,53217.7,India,Mobile,45-54,Female,Awareness
2024-05-23,Flash Weekend Deal,Instagram Ads,8777,380,4.3295,309,42,19,5,0.057,487.85,361.49,34.96,Australia,Mobile,25-34,Female,Consideration
2024-05-23,Product Launch Q3,YouTube Ads,17508,541,3.09,391,121,65,14,0.08,1289.83,355.08,263.25,India,Desktop,45-54,Male,Consideration
2024-05-25,Free Trial Signup,Instagram Ads,19414,869,4.4762,660,216,89,32,0.1648,1861.76,735.82,153.02,India,Desktop,45-54,Male,Retargeting
2024-05-25,Anniversary Sale,YouTube Ads,23435,897,3.8276,727,199,90,34,0.1451,5269.33,1026.47,413.34,United Kingdom,Desktop,18-24,Male,Consideration
2024-05-26,Flash Weekend Deal,Google Ads,18817,1339,7.1159,1192,338,194,78,0.4145,8513.64,1067.5,697.53,United States,Desktop,18-24,Female,Conversion
2024-05-26,Back to School,Google Ads,13387,765,5.7145,641,195,153,61,0.4557,13536.87,645.24,1997.96,Canada,Mobile,18-24,Female,Consideration
2024-05-26,Festive Mega Offer,Referral,19363,946,4.8856,870,399,275,150,0.7747,19165.63,63.28,30187.03,India,Mobile,45-54,Male,Consideration
2024-05-26,App Install Campaign,YouTube Ads,22779,825,3.6218,679,130,76,22,0.0966,3609.61,479.0,653.57,United States,Desktop,45-54,Female,Consideration
2024-05-27,App Install Campaign,Organic Search,11373,632,5.557,621,226,126,39,0.3429,7659.54,101.34,7458.26,United Kingdom,Mobile,18-24,Female,Consideration
2024-05-27,Loyalty Rewards Push,Email Marketing,11162,884,7.9197,822,461,241,96,0.8601,13240.71,54.38,24248.49,United States,Desktop,25-34,Female,Awareness
2024-05-28,Product Launch Q1,Instagram Ads,21872,841,3.8451,690,180,118,38,0.1737,5201.66,387.17,1243.51,United States,Mobile,25-34,Female,Conversion
2024-05-28,Product Launch Q1,Affiliate,31942,1190,3.7255,940,208,104,32,0.1002,4553.53,671.51,578.1,United Kingdom,Mobile,55+,Male,Conversion
2024-05-28,New Year Kickoff,Facebook Ads,28779,1258,4.3712,1057,227,90,26,0.0903,3104.55,544.99,469.65,Singapore,Desktop,55+,Female,Awareness
2024-05-28,Festive Mega Offer,Email Marketing,30532,2068,6.7732,2046,783,414,182,0.5961,31823.29,150.86,20994.58,United States,Desktop,55+,Male,Awareness
2024-05-28,Flash Weekend Deal,Organic Search,17201,1187,6.9008,1052,466,259,105,0.6104,13274.94,124.39,10572.03,India,Mobile,25-34,Female,Awareness
2024-05-29,Referral Bonanza,LinkedIn Ads,15568,443,2.8456,416,109,82,31,0.1991,13200.51,853.26,1447.07,United States,Mobile,18-24,Male,Retargeting
2024-05-29,Mid-Season Sale,YouTube Ads,10569,365,3.4535,310,47,21,6,0.0568,616.92,377.57,63.39,Germany,Desktop,25-34,Other,Retargeting
2024-05-29,Customer Win-Back,Instagram Ads,17766,625,3.518,488,99,48,14,0.0788,2092.65,629.72,232.31,India,Mobile,25-34,Female,Retargeting
2024-05-30,Festive Mega Offer,TikTok Ads,22248,1537,6.9085,1198,255,120,35,0.1573,1512.41,466.67,224.09,South Africa,Desktop,25-34,Male,Conversion
2024-05-31,Free Trial Signup,LinkedIn Ads,25458,665,2.6121,609,105,60,33,0.1296,8539.48,1446.42,490.39,United States,Desktop,35-44,Male,Conversion
2024-05-31,New Year Kickoff,LinkedIn Ads,16730,478,2.8571,464,140,106,46,0.275,17659.92,1501.04,1076.51,India,Mobile,35-44,Male,Conversion
2024-05-31,Anniversary Sale,Instagram Ads,19461,530,2.7234,448,113,71,26,0.1336,2598.75,436.26,495.69,United States,Mobile,35-44,Male,Retargeting
2024-05-31,Anniversary Sale,Referral,30570,2249,7.3569,2226,1085,840,494,1.616,128804.95,72.31,178028.82,United States,Mobile,45-54,Female,Conversion
2024-05-31,Lead Gen Webinar,TikTok Ads,15971,776,4.8588,559,127,72,21,0.1315,2627.49,335.51,683.13,Singapore,Desktop,35-44,Female,Conversion
2024-06-01,Influencer Collab,Referral,16551,1118,6.7549,978,451,369,194,1.1721,46182.0,56.29,81942.99,United Kingdom,Mobile,25-34,Male,Conversion
2024-06-01,Brand Awareness Drive,Facebook Ads,27790,1172,4.2173,992,263,159,54,0.1943,4229.59,855.61,394.34,India,Mobile,18-24,Other,Awareness
2024-06-02,Lead Gen Webinar,Email Marketing,16777,1231,7.3374,1047,515,311,148,0.8822,33956.97,155.25,21772.44,Singapore,Mobile,45-54,Female,Awareness
2024-06-02,Mid-Season Sale,Referral,26295,1943,7.3892,1764,603,391,156,0.5933,13234.03,74.07,17766.92,India,Mobile,35-44,Male,Awareness
2024-06-02,Influencer Collab,Organic Search,14107,663,4.6998,656,273,168,81,0.5742,13773.9,104.52,13078.24,India,Desktop,25-34,Other,Conversion
2024-06-03,Brand Awareness Drive,TikTok Ads,16200,683,4.216,593,102,52,11,0.0679,1061.56,424.64,149.99,India,Mobile,35-44,Female,Consideration
2024-06-03,Product Launch Q3,Organic Search,18649,1321,7.0835,1287,437,292,111,0.5952,21435.21,148.67,14317.98,Australia,Mobile,35-44,Female,Retargeting
2024-06-03,Summer Sale Blast,Affiliate,28549,1347,4.7182,1135,217,96,33,0.1156,5640.21,482.87,1068.06,United States,Desktop,35-44,Female,Conversion
2024-06-04,Free Trial Signup,Email Marketing,9140,794,8.6871,709,267,136,61,0.6674,9608.12,102.74,9251.88,India,Desktop,45-54,Male,Consideration
2024-06-04,Brand Awareness Drive,Instagram Ads,14462,576,3.9829,508,114,66,24,0.166,3666.34,321.34,1040.95,Singapore,Mobile,25-34,Male,Retargeting
2024-06-04,Flash Weekend Deal,Instagram Ads,16836,755,4.4844,613,219,131,23,0.1366,3832.39,618.01,520.12,India,Desktop,55+,Female,Loyalty
2024-06-05,Flash Weekend Deal,YouTube Ads,11464,478,4.1696,398,88,54,19,0.1657,1120.0,305.87,266.17,Canada,Mobile,35-44,Male,Conversion
2024-06-05,Festive Mega Offer,Organic Search,29060,1160,3.9917,1078,416,253,76,0.2615,10912.44,87.85,12321.67,India,Mobile,55+,Male,Consideration
2024-06-05,Product Launch Q1,Instagram Ads,24543,687,2.7992,567,140,69,21,0.0856,2550.72,421.29,505.45,United States,Tablet,25-34,Male,Consideration
2024-06-05,Cart Abandonment Recovery,Organic Search,19791,1293,6.5333,1232,391,267,100,0.5053,21621.55,115.11,18683.38,Germany,Mobile,25-34,Male,Consideration
2024-06-05,New Year Kickoff,Email Marketing,22602,2016,8.9196,1852,871,561,206,0.9114,46538.2,203.4,22780.14,UAE,Tablet,45-54,Female,Consideration
2024-06-06,Summer Sale Blast,Facebook Ads,23045,775,3.363,665,185,97,26,0.1128,4304.37,409.94,950.0,Australia,Mobile,18-24,Male,Awareness
2024-06-06,New Year Kickoff,Affiliate,25116,1312,5.2238,1240,258,146,54,0.215,2688.5,873.25,207.87,India,Mobile,45-54,Female,Consideration
2024-06-06,Referral Bonanza,TikTok Ads,18694,810,4.3329,587,150,86,26,0.1391,3414.78,425.83,701.91,India,Mobile,35-44,Female,Awareness
2024-06-06,Influencer Collab,Referral,15694,972,6.1934,962,457,342,202,1.2871,43213.22,81.6,52857.38,United Kingdom,Mobile,18-24,Male,Consideration
2024-06-06,Brand Awareness Drive,Affiliate,21185,1287,6.0751,1115,316,109,37,0.1747,1964.42,773.03,154.12,United States,Mobile,35-44,Female,Consideration
2024-06-08,Referral Bonanza,Google Ads,23673,1299,5.4873,1159,282,185,47,0.1985,9724.72,1264.41,669.11,Canada,Mobile,25-34,Male,Conversion
2024-06-08,Loyalty Rewards Push,TikTok Ads,11708,601,5.1332,454,121,61,13,0.111,1409.59,438.03,221.8,United States,Mobile,25-34,Female,Loyalty
2024-06-08,Lead Gen Webinar,TikTok Ads,3625,177,4.8828,148,28,11,2,0.0552,194.7,157.83,23.36,Canada,Mobile,45-54,Other,Conversion
2024-06-08,App Install Campaign,LinkedIn Ads,27905,717,2.5694,675,179,122,49,0.1756,24927.52,2253.78,1006.03,United Kingdom,Mobile,35-44,Female,Conversion
2024-06-08,Summer Sale Blast,Facebook Ads,22920,734,3.2024,622,160,78,28,0.1222,2302.89,451.68,409.85,United States,Mobile,25-34,Female,Retargeting
2024-06-08,Back to School,Referral,18718,1418,7.5756,1250,437,325,207,1.1059,58700.66,112.07,52278.57,India,Mobile,55+,Female,Conversion
2024-06-08,Holiday Gift Guide,TikTok Ads,19238,1085,5.6399,860,147,77,16,0.0832,861.19,537.2,60.31,United Kingdom,Desktop,25-34,Female,Conversion
2024-06-08,Anniversary Sale,Instagram Ads,11924,462,3.8745,378,88,43,12,0.1006,793.82,303.73,161.36,Canada,Mobile,18-24,Female,Loyalty
2024-06-09,Customer Win-Back,Organic Search,23892,1228,5.1398,1151,368,290,94,0.3934,8797.56,145.49,5946.85,Canada,Mobile,35-44,Male,Conversion
2024-06-09,Free Trial Signup,Email Marketing,26217,1925,7.3426,1735,772,443,219,0.8353,25612.51,176.16,14439.34,India,Mobile,18-24,Female,Retargeting
2024-06-09,App Install Campaign,Organic Search,19241,975,5.0673,910,306,171,59,0.3066,11946.02,108.7,10889.9,United States,Mobile,25-34,Female,Consideration
2024-06-09,Influencer Collab,Organic Search,23353,1436,6.1491,1362,598,378,208,0.8907,25047.95,53.47,46744.87,Germany,Desktop,25-34,Female,Consideration
2024-06-10,Influencer Collab,YouTube Ads,22997,815,3.5439,643,70,34,3,0.013,228.09,742.41,-69.28,UAE,Mobile,55+,Female,Loyalty
2024-06-10,Back to School,Email Marketing,19765,1666,8.429,1649,835,594,248,1.2547,18308.41,218.02,8297.58,United States,Tablet,25-34,Female,Conversion
2024-06-10,Holiday Gift Guide,TikTok Ads,23504,1655,7.0414,1169,281,125,14,0.0596,1788.76,462.45,286.8,United Kingdom,Mobile,55+,Female,Conversion
2024-06-10,Product Launch Q3,Referral,15638,1244,7.955,1211,527,393,223,1.426,30045.98,40.07,74883.73,United Kingdom,Mobile,18-24,Female,Awareness
2024-06-11,Lead Gen Webinar,TikTok Ads,10122,548,5.4139,442,77,25,9,0.0889,508.65,287.32,77.03,United Kingdom,Desktop,25-34,Female,Conversion
2024-06-11,Festive Mega Offer,Email Marketing,9443,750,7.9424,721,261,162,63,0.6672,8447.4,171.63,4821.87,Australia,Mobile,25-34,Female,Retargeting
2024-06-11,Product Launch Q3,Referral,19817,1264,6.3784,1187,523,362,186,0.9386,35740.07,124.81,28535.58,United States,Mobile,18-24,Male,Conversion
2024-06-11,Clearance Blowout,TikTok Ads,25779,1147,4.4494,886,205,85,28,0.1086,1557.97,293.9,430.1,United States,Mobile,18-24,Female,Loyalty
2024-06-11,Customer Win-Back,LinkedIn Ads,10999,301,2.7366,251,74,44,20,0.1818,8849.76,799.36,1007.11,India,Mobile,35-44,Male,Awareness
2024-06-12,Summer Sale Blast,Affiliate,10301,350,3.3977,290,93,50,12,0.1165,2154.49,180.44,1094.02,United States,Mobile,25-34,Male,Retargeting
2024-06-12,Product Launch Q1,YouTube Ads,11811,388,3.2851,290,48,20,6,0.0508,690.53,482.79,43.03,United States,Mobile,35-44,Female,Awareness
2024-06-13,Product Launch Q3,LinkedIn Ads,10532,273,2.5921,254,66,52,26,0.2469,11680.33,851.63,1271.53,Australia,Mobile,35-44,Female,Consideration
2024-06-13,Loyalty Rewards Push,Affiliate,17511,802,4.58,736,135,58,20,0.1142,3159.73,349.41,804.3,Germany,Desktop,35-44,Male,Consideration
2024-06-13,Referral Bonanza,Referral,23622,1761,7.4549,1577,806,462,224,0.9483,66665.31,74.11,89854.54,Australia,Mobile,18-24,Male,Conversion
2024-06-13,Summer Sale Blast,YouTube Ads,16375,564,3.4443,449,57,25,7,0.0427,1301.64,318.74,308.37,South Africa,Mobile,45-54,Female,Consideration
2024-06-14,Influencer Collab,Facebook Ads,17147,810,4.7239,738,245,112,43,0.2508,8586.54,392.54,2087.43,United States,Desktop,35-44,Female,Loyalty
2024-06-14,Influencer Collab,Referral,18283,1034,5.6555,1023,445,315,173,0.9462,34400.67,28.18,121974.77,United States,Mobile,45-54,Female,Consideration
2024-06-14,Product Launch Q3,LinkedIn Ads,20559,650,3.1616,557,157,82,34,0.1654,13466.67,1883.79,614.87,Singapore,Desktop,45-54,Male,Conversion
2024-06-14,Customer Win-Back,YouTube Ads,19163,776,4.0495,570,156,67,14,0.0731,1274.55,750.43,69.84,Australia,Desktop,25-34,Female,Loyalty
2024-06-15,Lead Gen Webinar,Affiliate,26526,936,3.5286,820,261,137,61,0.23,8609.29,516.73,1566.11,United States,Desktop,18-24,Female,Retargeting
2024-06-15,Product Launch Q1,TikTok Ads,31485,1381,4.3862,1053,273,104,22,0.0699,2306.01,518.01,345.17,Brazil,Mobile,25-34,Male,Conversion
2024-06-15,Referral Bonanza,Email Marketing,23135,1831,7.9144,1739,714,344,158,0.6829,16234.58,235.53,6792.79,Brazil,Desktop,55+,Male,Conversion
2024-06-15,Back to School,Instagram Ads,20935,1008,4.8149,842,161,84,41,0.1958,7762.87,740.05,948.97,India,Desktop,25-34,Female,Awareness
2024-06-16,Cart Abandonment Recovery,Referral,27313,2073,7.5898,1934,878,586,278,1.0178,61289.97,27.43,223341.38,India,Mobile,35-44,Female,Consideration
2024-06-16,Festive Mega Offer,Email Marketing,16061,1229,7.6521,1096,524,289,76,0.4732,9544.13,174.58,5366.91,Canada,Desktop,18-24,Female,Conversion
2024-06-16,Influencer Collab,YouTube Ads,13606,486,3.572,352,47,24,6,0.0441,870.23,341.11,155.12,India,Desktop,35-44,Male,Consideration
2024-06-18,Clearance Blowout,Facebook Ads,7234,338,4.6724,293,121,70,21,0.2903,4452.15,230.43,1832.11,United Kingdom,Desktop,25-34,Female,Consideration
2024-06-18,Influencer Collab,TikTok Ads,13943,495,3.5502,323,92,26,6,0.043,319.69,153.85,107.79,Canada,Mobile,35-44,Male,Conversion
2024-06-18,Clearance Blowout,Facebook Ads,4681,166,3.5463,140,29,14,4,0.0855,524.23,244.33,114.56,Brazil,Tablet,25-34,Female,Awareness
2024-06-19,Free Trial Signup,YouTube Ads,10965,436,3.9763,400,50,21,6,0.0547,634.96,243.95,160.28,United States,Mobile,45-54,Male,Consideration
2024-06-20,Product Launch Q3,Facebook Ads,11125,533,4.791,481,139,76,22,0.1978,2552.02,421.45,505.53,India,Desktop,25-34,Male,Retargeting
2024-06-20,Mid-Season Sale,Affiliate,18707,647,3.4586,530,162,115,32,0.1711,2132.08,447.34,376.61,Singapore,Mobile,35-44,Female,Consideration
2024-06-20,Lead Gen Webinar,Email Marketing,12120,642,5.297,569,234,115,48,0.396,7941.39,129.77,6019.59,India,Mobile,18-24,Male,Conversion
2024-06-20,Loyalty Rewards Push,Instagram Ads,3170,106,3.3438,89,20,10,2,0.0631,382.12,71.01,438.12,India,Desktop,45-54,Female,Retargeting
2024-06-20,Product Launch Q3,Referral,10007,623,6.2256,556,274,169,85,0.8494,14016.93,56.85,24555.99,South Africa,Mobile,55+,Female,Awareness
2024-06-21,Clearance Blowout,Google Ads,13185,976,7.4024,830,216,145,68,0.5157,7152.73,748.02,856.22,Canada,Mobile,18-24,Female,Conversion
2024-06-21,New Year Kickoff,Facebook Ads,15308,810,5.2914,736,210,114,35,0.2286,5996.49,775.75,672.99,United States,Mobile,18-24,Male,Retargeting
2024-06-23,Product Launch Q1,TikTok Ads,23712,954,4.0233,671,85,44,7,0.0295,697.75,567.23,23.01,India,Mobile,25-34,Female,Consideration
2024-06-23,Loyalty Rewards Push,TikTok Ads,19382,917,4.7312,748,230,102,25,0.129,1841.94,533.83,245.04,United States,Mobile,45-54,Female,Retargeting
2024-06-23,Free Trial Signup,Affiliate,10970,543,4.9499,476,164,101,34,0.3099,2652.89,262.8,909.47,Germany,Mobile,35-44,Female,Conversion
2024-06-23,Lead Gen Webinar,YouTube Ads,15401,328,2.1297,267,22,11,4,0.026,756.35,348.64,116.94,Singapore,Desktop,25-34,Female,Conversion
2024-06-23,Cart Abandonment Recovery,TikTok Ads,19204,1141,5.9415,991,163,84,27,0.1406,3523.65,362.83,871.16,United States,Mobile,25-34,Female,Awareness
2024-06-23,Flash Weekend Deal,LinkedIn Ads,21807,533,2.4442,516,147,109,58,0.266,11558.87,1269.55,810.47,Germany,Desktop,18-24,Male,Loyalty
2024-06-24,Back to School,Email Marketing,20772,1447,6.9661,1318,563,431,194,0.9339,15308.06,138.71,10936.02,United Kingdom,Desktop,25-34,Female,Retargeting
2024-06-24,Lead Gen Webinar,TikTok Ads,10312,428,4.1505,316,39,20,5,0.0485,601.67,363.46,65.54,United States,Desktop,35-44,Male,Awareness
2024-06-24,New Year Kickoff,TikTok Ads,13723,732,5.3341,600,157,76,12,0.0874,963.27,430.33,123.84,United States,Mobile,18-24,Female,Awareness
2024-06-24,App Install Campaign,Instagram Ads,17143,585,3.4125,490,137,92,26,0.1517,4755.27,532.15,793.6,United States,Mobile,25-34,Female,Awareness
2024-06-24,Influencer Collab,Google Ads,27478,1595,5.8046,1439,401,209,84,0.3057,21247.75,1214.38,1649.68,Canada,Desktop,35-44,Female,Retargeting
2024-06-24,App Install Campaign,Google Ads,22568,1480,6.558,1325,415,277,117,0.5184,28804.6,1958.01,1371.12,United States,Tablet,25-34,Female,Awareness
2024-06-25,Clearance Blowout,LinkedIn Ads,22430,713,3.1788,612,167,111,51,0.2274,12904.15,1139.06,1032.88,India,Mobile,35-44,Female,Conversion
2024-06-25,Referral Bonanza,YouTube Ads,34203,1343,3.9266,1155,261,124,33,0.0965,5114.23,1289.32,296.66,United Kingdom,Mobile,25-34,Male,Consideration
2024-06-25,Holiday Gift Guide,Email Marketing,18390,1609,8.7493,1475,664,361,139,0.7558,9126.1,117.48,7668.22,United States,Mobile,35-44,Male,Awareness
2024-06-25,Product Launch Q3,LinkedIn Ads,16305,289,1.7725,254,57,40,15,0.092,5546.18,525.57,955.27,Brazil,Mobile,18-24,Female,Conversion
2024-06-25,Free Trial Signup,TikTok Ads,24531,1129,4.6023,868,177,79,5,0.0204,595.73,503.22,18.38,United Kingdom,Mobile,35-44,Female,Conversion
2024-06-25,Brand Awareness Drive,Google Ads,16440,1122,6.8248,975,273,194,71,0.4319,15470.11,1675.31,823.42,United States,Desktop,45-54,Female,Consideration
2024-06-25,Flash Weekend Deal,Affiliate,23416,976,4.1681,810,294,150,53,0.2263,4889.93,566.66,762.94,India,Desktop,18-24,Male,Awareness
2024-06-25,Cart Abandonment Recovery,Email Marketing,27481,2322,8.4495,1966,815,478,243,0.8842,45371.58,198.98,22702.08,UAE,Mobile,55+,Male,Conversion
2024-06-26,New Year Kickoff,Referral,11525,778,6.7505,712,322,222,87,0.7549,14488.23,128.02,11217.16,Germany,Tablet,55+,Female,Conversion
2024-06-26,Flash Weekend Deal,YouTube Ads,23879,865,3.6224,697,187,80,22,0.0921,2830.82,714.34,296.28,India,Tablet,18-24,Female,Conversion
2024-06-26,Product Launch Q1,Instagram Ads,23365,774,3.3126,668,89,44,11,0.0471,842.16,477.6,76.33,India,Desktop,25-34,Female,Conversion
2024-06-26,New Year Kickoff,Google Ads,36352,2508,6.8992,2097,401,226,98,0.2696,14243.38,3946.44,260.92,Singapore,Mobile,18-24,Female,Awareness
2024-06-26,Anniversary Sale,YouTube Ads,14933,607,4.0648,502,134,57,8,0.0536,515.08,444.92,15.77,India,Mobile,18-24,Female,Consideration
2024-06-26,Influencer Collab,Email Marketing,25883,2203,8.5114,1971,852,495,200,0.7727,17843.25,224.01,7865.38,India,Desktop,45-54,Male,Awareness
2024-06-26,Holiday Gift Guide,Facebook Ads,14343,677,4.7201,522,160,76,20,0.1394,1235.69,443.62,178.55,India,Desktop,35-44,Female,Loyalty
2024-06-27,Referral Bonanza,YouTube Ads,42395,1405,3.3141,810,153,67,27,0.0637,1360.94,1307.81,4.06,Australia,Mobile,35-44,Female,Awareness
2024-06-27,Product Launch Q3,Instagram Ads,15082,516,3.4213,434,104,70,11,0.0729,1977.71,350.63,464.04,India,Mobile,45-54,Male,Awareness
2024-06-27,App Install Campaign,Instagram Ads,8953,431,4.814,356,68,31,3,0.0335,439.22,425.87,3.13,Singapore,Mobile,55+,Male,Awareness
2024-06-27,Mid-Season Sale,Referral,24266,1414,5.8271,1246,547,341,189,0.7789,22464.0,104.93,21308.56,Canada,Desktop,25-34,Female,Consideration
2024-06-27,Free Trial Signup,Facebook Ads,23822,1049,4.4035,955,256,111,40,0.1679,4677.47,483.32,867.78,India,Mobile,25-34,Male,Awareness
2024-06-27,Flash Weekend Deal,TikTok Ads,19931,1123,5.6344,842,186,104,33,0.1656,2873.26,467.94,514.02,India,Mobile,18-24,Female,Conversion
2024-06-28,Customer Win-Back,LinkedIn Ads,16253,502,3.0887,439,149,104,37,0.2277,19193.66,1516.36,1165.77,India,Tablet,18-24,Female,Retargeting
2024-06-28,Brand Awareness Drive,Organic Search,23386,1216,5.1997,1203,415,185,85,0.3635,19469.53,41.1,47271.12,India,Mobile,25-34,Female,Awareness
2024-06-28,Back to School,Affiliate,14388,547,3.8018,496,116,62,15,0.1043,949.65,389.53,143.79,Singapore,Mobile,35-44,Female,Conversion
2024-06-29,New Year Kickoff,LinkedIn Ads,16132,512,3.1738,420,164,86,47,0.2913,12332.41,1565.03,688.0,Australia,Mobile,18-24,Female,Conversion
2024-06-29,Free Trial Signup,Instagram Ads,23730,825,3.4766,630,140,72,23,0.0969,3572.76,578.53,517.56,UAE,Desktop,25-34,Female,Conversion
2024-06-30,Customer Win-Back,Instagram Ads,26768,890,3.3249,818,157,67,23,0.0859,4507.23,609.54,639.45,UAE,Desktop,25-34,Female,Retargeting
2024-07-01,Holiday Gift Guide,Organic Search,16487,909,5.5134,770,264,100,35,0.2123,7645.28,108.87,6922.39,United States,Mobile,25-34,Female,Awareness
2024-07-01,Brand Awareness Drive,Google Ads,12772,772,6.0445,653,260,154,51,0.3993,6023.93,629.36,857.15,United States,Mobile,55+,Female,Consideration
2024-07-02,App Install Campaign,Instagram Ads,17687,837,4.7323,682,84,59,22,0.1244,2617.5,669.39,291.03,Brazil,Tablet,25-34,Male,Awareness
2024-07-02,Summer Sale Blast,YouTube Ads,14057,415,2.9523,318,62,26,7,0.0498,481.52,417.46,15.35,India,Mobile,18-24,Female,Consideration
2024-07-02,Brand Awareness Drive,Google Ads,26275,1816,6.9115,1762,511,365,168,0.6394,27376.22,1777.86,1439.84,United States,Mobile,55+,Male,Consideration
2024-07-02,Summer Sale Blast,Facebook Ads,19105,938,4.9097,795,206,94,27,0.1413,3758.02,737.9,409.29,India,Mobile,45-54,Male,Conversion
2024-07-02,Mid-Season Sale,Facebook Ads,18039,761,4.2186,700,226,94,39,0.2162,3894.34,662.56,487.77,Canada,Mobile,25-34,Female,Consideration
2024-07-03,Lead Gen Webinar,Facebook Ads,14634,607,4.1479,493,142,72,26,0.1777,3845.05,389.89,886.19,United States,Mobile,35-44,Male,Loyalty
2024-07-04,Anniversary Sale,Organic Search,18481,916,4.9564,892,328,200,83,0.4491,17796.78,88.61,19984.39,Germany,Mobile,45-54,Male,Conversion
2024-07-04,Summer Sale Blast,TikTok Ads,20360,1265,6.2132,999,111,18,5,0.0246,439.87,352.85,24.66,Canada,Desktop,18-24,Female,Consideration
2024-07-04,Summer Sale Blast,Email Marketing,28314,2294,8.102,2095,990,605,331,1.169,34417.72,176.1,19444.42,United Kingdom,Mobile,18-24,Female,Consideration
2024-07-04,Holiday Gift Guide,YouTube Ads,22072,948,4.295,755,160,67,24,0.1087,2813.92,871.66,222.82,United States,Mobile,25-34,Female,Retargeting
2024-07-04,Mid-Season Sale,Instagram Ads,18624,741,3.9787,524,95,44,10,0.0537,1253.97,498.39,151.6,United States,Desktop,25-34,Male,Retargeting
2024-07-04,Lead Gen Webinar,LinkedIn Ads,23918,710,2.9685,657,183,130,23,0.0962,5401.05,1862.09,190.05,India,Mobile,18-24,Female,Awareness
2024-07-05,Brand Awareness Drive,Referral,23293,1771,7.6031,1655,856,681,335,1.4382,68298.78,76.42,89272.91,India,Desktop,18-24,Male,Consideration
2024-07-05,Free Trial Signup,Facebook Ads,18085,621,3.4338,545,144,94,40,0.2212,4980.55,586.76,748.82,United States,Mobile,45-54,Female,Awareness
2024-07-05,Brand Awareness Drive,LinkedIn Ads,21769,629,2.8894,566,204,150,92,0.4226,41751.15,1831.3,2179.86,Singapore,Desktop,55+,Female,Awareness
2024-07-05,Free Trial Signup,YouTube Ads,16947,602,3.5523,458,130,68,22,0.1298,3458.15,699.5,394.37,Australia,Mobile,25-34,Female,Consideration
2024-07-05,Back to School,Google Ads,26093,1330,5.0972,1242,425,262,92,0.3526,18130.69,1149.72,1476.97,India,Mobile,35-44,Female,Conversion
2024-07-06,Summer Sale Blast,Referral,9137,482,5.2753,443,184,130,63,0.6895,18174.96,144.16,12507.49,United Kingdom,Mobile,25-34,Male,Retargeting
2024-07-06,Cart Abandonment Recovery,Organic Search,24435,1161,4.7514,1118,489,291,130,0.532,28020.61,78.43,35626.9,India,Mobile,25-34,Male,Consideration
2024-07-08,Festive Mega Offer,YouTube Ads,8889,348,3.915,276,81,39,11,0.1237,744.45,366.18,103.3,United States,Mobile,35-44,Female,Awareness
2024-07-08,App Install Campaign,Facebook Ads,12683,691,5.4482,577,227,113,32,0.2523,4266.88,653.36,553.07,Australia,Mobile,18-24,Male,Conversion
2024-07-08,Festive Mega Offer,Organic Search,23160,1540,6.6494,1476,526,353,99,0.4275,22583.29,41.67,54095.56,United States,Desktop,25-34,Female,Awareness
2024-07-08,Brand Awareness Drive,Affiliate,22474,1003,4.4629,809,235,132,38,0.1691,2862.28,494.9,478.36,India,Tablet,35-44,Female,Retargeting
2024-07-08,Loyalty Rewards Push,Affiliate,18836,541,2.8722,475,116,50,12,0.0637,1757.97,194.37,804.45,United States,Mobile,35-44,Female,Conversion
2024-07-09,Anniversary Sale,Instagram Ads,14615,508,3.4759,424,76,44,16,0.1095,2115.06,553.11,282.39,India,Mobile,25-34,Male,Retargeting
2024-07-09,Brand Awareness Drive,YouTube Ads,20577,871,4.2329,656,150,61,16,0.0778,1489.61,992.01,50.16,United States,Desktop,18-24,Female,Awareness
2024-07-09,Lead Gen Webinar,Affiliate,18684,929,4.9722,744,195,92,31,0.1659,2199.85,305.96,619.0,Brazil,Mobile,45-54,Female,Awareness
2024-07-09,Cart Abandonment Recovery,Google Ads,12438,965,7.7585,856,305,204,78,0.6271,14728.39,1463.51,906.37,United Kingdom,Desktop,35-44,Female,Consideration
2024-07-10,Product Launch Q3,Affiliate,12397,538,4.3398,430,122,76,11,0.0887,1324.94,187.8,605.51,India,Tablet,35-44,Female,Awareness
2024-07-10,Summer Sale Blast,Google Ads,22900,1644,7.179,1292,422,263,50,0.2183,4234.49,2147.69,97.16,United States,Desktop,18-24,Female,Awareness
2024-07-10,New Year Kickoff,Referral,14573,654,4.4878,554,229,154,85,0.5833,17619.75,123.66,14148.54,United States,Desktop,55+,Female,Consideration
2024-07-11,Product Launch Q3,YouTube Ads,15894,424,2.6677,337,88,45,6,0.0378,394.03,444.4,-11.33,Australia,Mobile,18-24,Male,Conversion
2024-07-11,Customer Win-Back,Affiliate,13273,584,4.3999,477,115,58,20,0.1507,1810.49,189.68,854.5,India,Mobile,35-44,Male,Retargeting
2024-07-11,Anniversary Sale,Facebook Ads,20750,779,3.7542,708,182,108,46,0.2217,5440.53,491.67,1006.54,Canada,Mobile,25-34,Male,Retargeting
2024-07-11,Loyalty Rewards Push,YouTube Ads,18335,737,4.0196,560,53,25,8,0.0436,653.96,389.01,68.11,United States,Tablet,55+,Male,Consideration
2024-07-12,Cart Abandonment Recovery,Google Ads,3514,232,6.6022,216,85,54,20,0.5692,3610.74,211.32,1608.66,United States,Mobile,35-44,Male,Retargeting
2024-07-12,Referral Bonanza,YouTube Ads,19992,723,3.6164,566,78,33,9,0.045,1652.84,464.94,255.5,India,Desktop,35-44,Female,Retargeting
2024-07-12,Loyalty Rewards Push,Organic Search,18705,1052,5.6242,958,293,159,66,0.3528,13069.09,114.85,11279.27,United States,Tablet,18-24,Female,Conversion
2024-07-12,Lead Gen Webinar,Facebook Ads,19205,862,4.4884,747,286,171,67,0.3489,6633.28,668.23,892.66,India,Mobile,18-24,Female,Conversion
2024-07-12,Free Trial Signup,YouTube Ads,14479,395,2.7281,294,65,24,7,0.0483,1254.9,494.49,153.78,Canada,Desktop,18-24,Female,Retargeting
2024-07-12,Lead Gen Webinar,TikTok Ads,14009,836,5.9676,659,204,96,6,0.0428,433.99,407.51,6.5,United States,Mobile,25-34,Male,Consideration
2024-07-14,Influencer Collab,Google Ads,30568,2317,7.5798,1859,631,466,284,0.9291,20927.66,1988.47,952.45,Canada,Mobile,18-24,Male,Loyalty
2024-07-15,Loyalty Rewards Push,Google Ads,9315,530,5.6897,524,148,88,24,0.2576,4559.64,572.46,696.5,Singapore,Tablet,45-54,Male,Awareness
2024-07-15,Back to School,TikTok Ads,19761,896,4.5342,713,155,81,23,0.1164,2658.26,329.58,706.56,United States,Desktop,45-54,Male,Retargeting
2024-07-15,Summer Sale Blast,YouTube Ads,19522,557,2.8532,429,116,62,13,0.0666,752.61,452.58,66.29,United States,Desktop,55+,Female,Consideration
2024-07-15,Referral Bonanza,LinkedIn Ads,17837,264,1.4801,226,98,57,31,0.1738,9360.04,812.97,1051.34,United States,Tablet,35-44,Male,Consideration
2024-07-15,Cart Abandonment Recovery,Email Marketing,19121,1709,8.9378,1564,820,414,168,0.8786,35133.08,145.37,24068.04,India,Desktop,55+,Male,Retargeting
2024-07-15,Product Launch Q3,YouTube Ads,16607,643,3.8719,537,111,59,14,0.0843,1648.68,548.7,200.47,Germany,Mobile,45-54,Female,Conversion
2024-07-15,Loyalty Rewards Push,YouTube Ads,14566,341,2.3411,264,50,30,7,0.0481,1173.43,399.76,193.53,Germany,Desktop,25-34,Male,Consideration
2024-07-16,Free Trial Signup,Organic Search,23368,1278,5.469,1197,417,256,125,0.5349,28360.86,42.09,67281.47,India,Mobile,45-54,Female,Awareness
2024-07-17,Summer Sale Blast,YouTube Ads,20518,719,3.5042,543,111,53,16,0.078,1685.23,559.87,201.0,India,Mobile,25-34,Female,Consideration
2024-07-17,Brand Awareness Drive,Facebook Ads,15844,690,4.355,577,152,48,16,0.101,1405.57,415.26,238.48,United States,Mobile,18-24,Male,Consideration
2024-07-17,Anniversary Sale,YouTube Ads,19989,556,2.7815,492,123,55,12,0.06,2103.74,732.44,187.22,United States,Mobile,25-34,Female,Retargeting
2024-07-17,New Year Kickoff,Affiliate,9449,307,3.249,291,97,66,18,0.1905,3134.69,186.53,1580.53,Germany,Mobile,35-44,Male,Conversion
2024-07-17,Influencer Collab,Google Ads,18427,996,5.4051,898,359,197,91,0.4938,14118.18,921.47,1432.14,Germany,Mobile,25-34,Male,Conversion
2024-07-18,Lead Gen Webinar,Facebook Ads,23863,1140,4.7773,1039,157,85,27,0.1131,5329.35,638.66,734.46,Germany,Desktop,45-54,Female,Loyalty
2024-07-18,Festive Mega Offer,TikTok Ads,14738,652,4.4239,498,86,40,8,0.0543,324.08,490.22,-33.89,United States,Desktop,45-54,Male,Conversion
2024-07-18,Free Trial Signup,Google Ads,22427,1103,4.9182,986,307,166,53,0.2363,10202.37,889.37,1047.15,United States,Mobile,35-44,Female,Awareness
2024-07-19,Back to School,Facebook Ads,9376,442,4.7142,417,71,26,6,0.064,1151.27,531.37,116.66,United States,Desktop,18-24,Male,Conversion
2024-07-19,Cart Abandonment Recovery,Referral,17066,1358,7.9573,1228,484,404,184,1.0782,15251.18,121.38,12464.82,United States,Desktop,35-44,Female,Conversion
2024-07-19,Cart Abandonment Recovery,Google Ads,14150,927,6.5512,813,346,231,79,0.5583,20068.44,1100.07,1724.29,United States,Mobile,35-44,Male,Loyalty
2024-07-20,Cart Abandonment Recovery,Instagram Ads,25030,835,3.336,758,157,86,26,0.1039,3683.69,323.2,1039.76,United States,Mobile,35-44,Male,Consideration
2024-07-20,Loyalty Rewards Push,Email Marketing,16726,1428,8.5376,1410,597,333,154,0.9207,20834.36,143.11,14458.28,United States,Mobile,55+,Female,Conversion
2024-07-20,Referral Bonanza,Referral,25246,1521,6.0247,1412,630,430,201,0.7962,29531.85,72.64,40555.08,Canada,Desktop,18-24,Male,Retargeting
2024-07-21,Summer Sale Blast,Instagram Ads,22480,855,3.8034,734,135,88,20,0.089,1694.17,625.15,171.0,Canada,Mobile,35-44,Male,Loyalty
2024-07-22,Free Trial Signup,Affiliate,18018,803,4.4567,692,206,99,32,0.1776,2390.36,317.03,653.99,United States,Desktop,45-54,Male,Awareness
2024-07-22,Lead Gen Webinar,TikTok Ads,14672,529,3.6055,397,96,48,10,0.0682,916.68,349.62,162.19,India,Mobile,18-24,Female,Retargeting
2024-07-23,New Year Kickoff,YouTube Ads,11595,329,2.8374,262,57,27,8,0.069,1266.31,308.04,311.09,Singapore,Desktop,25-34,Female,Conversion
2024-07-23,Cart Abandonment Recovery,YouTube Ads,7279,170,2.3355,137,25,10,2,0.0275,338.29,100.68,236.01,Australia,Mobile,35-44,Female,Awareness
2024-07-23,Loyalty Rewards Push,TikTok Ads,21547,924,4.2883,784,135,49,15,0.0696,1496.03,561.67,166.35,Singapore,Mobile,25-34,Male,Awareness
2024-07-23,Lead Gen Webinar,Instagram Ads,22372,671,2.9993,535,143,72,26,0.1162,2558.1,420.89,507.78,UAE,Mobile,25-34,Female,Awareness
2024-07-23,Summer Sale Blast,Google Ads,6824,491,7.1952,457,134,92,30,0.4396,2774.86,692.6,300.64,United States,Mobile,18-24,Male,Loyalty
2024-07-24,Flash Weekend Deal,LinkedIn Ads,28212,927,3.2858,797,250,152,65,0.2304,12081.13,2585.41,367.28,United Kingdom,Desktop,35-44,Female,Consideration
2024-07-24,Anniversary Sale,Google Ads,23001,1669,7.2562,1517,463,254,85,0.3695,12165.84,1405.07,765.85,India,Mobile,45-54,Male,Consideration
2024-07-24,Mid-Season Sale,LinkedIn Ads,18978,569,2.9982,517,154,105,42,0.2213,11685.07,1422.5,721.45,South Africa,Desktop,25-34,Female,Conversion
2024-07-24,Anniversary Sale,YouTube Ads,19346,753,3.8923,559,108,37,10,0.0517,1837.81,581.16,216.23,Australia,Mobile,25-34,Male,Conversion
2024-07-25,Summer Sale Blast,Instagram Ads,15731,479,3.0449,387,69,33,13,0.0826,748.93,278.26,169.15,India,Mobile,25-34,Male,Retargeting
2024-07-25,Clearance Blowout,Instagram Ads,25102,1063,4.2347,1036,270,191,63,0.251,3733.52,648.94,475.33,Brazil,Mobile,45-54,Female,Awareness
2024-07-25,Back to School,Google Ads,15374,963,6.2638,788,250,166,49,0.3187,3433.74,1374.83,149.76,Singapore,Mobile,55+,Male,Retargeting
2024-07-26,Flash Weekend Deal,YouTube Ads,25364,702,2.7677,466,99,43,8,0.0315,1215.03,639.01,90.14,Canada,Desktop,25-34,Female,Consideration
2024-07-26,Free Trial Signup,TikTok Ads,18889,896,4.7435,680,31,10,3,0.0159,178.53,643.87,-72.27,United Kingdom,Mobile,25-34,Female,Awareness
2024-07-27,New Year Kickoff,Affiliate,23205,1014,4.3697,789,207,111,30,0.1293,2050.43,342.06,499.44,Singapore,Mobile,45-54,Female,Loyalty
2024-07-27,Holiday Gift Guide,Facebook Ads,24210,1119,4.6221,920,186,109,27,0.1115,5768.01,922.21,525.46,United Kingdom,Mobile,18-24,Male,Retargeting
2024-07-27,Cart Abandonment Recovery,Referral,23915,1773,7.4138,1577,666,456,172,0.7192,29837.0,42.39,70286.88,United States,Tablet,35-44,Male,Awareness
2024-07-27,Anniversary Sale,Instagram Ads,26206,1018,3.8846,807,204,117,34,0.1297,2335.7,1002.45,133.0,Australia,Mobile,25-34,Male,Consideration
2024-07-28,Holiday Gift Guide,Instagram Ads,32000,1127,3.5219,959,224,131,38,0.1187,6557.66,1086.62,503.49,Australia,Desktop,35-44,Female,Consideration
2024-07-28,Referral Bonanza,Referral,30786,2750,8.9326,2639,1094,768,377,1.2246,36693.14,113.85,32129.37,Brazil,Mobile,25-34,Male,Retargeting
2024-07-28,Back to School,Facebook Ads,29211,1118,3.8273,926,303,191,41,0.1404,7023.04,972.36,622.27,India,Desktop,25-34,Female,Conversion
2024-07-28,Brand Awareness Drive,Affiliate,14842,455,3.0656,448,119,56,17,0.1145,1553.24,161.67,860.75,India,Desktop,18-24,Male,Conversion
2024-07-29,Festive Mega Offer,Referral,7550,570,7.5497,526,186,120,43,0.5695,11334.06,103.31,10870.92,United States,Mobile,45-54,Female,Conversion
2024-07-29,Holiday Gift Guide,TikTok Ads,21792,1216,5.58,960,63,28,7,0.0321,449.2,808.92,-44.47,United States,Mobile,55+,Female,Conversion
2024-07-30,Festive Mega Offer,Instagram Ads,22366,803,3.5903,648,205,97,21,0.0939,3040.9,563.01,440.11,Australia,Desktop,25-34,Male,Retargeting
2024-07-30,Clearance Blowout,LinkedIn Ads,16879,541,3.2052,451,159,125,53,0.314,18677.91,1435.28,1201.34,UAE,Tablet,25-34,Female,Conversion
2024-07-31,New Year Kickoff,Facebook Ads,14661,776,5.293,709,217,110,44,0.3001,7697.38,543.34,1316.68,Canada,Mobile,25-34,Female,Conversion
2024-07-31,Product Launch Q1,Facebook Ads,13575,572,4.2136,539,190,131,38,0.2799,7555.33,518.13,1358.19,South Africa,Mobile,45-54,Male,Conversion
2024-07-31,New Year Kickoff,Affiliate,13094,504,3.8491,413,104,52,15,0.1146,763.04,335.5,127.43,India,Tablet,25-34,Male,Loyalty
2024-08-01,Mid-Season Sale,LinkedIn Ads,26281,828,3.1506,621,220,134,41,0.156,15659.95,1824.27,758.42,India,Mobile,18-24,Female,Consideration
2024-08-01,Customer Win-Back,Organic Search,13385,533,3.9821,502,132,85,44,0.3287,5198.78,33.66,15344.98,United States,Mobile,45-54,Female,Retargeting
2024-08-01,Flash Weekend Deal,Organic Search,20639,1318,6.386,1257,496,242,87,0.4215,18895.54,90.59,20758.31,United Kingdom,Tablet,25-34,Male,Retargeting
2024-08-02,Cart Abandonment Recovery,Instagram Ads,25154,938,3.729,760,160,84,27,0.1073,5157.13,395.43,1204.18,India,Desktop,35-44,Other,Loyalty
2024-08-03,Customer Win-Back,Instagram Ads,29667,980,3.3033,806,229,156,26,0.0876,2604.47,906.71,187.24,UAE,Mobile,25-34,Female,Awareness
2024-08-03,Lead Gen Webinar,TikTok Ads,18904,1051,5.5597,807,145,58,10,0.0529,1357.96,488.07,178.23,United States,Mobile,25-34,Female,Loyalty
2024-08-03,Influencer Collab,TikTok Ads,14881,783,5.2617,549,70,19,2,0.0134,129.35,592.3,-78.16,India,Mobile,18-24,Male,Retargeting
2024-08-03,App Install Campaign,Organic Search,38966,2142,5.4971,2115,853,447,162,0.4157,17756.02,64.48,27437.25,Australia,Mobile,25-34,Female,Retargeting
2024-08-03,Brand Awareness Drive,Email Marketing,17910,1709,9.5422,1426,589,379,132,0.737,13437.32,160.65,8264.34,India,Mobile,35-44,Male,Consideration
2024-08-03,Summer Sale Blast,Instagram Ads,16950,454,2.6785,382,83,45,13,0.0767,1798.11,209.35,758.9,India,Desktop,18-24,Female,Awareness
2024-08-03,App Install Campaign,YouTube Ads,12299,304,2.4717,247,47,23,4,0.0325,670.8,230.18,191.42,India,Desktop,45-54,Female,Awareness
2024-08-04,Product Launch Q1,Facebook Ads,22678,917,4.0436,702,230,91,27,0.1191,2745.53,778.83,252.52,South Africa,Mobile,35-44,Female,Loyalty
2024-08-04,Brand Awareness Drive,TikTok Ads,15343,730,4.7579,587,139,67,18,0.1173,1642.7,211.37,677.17,United Kingdom,Mobile,35-44,Male,Awareness
2024-08-04,Holiday Gift Guide,Google Ads,18381,935,5.0868,834,338,157,59,0.321,15304.96,1316.52,1062.53,United States,Mobile,25-34,Male,Awareness
2024-08-04,Product Launch Q3,Referral,13853,1063,7.6734,1003,412,323,157,1.1333,18678.75,128.95,14385.27,United States,Mobile,35-44,Male,Consideration
2024-08-04,Influencer Collab,Instagram Ads,18961,747,3.9397,628,148,94,28,0.1477,4375.47,616.16,610.12,United Kingdom,Mobile,25-34,Male,Awareness
2024-08-05,Clearance Blowout,TikTok Ads,9236,453,4.9047,349,52,25,2,0.0217,242.28,233.84,3.61,Canada,Mobile,25-34,Male,Consideration
2024-08-05,Lead Gen Webinar,Email Marketing,10556,834,7.9007,735,254,152,90,0.8526,18407.93,155.3,11753.14,Canada,Mobile,18-24,Male,Conversion
2024-08-05,Customer Win-Back,LinkedIn Ads,21708,620,2.8561,561,207,110,57,0.2626,11909.37,1517.99,684.55,UAE,Desktop,45-54,Male,Awareness
2024-08-06,Flash Weekend Deal,Instagram Ads,6202,189,3.0474,151,28,16,4,0.0645,428.49,187.68,128.31,India,Desktop,35-44,Male,Consideration
2024-08-06,Back to School,Email Marketing,25101,1851,7.3742,1593,515,301,148,0.5896,30074.93,206.65,14453.56,India,Mobile,25-34,Female,Awareness
2024-08-06,Back to School,LinkedIn Ads,17456,602,3.4487,478,149,79,24,0.1375,3920.48,1323.1,196.31,India,Mobile,55+,Other,Loyalty
2024-08-07,Cart Abandonment Recovery,Google Ads,8392,553,6.5896,526,128,77,30,0.3575,5961.51,641.94,828.67,United States,Mobile,25-34,Male,Awareness
2024-08-07,Free Trial Signup,Instagram Ads,21379,1046,4.8927,803,303,137,54,0.2526,8414.9,936.55,798.5,India,Mobile,25-34,Male,Conversion
2024-08-07,Mid-Season Sale,TikTok Ads,13062,944,7.2271,805,122,53,16,0.1225,1849.35,592.61,212.07,United Kingdom,Mobile,35-44,Male,Retargeting
2024-08-07,Back to School,Email Marketing,8645,631,7.299,584,193,113,57,0.6593,9745.96,135.14,7111.75,UAE,Desktop,35-44,Female,Retargeting
2024-08-08,Free Trial Signup,Affiliate,16793,717,4.2696,623,213,128,39,0.2322,6043.05,590.75,922.95,South Africa,Mobile,25-34,Female,Loyalty
2024-08-08,Influencer Collab,Referral,13091,1066,8.143,944,461,260,123,0.9396,22058.35,119.06,18427.09,United States,Tablet,18-24,Male,Awareness
2024-08-08,Holiday Gift Guide,Google Ads,11130,730,6.5588,720,247,147,51,0.4582,6741.15,639.53,954.08,India,Mobile,18-24,Female,Retargeting
2024-08-08,Anniversary Sale,TikTok Ads,14840,684,4.6092,504,87,31,9,0.0606,549.8,439.86,24.99,Germany,Mobile,25-34,Female,Awareness
2024-08-08,Festive Mega Offer,Facebook Ads,11376,617,5.4237,512,125,57,19,0.167,2347.39,400.9,485.53,India,Mobile,35-44,Female,Awareness
2024-08-08,App Install Campaign,Referral,3939,288,7.3115,247,110,66,23,0.5839,1940.57,119.24,1527.45,United States,Mobile,25-34,Male,Conversion
2024-08-08,Customer Win-Back,Affiliate,40367,1846,4.573,1578,489,230,76,0.1883,8426.02,1286.59,554.91,United States,Desktop,35-44,Male,Conversion
2024-08-08,Clearance Blowout,YouTube Ads,8695,293,3.3698,221,35,13,3,0.0345,363.05,375.78,-3.39,United States,Mobile,25-34,Female,Awareness
2024-08-08,Anniversary Sale,Referral,34793,2635,7.5734,2608,1166,868,423,1.2158,78676.63,127.32,61694.4,United States,Mobile,35-44,Male,Awareness
2024-08-09,Product Launch Q3,LinkedIn Ads,25613,763,2.979,576,144,104,57,0.2225,15759.56,2204.13,615.0,United States,Tablet,25-34,Male,Conversion
2024-08-09,Back to School,Organic Search,11336,787,6.9425,776,338,215,66,0.5822,4181.15,123.99,3272.17,UAE,Tablet,25-34,Male,Awareness
2024-08-10,Clearance Blowout,Organic Search,16943,1100,6.4924,1061,402,249,111,0.6551,19289.51,147.33,12992.72,Brazil,Mobile,25-34,Female,Awareness
2024-08-10,Anniversary Sale,Instagram Ads,27495,1091,3.968,803,262,124,43,0.1564,5058.84,699.57,623.14,India,Desktop,18-24,Male,Loyalty
2024-08-11,App Install Campaign,Google Ads,23646,1514,6.4028,1442,499,308,90,0.3806,14115.13,923.23,1428.89,United States,Mobile,25-34,Male,Conversion
2024-08-11,Loyalty Rewards Push,TikTok Ads,16197,797,4.9207,597,127,55,11,0.0679,1596.6,361.81,341.28,Brazil,Tablet,18-24,Male,Awareness
2024-08-12,New Year Kickoff,Instagram Ads,27594,1137,4.1205,1033,172,100,38,0.1377,2376.33,958.32,147.97,Germany,Mobile,25-34,Male,Awareness
2024-08-13,Brand Awareness Drive,LinkedIn Ads,15714,460,2.9273,411,125,74,33,0.21,10549.57,1310.85,704.79,Brazil,Desktop,35-44,Female,Conversion
2024-08-13,Flash Weekend Deal,Referral,16122,1184,7.344,1109,479,304,165,1.0234,37456.09,53.88,69417.61,United Kingdom,Tablet,35-44,Male,Conversion
2024-08-13,Back to School,Email Marketing,15867,823,5.1869,728,369,233,112,0.7059,7438.78,79.1,9304.27,United States,Mobile,35-44,Male,Awareness
2024-08-13,Lead Gen Webinar,YouTube Ads,12283,510,4.1521,382,103,55,14,0.114,1526.45,448.84,240.09,United States,Desktop,18-24,Male,Consideration
2024-08-13,Anniversary Sale,Google Ads,15504,946,6.1017,875,360,225,58,0.3741,10641.96,1095.64,871.3,United States,Desktop,25-34,Female,Awareness
2024-08-14,Back to School,Affiliate,12897,551,4.2723,497,125,65,26,0.2016,4341.12,278.76,1457.3,United States,Desktop,25-34,Female,Retargeting
2024-08-14,Free Trial Signup,Email Marketing,18181,1428,7.8544,1402,626,341,111,0.6105,15224.34,210.07,7147.27,India,Mobile,18-24,Female,Conversion
2024-08-14,Anniversary Sale,TikTok Ads,15582,794,5.0956,594,73,25,4,0.0257,418.4,556.44,-24.81,India,Tablet,35-44,Female,Consideration
2024-08-14,Anniversary Sale,TikTok Ads,14912,761,5.1033,626,71,42,14,0.0939,1374.29,287.1,378.68,United Kingdom,Mobile,45-54,Female,Awareness
2024-08-14,App Install Campaign,Referral,18406,1134,6.161,1075,573,402,243,1.3202,47324.48,62.29,75874.44,India,Mobile,25-34,Male,Awareness
2024-08-14,Brand Awareness Drive,Email Marketing,13025,926,7.1094,802,321,147,61,0.4683,9206.93,128.86,7044.91,India,Desktop,25-34,Other,Retargeting
2024-08-15,New Year Kickoff,Facebook Ads,9919,518,5.2223,445,76,43,12,0.121,2234.06,303.55,635.98,Australia,Mobile,25-34,Female,Conversion
2024-08-15,Cart Abandonment Recovery,YouTube Ads,21824,684,3.1342,523,161,62,16,0.0733,2642.96,820.44,222.14,United States,Desktop,45-54,Male,Consideration
2024-08-15,Free Trial Signup,YouTube Ads,19193,748,3.8973,588,95,65,19,0.099,2833.67,771.03,267.52,India,Mobile,35-44,Male,Awareness
2024-08-15,Anniversary Sale,Facebook Ads,17094,741,4.3349,650,247,158,45,0.2633,8371.53,621.25,1247.53,United Kingdom,Mobile,25-34,Female,Conversion
2024-08-16,Festive Mega Offer,Organic Search,26956,1142,4.2365,1023,338,209,88,0.3265,8026.39,38.22,20900.5,India,Desktop,18-24,Female,Loyalty
2024-08-16,Mid-Season Sale,Organic Search,26861,1218,4.5345,1158,340,181,60,0.2234,5830.84,127.34,4478.95,United States,Desktop,25-34,Female,Conversion
2024-08-17,Back to School,Email Marketing,20325,1500,7.3801,1345,515,279,126,0.6199,17974.48,178.98,9942.73,United States,Mobile,25-34,Male,Consideration
2024-08-17,Free Trial Signup,Affiliate,12499,486,3.8883,400,113,72,23,0.184,3984.94,307.2,1197.18,India,Mobile,25-34,Male,Consideration
2024-08-17,New Year Kickoff,Instagram Ads,6506,240,3.6889,202,57,29,12,0.1844,2095.5,229.17,814.39,India,Mobile,35-44,Female,Awareness
2024-08-17,Clearance Blowout,Google Ads,23597,1350,5.7211,1216,314,180,49,0.2077,11375.66,2155.65,427.71,Brazil,Desktop,45-54,Male,Awareness
2024-08-17,Anniversary Sale,LinkedIn Ads,13306,286,2.1494,255,76,54,21,0.1578,5957.38,732.89,712.86,Germany,Desktop,45-54,Female,Conversion
2024-08-17,Flash Weekend Deal,Organic Search,25717,1093,4.2501,1028,229,130,48,0.1866,4342.11,80.36,5303.32,UAE,Mobile,18-24,Male,Loyalty
2024-08-18,Lead Gen Webinar,LinkedIn Ads,15752,468,2.9711,416,136,96,52,0.3301,24880.24,1151.75,2060.21,India,Mobile,25-34,Male,Retargeting
2024-08-18,Summer Sale Blast,Email Marketing,15444,1259,8.152,1200,509,358,145,0.9389,23499.43,161.72,14430.94,India,Mobile,25-34,Male,Conversion
2024-08-18,Lead Gen Webinar,Instagram Ads,25907,1181,4.5586,998,206,90,24,0.0926,2790.52,467.61,496.76,South Africa,Mobile,55+,Female,Consideration
2024-08-19,Brand Awareness Drive,Instagram Ads,25179,904,3.5903,714,153,62,12,0.0477,1351.4,530.08,154.94,Canada,Mobile,45-54,Female,Awareness
2024-08-19,Brand Awareness Drive,YouTube Ads,17504,571,3.2621,464,99,65,19,0.1085,1897.99,380.71,398.54,United States,Mobile,25-34,Male,Retargeting
2024-08-19,Free Trial Signup,YouTube Ads,21649,819,3.7831,625,119,69,22,0.1016,1538.35,449.39,242.32,India,Mobile,45-54,Female,Conversion
2024-08-19,Customer Win-Back,Google Ads,30962,2128,6.8729,1892,651,508,116,0.3747,8256.9,2081.45,296.69,Australia,Mobile,25-34,Male,Awareness
2024-08-20,Referral Bonanza,TikTok Ads,23445,1232,5.2549,891,253,149,18,0.0768,2632.76,809.08,225.4,India,Mobile,55+,Male,Awareness
2024-08-20,Product Launch Q1,Referral,23303,1970,8.4538,1731,804,471,235,1.0085,48361.23,108.36,44530.15,India,Tablet,18-24,Female,Conversion
2024-08-20,Lead Gen Webinar,Facebook Ads,14158,666,4.7041,590,113,52,7,0.0494,1205.79,512.27,135.38,Singapore,Mobile,35-44,Other,Conversion
2024-08-21,Back to School,Email Marketing,19647,1433,7.2937,1229,538,342,133,0.6769,29447.21,125.35,23391.99,India,Mobile,45-54,Male,Awareness
2024-08-21,App Install Campaign,Facebook Ads,24579,742,3.0188,695,241,123,44,0.179,3488.19,679.16,413.6,United States,Mobile,25-34,Male,Awareness
2024-08-21,Back to School,Email Marketing,11809,952,8.0616,903,364,203,87,0.7367,20708.9,141.35,14550.8,Canada,Mobile,35-44,Male,Awareness
2024-08-21,Mid-Season Sale,TikTok Ads,13557,765,5.6428,602,131,49,15,0.1106,1289.24,462.15,178.97,Canada,Mobile,55+,Male,Conversion
2024-08-21,Influencer Collab,Facebook Ads,19994,757,3.7861,679,156,66,21,0.105,2919.14,397.51,634.36,South Africa,Mobile,25-34,Male,Conversion
2024-08-21,Customer Win-Back,Affiliate,13015,507,3.8955,476,109,63,17,0.1306,1769.33,491.69,259.85,United States,Mobile,45-54,Male,Retargeting
2024-08-21,Back to School,Affiliate,15636,611,3.9076,516,166,82,26,0.1663,1371.7,349.83,292.1,United States,Desktop,18-24,Female,Conversion
2024-08-22,Customer Win-Back,Referral,13018,1020,7.8353,886,450,356,213,1.6362,45446.23,54.88,82710.19,United States,Desktop,25-34,Female,Awareness
2024-08-22,Summer Sale Blast,Organic Search,19367,1106,5.7107,1000,334,186,75,0.3873,6243.94,47.02,13179.33,United States,Mobile,35-44,Female,Awareness
2024-08-23,App Install Campaign,Facebook Ads,19707,997,5.0591,761,182,86,36,0.1827,2568.59,587.78,337.0,India,Mobile,18-24,Male,Loyalty
2024-08-23,Mid-Season Sale,Organic Search,16825,1072,6.3715,1004,391,216,68,0.4042,15081.68,132.85,11252.41,Australia,Desktop,25-34,Female,Conversion
2024-08-24,Loyalty Rewards Push,YouTube Ads,28599,1025,3.584,877,256,114,23,0.0804,1288.18,1070.06,20.38,India,Desktop,18-24,Male,Conversion
2024-08-24,Product Launch Q1,Affiliate,17011,614,3.6094,507,180,91,18,0.1058,2192.55,418.06,424.46,United Kingdom,Mobile,18-24,Female,Conversion
2024-08-24,Festive Mega Offer,LinkedIn Ads,18168,439,2.4163,368,131,72,30,0.1651,7416.97,772.72,859.85,United States,Desktop,45-54,Male,Loyalty
2024-08-24,Back to School,Referral,13255,875,6.6013,841,425,280,114,0.8601,11773.59,35.78,32805.51,Germany,Desktop,18-24,Male,Consideration
2024-08-24,Clearance Blowout,Affiliate,17061,670,3.9271,638,130,70,13,0.0762,2002.85,340.45,488.29,United Kingdom,Desktop,25-34,Female,Retargeting
2024-08-25,Brand Awareness Drive,Organic Search,40233,2273,5.6496,2125,723,464,206,0.512,23326.93,145.81,15898.17,United Kingdom,Mobile,35-44,Male,Consideration
2024-08-25,Holiday Gift Guide,Organic Search,33854,1811,5.3494,1634,532,308,119,0.3515,25925.93,25.64,101015.17,Australia,Mobile,55+,Male,Awareness
2024-08-26,Product Launch Q3,Organic Search,18223,846,4.6425,795,234,99,45,0.2469,3248.13,120.54,2594.65,United States,Mobile,55+,Male,Conversion
2024-08-26,Free Trial Signup,Facebook Ads,7807,424,5.431,393,77,51,17,0.2178,3080.63,383.34,703.63,Australia,Mobile,25-34,Female,Consideration
2024-08-27,Festive Mega Offer,Affiliate,9790,462,4.7191,392,137,68,18,0.1839,3082.77,440.0,600.63,India,Desktop,45-54,Female,Loyalty
2024-08-27,Cart Abandonment Recovery,Organic Search,30260,1621,5.3569,1523,535,311,113,0.3734,6862.36,60.15,11308.74,India,Desktop,35-44,Female,Retargeting
2024-08-27,Cart Abandonment Recovery,Affiliate,11695,493,4.2155,427,83,36,5,0.0428,399.44,421.27,-5.18,India,Mobile,35-44,Female,Retargeting
2024-08-28,Festive Mega Offer,Referral,13744,1058,7.6979,942,356,216,147,1.0696,35857.98,21.39,167538.99,United States,Mobile,45-54,Male,Conversion
2024-08-28,Product Launch Q1,Google Ads,13795,1105,8.0101,984,326,175,64,0.4639,10395.19,1460.72,611.65,Brazil,Mobile,55+,Female,Loyalty
2024-08-28,Lead Gen Webinar,Facebook Ads,20577,1047,5.0882,895,194,105,38,0.1847,7529.39,621.76,1110.98,United Kingdom,Mobile,25-34,Male,Conversion
2024-08-29,Holiday Gift Guide,LinkedIn Ads,9352,219,2.3417,178,58,48,24,0.2566,4775.3,342.21,1295.43,Australia,Desktop,25-34,Male,Awareness
2024-08-29,Back to School,Organic Search,14847,1030,6.9374,1019,432,240,74,0.4984,4798.07,86.59,5441.14,Germany,Desktop,18-24,Male,Consideration
2024-08-30,Holiday Gift Guide,Instagram Ads,15500,499,3.2194,375,99,44,16,0.1032,1194.65,300.33,297.78,United States,Mobile,35-44,Male,Retargeting
2024-08-30,Brand Awareness Drive,Facebook Ads,19604,1016,5.1826,835,238,139,26,0.1326,4917.8,839.23,485.99,United States,Desktop,55+,Male,Awareness
2024-08-30,Product Launch Q1,Email Marketing,18831,1303,6.9194,1240,568,312,151,0.8019,33049.55,161.58,20353.99,United States,Desktop,25-34,Male,Retargeting
2024-08-31,Cart Abandonment Recovery,TikTok Ads,9506,467,4.9127,321,69,28,11,0.1157,965.39,348.16,177.28,Australia,Desktop,18-24,Male,Loyalty
2024-08-31,Product Launch Q3,TikTok Ads,22820,827,3.624,610,97,36,9,0.0394,375.2,402.23,-6.72,United States,Mobile,55+,Male,Awareness
2024-08-31,Free Trial Signup,Instagram Ads,25896,881,3.4021,779,113,47,18,0.0695,1271.78,394.61,222.29,South Africa,Desktop,45-54,Male,Awareness
2024-09-01,Product Launch Q1,Facebook Ads,11377,499,4.386,418,91,36,16,0.1406,2487.8,503.17,394.43,United States,Mobile,18-24,Female,Consideration
2024-09-01,Loyalty Rewards Push,Organic Search,22489,1702,7.5681,1443,516,325,133,0.5914,11923.39,31.88,37300.85,United States,Mobile,25-34,Male,Conversion
2024-09-01,Clearance Blowout,Affiliate,11134,429,3.8531,412,88,39,16,0.1437,2597.25,294.1,783.12,United States,Mobile,18-24,Male,Loyalty
2024-09-01,Mid-Season Sale,Organic Search,15402,742,4.8176,705,218,145,74,0.4805,15273.02,37.48,40649.79,India,Mobile,25-34,Female,Awareness
2024-09-01,Referral Bonanza,Affiliate,27920,1166,4.1762,1047,200,105,28,0.1003,3971.29,532.99,645.1,Singapore,Mobile,18-24,Female,Conversion
2024-09-01,Cart Abandonment Recovery,Organic Search,6586,426,6.4683,411,151,86,32,0.4859,3756.7,85.43,4297.4,Singapore,Tablet,18-24,Female,Awareness
2024-09-01,Festive Mega Offer,LinkedIn Ads,18854,394,2.0897,322,108,82,41,0.2175,19049.57,652.18,2820.91,India,Mobile,25-34,Female,Loyalty
2024-09-01,Product Launch Q3,Google Ads,20416,990,4.8491,876,295,244,71,0.3478,13447.47,1313.26,923.98,Canada,Mobile,25-34,Female,Awareness
2024-09-02,Anniversary Sale,LinkedIn Ads,22237,660,2.968,554,112,73,30,0.1349,14294.88,1345.18,962.67,India,Desktop,35-44,Male,Conversion
2024-09-02,Flash Weekend Deal,YouTube Ads,17113,590,3.4477,490,188,70,22,0.1286,2282.87,592.57,285.25,South Africa,Desktop,18-24,Male,Loyalty
2024-09-03,Anniversary Sale,Affiliate,22175,957,4.3157,763,157,71,26,0.1172,4371.19,528.57,726.98,Australia,Tablet,35-44,Female,Conversion
2024-09-03,Lead Gen Webinar,YouTube Ads,21713,892,4.1081,730,174,62,4,0.0184,416.19,1071.04,-61.14,South Africa,Mobile,25-34,Female,Consideration
2024-09-03,Holiday Gift Guide,Instagram Ads,22528,725,3.2182,594,115,68,13,0.0577,2390.77,346.08,590.81,Singapore,Mobile,35-44,Female,Awareness
2024-09-03,Clearance Blowout,Email Marketing,30918,2135,6.9054,1915,967,655,251,0.8118,50778.01,237.01,21324.42,United States,Mobile,18-24,Male,Conversion
2024-09-03,Product Launch Q3,Google Ads,15885,908,5.7161,832,320,203,87,0.5477,20040.51,1108.96,1707.14,India,Mobile,18-24,Male,Consideration
2024-09-04,Product Launch Q3,Facebook Ads,23207,985,4.2444,817,169,112,31,0.1336,6341.89,607.27,944.33,Canada,Tablet,18-24,Male,Awareness
2024-09-05,Referral Bonanza,Organic Search,28825,1602,5.5577,1397,407,270,106,0.3677,7085.87,67.97,10325.0,United States,Mobile,18-24,Female,Awareness
2024-09-06,Free Trial Signup,Organic Search,26420,1605,6.0749,1473,487,294,128,0.4845,27443.05,97.63,28009.24,Germany,Mobile,18-24,Female,Retargeting
2024-09-06,Cart Abandonment Recovery,Google Ads,19404,1206,6.2152,1100,430,335,96,0.4947,11846.9,1382.99,756.62,UAE,Mobile,45-54,Male,Conversion
2024-09-07,Brand Awareness Drive,Referral,17006,993,5.8391,961,341,243,97,0.5704,26060.04,108.85,23841.24,Brazil,Mobile,25-34,Female,Consideration
2024-09-07,Free Trial Signup,Email Marketing,20276,1876,9.2523,1677,551,305,88,0.434,13881.51,237.74,5738.95,UAE,Mobile,35-44,Female,Consideration
2024-09-07,Customer Win-Back,YouTube Ads,20438,544,2.6617,397,77,42,16,0.0783,1023.24,662.59,54.43,India,Mobile,45-54,Male,Retargeting
2024-09-08,Referral Bonanza,Affiliate,10364,351,3.3867,297,98,63,18,0.1737,2525.93,270.18,834.91,United States,Mobile,18-24,Female,Conversion
2024-09-08,Back to School,Email Marketing,19394,1452,7.4869,1245,468,336,169,0.8714,25403.63,137.87,18325.79,India,Desktop,18-24,Female,Awareness
2024-09-08,Back to School,Referral,22131,2197,9.9273,2057,950,663,350,1.5815,34493.38,20.53,167914.52,India,Mobile,25-34,Male,Retargeting
2024-09-09,Brand Awareness Drive,TikTok Ads,14173,745,5.2565,618,97,32,6,0.0423,673.82,344.07,95.84,United States,Mobile,18-24,Female,Retargeting
2024-09-09,Summer Sale Blast,TikTok Ads,15862,635,4.0033,465,57,19,5,0.0315,638.55,246.49,159.06,UAE,Desktop,35-44,Male,Consideration
2024-09-09,Lead Gen Webinar,Email Marketing,20004,1606,8.0284,1585,558,342,137,0.6849,21667.63,165.54,12989.06,United States,Desktop,45-54,Female,Consideration
2024-09-09,Anniversary Sale,Instagram Ads,23239,1073,4.6172,901,168,92,36,0.1549,2486.93,948.19,162.28,Australia,Mobile,55+,Male,Awareness
2024-09-10,Mid-Season Sale,Referral,14941,1006,6.7332,941,375,258,110,0.7362,22432.62,59.33,37709.91,India,Mobile,25-34,Male,Conversion
2024-09-10,Clearance Blowout,LinkedIn Ads,25856,662,2.5603,521,167,118,66,0.2553,25396.5,1869.49,1258.47,United States,Mobile,35-44,Female,Conversion
2024-09-11,Back to School,Referral,15821,773,4.8859,703,303,227,100,0.6321,17361.12,22.73,76279.76,United States,Mobile,35-44,Male,Retargeting
2024-09-12,Mid-Season Sale,Referral,9397,768,8.1728,738,262,210,88,0.9365,17591.22,63.49,27607.07,UAE,Mobile,35-44,Male,Consideration
2024-09-12,App Install Campaign,TikTok Ads,18158,933,5.1382,751,167,72,19,0.1046,1009.43,234.38,330.68,United States,Mobile,18-24,Female,Awareness
2024-09-12,Cart Abandonment Recovery,LinkedIn Ads,14057,399,2.8384,327,116,76,28,0.1992,9027.24,633.44,1325.11,United Kingdom,Tablet,18-24,Male,Conversion
2024-09-13,Loyalty Rewards Push,LinkedIn Ads,17623,562,3.189,556,149,79,30,0.1702,11615.03,822.47,1312.21,United States,Desktop,25-34,Female,Awareness
2024-09-13,Cart Abandonment Recovery,Organic Search,17124,805,4.701,757,335,222,103,0.6015,10618.24,79.78,13209.4,South Africa,Tablet,25-34,Female,Retargeting
2024-09-13,Loyalty Rewards Push,Instagram Ads,18127,737,4.0658,597,134,78,9,0.0496,732.24,455.56,60.73,Canada,Mobile,25-34,Male,Consideration
2024-09-13,Festive Mega Offer,LinkedIn Ads,6999,162,2.3146,146,57,52,25,0.3572,9781.79,432.09,2163.83,Canada,Mobile,35-44,Female,Retargeting
2024-09-13,App Install Campaign,Organic Search,16991,955,5.6206,893,364,191,42,0.2472,8478.84,27.7,30509.53,UAE,Mobile,18-24,Other,Consideration
2024-09-14,Summer Sale Blast,Referral,19513,1545,7.9178,1395,663,419,269,1.3786,29886.59,93.2,31967.16,India,Mobile,55+,Male,Awareness
2024-09-14,Free Trial Signup,YouTube Ads,19025,935,4.9146,700,134,47,14,0.0736,888.38,974.95,-8.88,Germany,Mobile,25-34,Male,Awareness
2024-09-15,Customer Win-Back,YouTube Ads,12791,531,4.1514,445,184,77,31,0.2424,1982.99,614.59,222.65,United States,Desktop,35-44,Female,Loyalty
2024-09-15,Loyalty Rewards Push,LinkedIn Ads,29358,1060,3.6106,924,310,214,73,0.2487,29989.7,2738.89,994.96,India,Mobile,25-34,Male,Consideration
2024-09-15,Clearance Blowout,TikTok Ads,21147,1015,4.7997,796,173,62,11,0.052,1560.16,446.0,249.81,Canada,Mobile,35-44,Male,Conversion
2024-09-15,Influencer Collab,Referral,20233,1878,9.2819,1751,900,732,280,1.3839,34667.38,91.63,37734.09,India,Desktop,45-54,Female,Retargeting
2024-09-16,Loyalty Rewards Push,Email Marketing,27324,2311,8.4578,2174,930,561,260,0.9515,39126.55,141.93,27467.5,United States,Desktop,45-54,Male,Conversion
2024-09-16,Product Launch Q3,Instagram Ads,35581,1726,4.8509,1419,354,149,35,0.0984,2575.86,1345.76,91.41,United Kingdom,Mobile,25-34,Male,Awareness
2024-09-18,Loyalty Rewards Push,Facebook Ads,2895,101,3.4888,99,23,14,4,0.1382,271.68,215.56,26.03,United States,Mobile,25-34,Female,Awareness
2024-09-18,Loyalty Rewards Push,TikTok Ads,21812,1031,4.7268,742,104,40,8,0.0367,815.01,350.77,132.35,India,Desktop,55+,Male,Awareness
2024-09-19,Brand Awareness Drive,Referral,13287,806,6.0661,723,273,202,119,0.8956,30095.93,53.51,56143.56,India,Mobile,45-54,Female,Consideration
2024-09-19,Festive Mega Offer,Referral,20339,1680,8.26,1619,701,448,255,1.2537,56600.76,72.15,78348.73,United States,Desktop,18-24,Male,Consideration
2024-09-19,Product Launch Q1,Google Ads,10284,589,5.7273,536,184,108,24,0.2334,4753.45,788.49,502.85,Canada,Desktop,25-34,Female,Retargeting
2024-09-21,New Year Kickoff,Google Ads,21823,1383,6.3374,1251,469,335,111,0.5086,13063.62,1646.39,693.47,India,Desktop,25-34,Male,Loyalty
2024-09-21,Lead Gen Webinar,LinkedIn Ads,4085,120,2.9376,104,28,20,8,0.1958,2368.73,336.84,603.22,India,Desktop,18-24,Female,Conversion
2024-09-21,Cart Abandonment Recovery,Instagram Ads,19646,887,4.5149,712,206,92,32,0.1629,5343.57,522.76,922.18,United States,Mobile,25-34,Other,Awareness
2024-09-22,Flash Weekend Deal,Referral,13030,724,5.5564,681,304,217,74,0.5679,14647.24,87.32,16674.21,Germany,Mobile,55+,Male,Awareness
2024-09-23,App Install Campaign,Affiliate,23083,898,3.8903,808,257,119,39,0.169,6798.85,642.59,958.04,India,Mobile,45-54,Male,Conversion
2024-09-23,Product Launch Q1,LinkedIn Ads,28553,700,2.4516,626,159,102,48,0.1681,18700.85,2261.07,727.08,Singapore,Mobile,55+,Male,Awareness
2024-09-23,Free Trial Signup,Email Marketing,16185,1214,7.5008,1160,477,294,101,0.624,19444.22,52.38,37021.46,Canada,Mobile,18-24,Female,Consideration
2024-09-23,New Year Kickoff,Email Marketing,14191,898,6.328,815,334,180,94,0.6624,15185.32,181.32,8274.87,United Kingdom,Mobile,45-54,Female,Conversion
2024-09-23,Product Launch Q1,Email Marketing,26500,1980,7.4717,1833,828,475,241,0.9094,25326.37,247.52,10132.05,Canada,Desktop,35-44,Female,Consideration
2024-09-23,Festive Mega Offer,Organic Search,13646,628,4.6021,587,222,147,38,0.2785,8552.5,95.36,8868.65,United States,Desktop,25-34,Female,Awareness
2024-09-24,Mid-Season Sale,Email Marketing,24737,1602,6.4761,1242,588,373,171,0.6913,20239.62,154.39,13009.41,Singapore,Desktop,25-34,Female,Awareness
2024-09-24,Brand Awareness Drive,Organic Search,23164,929,4.0105,881,367,222,129,0.5569,8862.06,83.96,10455.1,Australia,Mobile,25-34,Male,Awareness
2024-09-25,Customer Win-Back,Instagram Ads,28161,1084,3.8493,865,237,138,44,0.1562,5027.67,1018.33,393.72,United Kingdom,Mobile,25-34,Male,Awareness
2024-09-25,Influencer Collab,Instagram Ads,10567,383,3.6245,338,98,46,11,0.1041,957.94,314.16,204.92,Germany,Mobile,25-34,Female,Consideration
2024-09-25,Free Trial Signup,Organic Search,25768,1854,7.195,1734,606,341,153,0.5938,26389.6,54.2,48589.3,UAE,Mobile,25-34,Female,Awareness
2024-09-26,Lead Gen Webinar,YouTube Ads,29491,1007,3.4146,706,182,91,29,0.0983,3415.26,952.18,258.68,India,Desktop,25-34,Female,Awareness
2024-09-26,Back to School,Instagram Ads,25120,909,3.6186,802,247,125,32,0.1274,4009.37,381.71,950.37,UAE,Desktop,35-44,Male,Conversion
2024-09-26,Referral Bonanza,Affiliate,27804,1582,5.6898,1249,389,189,70,0.2518,9709.54,475.42,1942.31,India,Desktop,35-44,Male,Awareness
2024-09-27,Anniversary Sale,Instagram Ads,17069,634,3.7143,539,139,75,23,0.1347,1693.56,349.79,384.16,India,Mobile,35-44,Male,Retargeting
2024-09-27,Brand Awareness Drive,Facebook Ads,20398,796,3.9023,721,147,95,37,0.1814,8095.39,543.78,1388.73,Canada,Mobile,45-54,Male,Awareness
2024-09-28,App Install Campaign,Facebook Ads,26873,1222,4.5473,964,226,147,46,0.1712,8197.95,749.65,993.57,Singapore,Mobile,25-34,Male,Awareness
2024-09-28,Lead Gen Webinar,Email Marketing,20616,1398,6.7811,1326,399,170,106,0.5142,12724.2,156.03,8054.97,India,Mobile,45-54,Female,Awareness
2024-09-28,Clearance Blowout,Affiliate,18381,821,4.4666,631,119,61,23,0.1251,2423.48,533.83,353.98,India,Desktop,55+,Male,Conversion
2024-09-29,Free Trial Signup,Google Ads,15040,1082,7.1941,903,330,204,74,0.492,13378.78,1279.95,945.26,Australia,Mobile,25-34,Male,Conversion
2024-09-29,Summer Sale Blast,TikTok Ads,21309,1043,4.8946,893,48,21,3,0.0141,386.9,425.35,-9.04,South Africa,Desktop,18-24,Female,Consideration
2024-09-29,Customer Win-Back,TikTok Ads,28639,1798,6.2782,1488,197,69,20,0.0698,1072.93,858.86,24.92,Singapore,Mobile,18-24,Male,Consideration
2024-09-29,Festive Mega Offer,Facebook Ads,29724,1335,4.4913,1143,323,175,69,0.2321,12352.24,686.61,1699.02,United Kingdom,Mobile,25-34,Male,Conversion
2024-09-30,Product Launch Q3,Google Ads,33369,1840,5.5141,1794,531,307,183,0.5484,37082.08,1812.99,1945.35,United States,Mobile,35-44,Female,Loyalty
2024-09-30,Product Launch Q1,Organic Search,21558,1442,6.6889,1320,448,278,167,0.7747,10367.19,45.75,22560.52,Singapore,Mobile,25-34,Female,Consideration
2024-09-30,Summer Sale Blast,Referral,24009,1921,8.0012,1740,754,549,269,1.1204,62350.82,38.82,160515.2,India,Mobile,25-34,Male,Consideration
2024-09-30,Lead Gen Webinar,TikTok Ads,28838,1199,4.1577,891,137,78,32,0.111,3948.92,710.44,455.84,India,Mobile,18-24,Female,Awareness
2024-10-01,Back to School,LinkedIn Ads,17093,561,3.282,484,162,102,50,0.2925,22584.2,1360.97,1559.42,Germany,Desktop,55+,Male,Conversion
2024-10-01,Product Launch Q3,Facebook Ads,11936,626,5.2446,533,186,97,26,0.2178,1666.11,539.81,208.65,India,Mobile,18-24,Female,Loyalty
2024-10-01,Flash Weekend Deal,Google Ads,19313,1042,5.3953,886,327,150,63,0.3262,5336.69,763.86,598.65,India,Mobile,35-44,Female,Consideration
2024-10-01,Referral Bonanza,Referral,20669,1631,7.891,1589,608,393,227,1.0983,19959.71,64.87,30668.78,United States,Desktop,18-24,Male,Awareness
2024-10-02,Summer Sale Blast,Organic Search,2184,104,4.7619,100,36,20,6,0.2747,556.26,145.4,282.57,United States,Desktop,55+,Female,Loyalty
2024-10-03,Loyalty Rewards Push,Google Ads,12662,688,5.4336,616,222,142,63,0.4976,13923.89,836.5,1564.54,Canada,Mobile,18-24,Male,Retargeting
2024-10-03,Free Trial Signup,Referral,17520,1113,6.3527,932,394,239,123,0.7021,31052.67,96.87,31956.02,United States,Mobile,18-24,Male,Retargeting
2024-10-03,Loyalty Rewards Push,LinkedIn Ads,16461,423,2.5697,389,77,52,25,0.1519,3881.32,793.15,389.36,United States,Mobile,25-34,Male,Awareness
2024-10-04,Product Launch Q3,TikTok Ads,22049,1111,5.0388,961,142,76,24,0.1088,3424.69,794.68,330.95,United Kingdom,Desktop,25-34,Male,Conversion
2024-10-04,App Install Campaign,Facebook Ads,14292,713,4.9888,584,184,124,52,0.3638,9376.36,539.32,1638.55,United States,Desktop,35-44,Female,Awareness
2024-10-04,App Install Campaign,Email Marketing,13983,975,6.9728,913,395,190,84,0.6007,12960.33,146.72,8733.38,Australia,Mobile,25-34,Male,Awareness
2024-10-04,Back to School,TikTok Ads,25170,970,3.8538,729,162,91,23,0.0914,2612.32,422.58,518.18,United States,Desktop,18-24,Female,Awareness
2024-10-05,Summer Sale Blast,LinkedIn Ads,17940,469,2.6143,446,96,63,26,0.1449,10701.21,751.22,1324.51,United States,Desktop,35-44,Female,Loyalty
2024-10-05,Lead Gen Webinar,Referral,24376,1670,6.851,1570,551,388,186,0.763,52938.61,85.26,61990.79,India,Tablet,45-54,Male,Awareness
2024-10-05,Loyalty Rewards Push,Google Ads,14687,969,6.5977,793,228,160,69,0.4698,7036.63,1380.05,409.88,India,Desktop,35-44,Male,Retargeting
2024-10-06,Loyalty Rewards Push,Google Ads,14973,1152,7.6938,1049,396,219,61,0.4074,8932.2,780.11,1044.99,Canada,Mobile,25-34,Female,Loyalty
2024-10-06,Customer Win-Back,Facebook Ads,17915,1021,5.6991,850,332,171,26,0.1451,5283.74,665.43,694.03,Germany,Desktop,25-34,Female,Awareness
2024-10-06,Customer Win-Back,Referral,27041,2168,8.0175,1982,864,547,309,1.1427,24833.79,24.04,103201.96,United Kingdom,Desktop,45-54,Male,Consideration
2024-10-06,Anniversary Sale,Google Ads,14239,635,4.4596,598,175,127,41,0.2879,3013.35,507.12,494.21,Australia,Mobile,55+,Female,Awareness
2024-10-06,Brand Awareness Drive,Instagram Ads,24805,790,3.1848,604,98,50,10,0.0403,1046.11,647.25,61.62,India,Desktop,35-44,Male,Conversion
2024-10-06,Loyalty Rewards Push,Google Ads,36549,2549,6.9742,2212,631,366,119,0.3256,13414.69,2885.38,364.92,India,Mobile,35-44,Female,Consideration
2024-10-07,Flash Weekend Deal,LinkedIn Ads,24518,695,2.8347,642,175,122,50,0.2039,14658.5,1496.31,879.64,India,Desktop,25-34,Female,Consideration
2024-10-07,App Install Campaign,Instagram Ads,14676,667,4.5448,477,87,46,5,0.0341,861.38,420.97,104.62,United States,Desktop,25-34,Male,Conversion
2024-10-07,Cart Abandonment Recovery,Google Ads,27955,2229,7.9735,2080,524,246,120,0.4293,30987.86,3407.42,809.42,UAE,Mobile,25-34,Female,Conversion
2024-10-07,Product Launch Q1,Facebook Ads,16408,770,4.6928,666,231,141,57,0.3474,8371.55,748.27,1018.79,India,Mobile,55+,Male,Consideration
2024-10-07,Brand Awareness Drive,Organic Search,11239,641,5.7034,634,181,108,41,0.3648,4470.76,48.34,9148.57,UAE,Mobile,35-44,Male,Retargeting
2024-10-07,Lead Gen Webinar,TikTok Ads,7583,418,5.5123,336,107,36,8,0.1055,833.15,320.25,160.16,India,Desktop,25-34,Male,Loyalty
2024-10-07,Summer Sale Blast,Email Marketing,19770,1321,6.6818,1224,485,216,60,0.3035,11019.83,169.08,6417.52,Australia,Mobile,45-54,Male,Loyalty
2024-10-08,Summer Sale Blast,Affiliate,19369,791,4.0838,671,181,95,38,0.1962,4032.5,588.23,585.53,India,Tablet,35-44,Male,Awareness
2024-10-08,Influencer Collab,TikTok Ads,28432,1126,3.9603,858,155,64,23,0.0809,3414.93,591.28,477.55,India,Desktop,18-24,Female,Consideration
2024-10-08,Anniversary Sale,Referral,16596,1078,6.4955,1056,576,348,191,1.1509,24806.66,32.46,76322.24,United Kingdom,Desktop,45-54,Male,Conversion
2024-10-09,Free Trial Signup,TikTok Ads,21618,942,4.3575,851,183,99,24,0.111,3129.59,489.4,539.47,United States,Mobile,45-54,Female,Retargeting
2024-10-09,Customer Win-Back,Referral,15629,1081,6.9166,987,360,236,116,0.7422,24312.82,30.15,80539.54,Canada,Mobile,25-34,Male,Conversion
2024-10-09,Anniversary Sale,Instagram Ads,6571,203,3.0893,170,58,27,6,0.0913,866.54,222.01,290.32,South Africa,Mobile,45-54,Male,Consideration
2024-10-09,New Year Kickoff,YouTube Ads,18692,622,3.3276,502,134,78,20,0.107,2913.31,455.44,539.67,Canada,Mobile,25-34,Male,Awareness
2024-10-10,Loyalty Rewards Push,Email Marketing,14143,1017,7.1908,1006,503,222,92,0.6505,11914.15,115.3,10233.17,India,Mobile,45-54,Male,Awareness
2024-10-10,Product Launch Q3,Google Ads,13806,676,4.8964,630,252,146,58,0.4201,4061.82,557.31,628.83,United States,Mobile,18-24,Female,Conversion
2024-10-10,Referral Bonanza,Facebook Ads,28418,1292,4.5464,1086,180,101,32,0.1126,3706.22,761.78,386.52,United States,Mobile,18-24,Female,Consideration
2024-10-11,New Year Kickoff,Email Marketing,25111,1694,6.746,1638,619,353,155,0.6173,25421.69,215.27,11709.21,Canada,Mobile,45-54,Male,Loyalty
2024-10-11,Festive Mega Offer,TikTok Ads,19462,890,4.573,637,160,78,19,0.0976,1582.1,477.0,231.68,India,Desktop,35-44,Male,Consideration
2024-10-11,Product Launch Q1,Google Ads,17609,849,4.8214,808,313,185,79,0.4486,8897.05,1402.04,534.58,India,Desktop,18-24,Female,Conversion
2024-10-11,Product Launch Q3,Affiliate,18099,755,4.1715,636,165,93,20,0.1105,1189.44,480.74,147.42,United States,Desktop,25-34,Male,Consideration
2024-10-11,Anniversary Sale,Organic Search,28829,1550,5.3765,1534,405,185,60,0.2081,3853.57,49.54,7678.7,Germany,Mobile,25-34,Male,Retargeting
2024-10-11,Summer Sale Blast,Organic Search,21308,1299,6.0963,1243,427,281,113,0.5303,13115.99,81.88,15918.55,United States,Tablet,35-44,Male,Awareness
2024-10-12,Clearance Blowout,Email Marketing,26418,1811,6.8552,1707,717,428,161,0.6094,20608.16,125.51,16319.54,United States,Desktop,45-54,Male,Retargeting
2024-10-12,Mid-Season Sale,Referral,15350,1228,8.0,1198,451,322,184,1.1987,36069.24,113.01,31816.86,Canada,Desktop,35-44,Male,Retargeting
2024-10-13,Flash Weekend Deal,Referral,6250,433,6.928,381,121,90,55,0.88,16030.53,90.4,17632.89,India,Mobile,25-34,Female,Loyalty
2024-10-13,Influencer Collab,Instagram Ads,12337,324,2.6262,255,61,29,11,0.0892,865.34,307.35,181.55,India,Tablet,25-34,Female,Awareness
2024-10-14,Product Launch Q1,LinkedIn Ads,20871,638,3.0569,551,154,112,44,0.2108,21329.29,1333.72,1499.23,Canada,Mobile,25-34,Female,Conversion
2024-10-14,Influencer Collab,YouTube Ads,10970,294,2.68,235,52,13,4,0.0365,217.26,320.23,-32.16,Australia,Mobile,35-44,Male,Awareness
2024-10-14,Summer Sale Blast,TikTok Ads,24507,1170,4.7741,897,107,48,14,0.0571,1787.0,590.21,202.77,India,Desktop,45-54,Female,Consideration
2024-10-14,Anniversary Sale,Referral,17660,1165,6.5968,1045,445,319,137,0.7758,26741.32,81.22,32824.55,United Kingdom,Desktop,25-34,Female,Consideration
2024-10-14,Back to School,Organic Search,13716,901,6.569,867,232,154,63,0.4593,11019.99,104.52,10443.43,India,Mobile,35-44,Male,Loyalty
2024-10-14,Product Launch Q1,Google Ads,25176,1757,6.9789,1643,550,327,168,0.6673,29933.18,2341.1,1178.59,India,Mobile,55+,Male,Conversion
2024-10-14,Clearance Blowout,Organic Search,10061,638,6.3413,629,272,181,92,0.9144,7964.72,96.15,8183.64,India,Mobile,45-54,Male,Consideration
2024-10-15,Holiday Gift Guide,LinkedIn Ads,23492,499,2.1241,441,96,55,26,0.1107,5089.57,1658.0,206.97,United States,Desktop,25-34,Other,Conversion
2024-10-15,New Year Kickoff,Affiliate,23953,1024,4.275,820,263,168,52,0.2171,6570.96,683.39,861.52,United Kingdom,Desktop,18-24,Male,Conversion
2024-10-15,Product Launch Q1,Organic Search,8356,392,4.6912,363,77,43,12,0.1436,1457.5,110.31,1221.28,India,Mobile,25-34,Male,Conversion
2024-10-15,Product Launch Q1,Organic Search,20595,1038,5.0401,945,275,112,42,0.2039,2688.64,57.24,4597.13,India,Mobile,18-24,Female,Awareness
2024-10-15,Mid-Season Sale,Organic Search,18747,698,3.7233,676,313,194,96,0.5121,18619.67,45.11,41176.15,United States,Mobile,35-44,Male,Awareness
2024-10-15,App Install Campaign,TikTok Ads,21061,1210,5.7452,940,128,40,10,0.0475,441.96,653.8,-32.4,Singapore,Desktop,25-34,Female,Awareness
2024-10-15,Referral Bonanza,LinkedIn Ads,16158,527,3.2615,475,138,85,35,0.2166,5543.64,978.57,466.5,United States,Mobile,35-44,Female,Awareness
2024-10-16,Clearance Blowout,YouTube Ads,17687,520,2.94,411,121,60,18,0.1018,1937.01,417.3,364.18,United States,Mobile,35-44,Female,Awareness
2024-10-18,Brand Awareness Drive,YouTube Ads,22141,820,3.7035,643,93,55,13,0.0587,2174.54,475.59,357.23,United Kingdom,Mobile,18-24,Female,Consideration
2024-10-18,Influencer Collab,Affiliate,22536,836,3.7096,641,176,71,22,0.0976,1311.29,635.23,106.43,United States,Mobile,25-34,Female,Consideration
2024-10-18,Referral Bonanza,Organic Search,16669,758,4.5474,683,252,170,72,0.4319,5301.49,101.91,5102.13,Singapore,Mobile,25-34,Male,Conversion
2024-10-18,Product Launch Q3,Organic Search,21812,984,4.5113,931,356,257,104,0.4768,12010.07,113.47,10484.36,United States,Desktop,35-44,Female,Retargeting
2024-10-18,Product Launch Q1,Google Ads,19739,1004,5.0864,862,340,261,78,0.3952,9712.97,810.61,1098.23,India,Mobile,18-24,Female,Conversion
2024-10-18,Referral Bonanza,YouTube Ads,20339,766,3.7662,647,203,87,21,0.1032,2477.91,413.08,499.86,United States,Mobile,35-44,Female,Awareness
2024-10-19,Mid-Season Sale,Affiliate,15551,663,4.2634,519,173,104,29,0.1865,1340.35,439.14,205.22,India,Mobile,35-44,Female,Consideration
2024-10-19,Referral Bonanza,TikTok Ads,12564,738,5.8739,512,116,49,7,0.0557,420.04,472.31,-11.07,United Kingdom,Desktop,25-34,Male,Loyalty
2024-10-19,Anniversary Sale,Google Ads,23697,1399,5.9037,1258,458,272,117,0.4937,15114.54,1165.71,1196.6,UAE,Mobile,35-44,Female,Awareness
2024-10-19,Brand Awareness Drive,Google Ads,17598,1342,7.6259,1206,423,234,89,0.5057,12706.82,1407.56,802.76,India,Mobile,18-24,Male,Conversion
2024-10-19,Brand Awareness Drive,TikTok Ads,22136,1235,5.5791,951,163,67,5,0.0226,272.12,608.94,-55.31,Australia,Mobile,18-24,Female,Awareness
2024-10-20,Product Launch Q1,Instagram Ads,23427,846,3.6112,762,154,74,26,0.111,2151.12,632.47,240.11,India,Tablet,35-44,Male,Awareness
2024-10-20,Summer Sale Blast,YouTube Ads,28971,1079,3.7244,879,181,69,30,0.1036,2265.81,1261.48,79.62,United Kingdom,Mobile,45-54,Male,Consideration
2024-10-20,Customer Win-Back,Affiliate,14094,811,5.7542,699,153,90,33,0.2341,5518.44,496.09,1012.39,United Kingdom,Mobile,25-34,Male,Awareness
2024-10-20,Customer Win-Back,Instagram Ads,15387,632,4.1074,562,115,69,20,0.13,1235.23,357.25,245.76,India,Desktop,25-34,Male,Awareness
2024-10-21,Product Launch Q3,TikTok Ads,24573,1525,6.206,1006,247,143,30,0.1221,1454.67,597.92,143.29,United States,Desktop,35-44,Male,Conversion
2024-10-21,New Year Kickoff,Referral,27620,1414,5.1195,1399,472,405,207,0.7495,46139.71,75.25,61215.23,United States,Desktop,25-34,Female,Awareness
2024-10-21,Customer Win-Back,Organic Search,19806,1012,5.1096,1000,281,145,47,0.2373,4343.83,106.15,3992.16,Canada,Desktop,25-34,Male,Awareness
2024-10-21,Summer Sale Blast,LinkedIn Ads,5950,180,3.0252,163,35,22,8,0.1345,3084.13,606.76,408.29,Germany,Mobile,18-24,Female,Consideration
2024-10-21,Mid-Season Sale,Google Ads,26970,1725,6.396,1575,497,329,126,0.4672,17004.42,2235.75,660.57,South Africa,Desktop,25-34,Female,Conversion
2024-10-22,Summer Sale Blast,YouTube Ads,20318,761,3.7454,672,136,72,14,0.0689,1628.65,637.75,155.37,United Kingdom,Mobile,18-24,Male,Conversion
2024-10-22,App Install Campaign,Facebook Ads,11072,500,4.5159,403,143,86,32,0.289,5113.46,545.44,837.49,United States,Desktop,25-34,Male,Consideration
2024-10-22,Loyalty Rewards Push,YouTube Ads,21920,583,2.6597,458,117,72,24,0.1095,2718.55,661.45,311.0,Australia,Desktop,45-54,Male,Retargeting
2024-10-23,Back to School,Instagram Ads,24390,688,2.8208,636,168,69,21,0.0861,1938.28,630.87,207.24,India,Desktop,25-34,Male,Retargeting
2024-10-23,Festive Mega Offer,Email Marketing,11359,679,5.9776,607,332,215,70,0.6163,8643.08,110.09,7750.92,United States,Mobile,55+,Other,Awareness
2024-10-23,Product Launch Q3,LinkedIn Ads,20385,690,3.3848,614,232,152,56,0.2747,10172.42,1721.15,491.02,Singapore,Mobile,18-24,Male,Loyalty
2024-10-24,Festive Mega Offer,LinkedIn Ads,19288,679,3.5203,642,237,209,91,0.4718,42147.21,1306.46,3126.06,India,Mobile,45-54,Female,Loyalty
2024-10-24,New Year Kickoff,LinkedIn Ads,8974,344,3.8333,275,76,57,22,0.2452,8611.51,1106.21,678.47,India,Desktop,35-44,Female,Retargeting
2024-10-25,Holiday Gift Guide,LinkedIn Ads,17534,510,2.9086,459,128,82,37,0.211,14072.67,979.28,1337.04,United States,Mobile,18-24,Female,Loyalty
2024-10-25,App Install Campaign,Organic Search,18652,946,5.0718,829,277,137,41,0.2198,2541.96,144.47,1659.51,Canada,Mobile,18-24,Female,Retargeting
2024-10-25,Summer Sale Blast,Email Marketing,21446,1701,7.9315,1534,595,328,148,0.6901,12207.06,164.84,7305.4,Canada,Mobile,25-34,Female,Loyalty
2024-10-25,Loyalty Rewards Push,Email Marketing,23981,1851,7.7186,1832,671,374,187,0.7798,35256.17,263.92,13258.66,India,Mobile,25-34,Female,Retargeting
2024-10-26,Loyalty Rewards Push,TikTok Ads,26331,1636,6.2132,1307,274,125,16,0.0608,1828.88,824.5,121.82,India,Mobile,25-34,Female,Conversion
2024-10-27,Referral Bonanza,Organic Search,22607,1176,5.2019,1068,397,227,67,0.2964,9107.2,70.36,12843.72,UAE,Mobile,35-44,Male,Consideration
2024-10-27,Brand Awareness Drive,Referral,19465,1034,5.3121,912,389,320,158,0.8117,17894.22,135.8,13076.89,India,Mobile,18-24,Female,Consideration
2024-10-27,Customer Win-Back,TikTok Ads,25739,1305,5.0701,1012,106,39,12,0.0466,1481.78,531.4,178.84,India,Mobile,18-24,Female,Awareness
2024-10-27,New Year Kickoff,LinkedIn Ads,25087,581,2.3159,511,173,109,40,0.1594,18187.18,1199.45,1416.29,Australia,Mobile,18-24,Female,Consideration
2024-10-27,Mid-Season Sale,Instagram Ads,26406,967,3.662,780,101,53,18,0.0682,1152.35,389.46,195.88,Canada,Mobile,35-44,Male,Retargeting
2024-10-27,Clearance Blowout,YouTube Ads,35687,1105,3.0964,909,208,95,21,0.0588,2465.84,1045.19,135.92,United States,Mobile,18-24,Male,Conversion
2024-10-28,Cart Abandonment Recovery,Affiliate,18900,697,3.6878,611,203,86,32,0.1693,1487.97,384.62,286.87,India,Mobile,25-34,Female,Conversion
2024-10-28,Flash Weekend Deal,TikTok Ads,26753,846,3.1623,668,123,50,8,0.0299,343.4,444.34,-22.72,South Africa,Tablet,45-54,Male,Retargeting
2024-10-28,Product Launch Q1,TikTok Ads,12705,527,4.148,405,56,32,8,0.063,292.42,365.46,-19.99,Canada,Mobile,25-34,Female,Conversion
2024-10-28,New Year Kickoff,Referral,10044,586,5.8343,531,212,134,44,0.4381,10509.65,97.1,10723.53,Germany,Mobile,18-24,Female,Consideration
2024-10-29,Loyalty Rewards Push,TikTok Ads,15187,669,4.4051,546,55,24,5,0.0329,384.5,347.14,10.76,Australia,Desktop,45-54,Female,Consideration
2024-10-29,Flash Weekend Deal,LinkedIn Ads,31452,1005,3.1953,873,179,102,40,0.1272,20269.15,1853.18,993.75,Singapore,Tablet,25-34,Female,Retargeting
2024-10-30,Customer Win-Back,Facebook Ads,22317,1024,4.5884,887,193,86,29,0.1299,2496.55,924.67,169.99,UAE,Desktop,25-34,Female,Awareness
2024-10-30,Brand Awareness Drive,YouTube Ads,21583,652,3.0209,526,160,91,32,0.1483,1637.64,405.14,304.22,Australia,Desktop,18-24,Female,Consideration
2024-10-31,Flash Weekend Deal,TikTok Ads,12667,499,3.9394,383,92,51,11,0.0868,1389.2,228.11,509.0,United States,Mobile,25-34,Male,Retargeting
2024-10-31,Clearance Blowout,Affiliate,11422,512,4.4826,440,95,42,18,0.1576,1976.15,308.31,540.96,UAE,Mobile,35-44,Male,Consideration
2024-10-31,Holiday Gift Guide,Google Ads,21113,1252,5.93,1108,404,299,131,0.6205,18449.24,1694.79,988.59,United Kingdom,Mobile,25-34,Male,Awareness
2024-10-31,Summer Sale Blast,Affiliate,14210,627,4.4124,536,155,82,22,0.1548,3612.86,385.58,836.99,United Kingdom,Tablet,25-34,Female,Retargeting
2024-11-01,Flash Weekend Deal,LinkedIn Ads,27983,689,2.4622,574,154,95,34,0.1215,14083.04,2043.99,589.0,UAE,Mobile,35-44,Male,Consideration
2024-11-01,Loyalty Rewards Push,LinkedIn Ads,9743,344,3.5307,293,83,58,29,0.2976,9049.59,904.41,900.61,United States,Desktop,18-24,Female,Awareness
2024-11-01,App Install Campaign,Email Marketing,21945,1622,7.3912,1401,638,340,158,0.72,12738.94,248.0,5036.67,UAE,Desktop,25-34,Male,Consideration
2024-11-02,Lead Gen Webinar,Instagram Ads,38212,1344,3.5172,1172,268,119,25,0.0654,4116.2,793.33,418.85,India,Mobile,25-34,Male,Conversion
2024-11-02,Loyalty Rewards Push,Email Marketing,25869,2221,8.5856,1961,750,418,168,0.6494,34522.91,226.2,15162.12,India,Desktop,35-44,Female,Conversion
2024-11-03,Cart Abandonment Recovery,YouTube Ads,37591,1430,3.8041,1098,227,79,9,0.0239,1292.53,996.47,29.71,India,Mobile,25-34,Male,Consideration
2024-11-03,App Install Campaign,Referral,37158,2131,5.735,1949,914,499,229,0.6163,32595.63,74.82,43465.4,United Kingdom,Tablet,25-34,Female,Awareness
2024-11-04,Anniversary Sale,YouTube Ads,30403,1096,3.6049,863,234,131,26,0.0855,4344.55,1161.18,274.15,Germany,Mobile,25-34,Female,Awareness
2024-11-04,New Year Kickoff,YouTube Ads,32860,1135,3.454,898,162,68,20,0.0609,2368.93,853.79,177.46,UAE,Mobile,35-44,Male,Awareness
2024-11-04,Clearance Blowout,LinkedIn Ads,25182,813,3.2285,736,143,114,58,0.2303,27580.12,2308.4,1094.77,India,Desktop,18-24,Male,Consideration
2024-11-05,Summer Sale Blast,Organic Search,11085,523,4.7181,510,179,89,44,0.3969,3981.01,105.48,3674.18,United States,Mobile,25-34,Female,Awareness
2024-11-05,Free Trial Signup,Facebook Ads,32501,1363,4.1937,1179,262,164,40,0.1231,2402.63,812.03,195.88,Canada,Mobile,35-44,Male,Conversion
2024-11-05,Anniversary Sale,Referral,20484,1665,8.1283,1601,626,455,232,1.1326,24900.19,97.32,25485.89,Germany,Tablet,18-24,Female,Consideration
2024-11-06,Mid-Season Sale,Google Ads,22889,995,4.3471,857,248,150,64,0.2796,13215.12,1244.04,962.27,India,Mobile,35-44,Female,Conversion
2024-11-07,Clearance Blowout,YouTube Ads,18956,686,3.6189,578,151,81,25,0.1319,2696.67,557.38,383.81,UAE,Desktop,55+,Male,Loyalty
2024-11-07,Festive Mega Offer,Instagram Ads,16247,783,4.8194,540,136,54,17,0.1046,1261.73,459.08,174.84,India,Mobile,35-44,Female,Awareness
2024-11-07,Cart Abandonment Recovery,YouTube Ads,29746,1253,4.2123,1094,87,39,6,0.0202,721.43,1345.54,-46.38,United States,Desktop,18-24,Male,Consideration
2024-11-07,Summer Sale Blast,Referral,33675,2235,6.637,1968,947,651,338,1.0037,45194.26,33.76,133769.25,India,Tablet,18-24,Female,Retargeting
2024-11-07,Free Trial Signup,Referral,28583,1511,5.2864,1495,818,523,325,1.137,74420.54,57.58,129147.2,United Kingdom,Desktop,35-44,Female,Consideration
2024-11-08,Customer Win-Back,Affiliate,22878,799,3.4924,679,210,123,36,0.1574,2268.27,591.3,283.61,United States,Mobile,35-44,Other,Loyalty
2024-11-08,Mid-Season Sale,LinkedIn Ads,14570,412,2.8277,378,143,89,37,0.2539,16929.41,1043.09,1523.01,India,Desktop,25-34,Male,Retargeting
2024-11-09,Free Trial Signup,Google Ads,17174,1378,8.0238,1292,318,197,66,0.3843,12151.61,962.06,1163.08,Australia,Mobile,35-44,Male,Conversion
2024-11-09,Anniversary Sale,Instagram Ads,40122,1467,3.6563,1246,294,149,43,0.1072,3912.89,1243.17,214.75,India,Mobile,25-34,Male,Awareness
2024-11-09,Flash Weekend Deal,Facebook Ads,26058,1140,4.3749,1049,294,169,67,0.2571,13970.05,876.62,1493.63,Australia,Mobile,18-24,Male,Awareness
2024-11-10,Brand Awareness Drive,Organic Search,12801,746,5.8277,700,277,138,49,0.3828,4976.29,99.87,4882.77,United Kingdom,Mobile,35-44,Other,Consideration
2024-11-10,Flash Weekend Deal,TikTok Ads,34450,1760,5.1089,1530,299,145,47,0.1364,4536.87,816.56,455.61,India,Mobile,25-34,Male,Loyalty
2024-11-10,Clearance Blowout,Email Marketing,35727,2536,7.0983,2267,927,569,241,0.6746,18608.84,252.33,7274.8,UAE,Mobile,55+,Female,Consideration
2024-11-11,Referral Bonanza,Referral,22822,1449,6.3491,1208,618,552,256,1.1217,41227.76,38.13,108024.21,UAE,Mobile,25-34,Female,Consideration
2024-11-11,Lead Gen Webinar,YouTube Ads,24079,609,2.5292,442,138,53,12,0.0498,1062.01,598.63,77.41,Singapore,Mobile,55+,Male,Consideration
2024-11-11,Brand Awareness Drive,Instagram Ads,24573,976,3.9718,819,208,115,33,0.1343,4410.32,614.29,617.95,Brazil,Mobile,55+,Male,Awareness
2024-11-12,Loyalty Rewards Push,Facebook Ads,17976,933,5.1903,868,138,90,24,0.1335,4836.34,462.58,945.51,United States,Mobile,18-24,Male,Awareness
2024-11-13,Summer Sale Blast,YouTube Ads,35834,1433,3.999,1144,261,148,23,0.0642,3808.46,1637.28,132.61,Germany,Tablet,45-54,Male,Awareness
2024-11-13,Influencer Collab,Affiliate,21618,684,3.164,510,104,54,14,0.0648,767.61,527.7,45.46,India,Tablet,55+,Female,Awareness
2024-11-14,Brand Awareness Drive,Google Ads,36498,2904,7.9566,2589,846,519,127,0.348,26537.62,3038.43,773.4,United Kingdom,Mobile,18-24,Male,Consideration
2024-11-15,Holiday Gift Guide,Facebook Ads,19544,961,4.9171,837,132,78,27,0.1381,4141.72,711.79,481.87,Canada,Mobile,55+,Male,Conversion
2024-11-15,Product Launch Q3,YouTube Ads,25633,625,2.4383,481,118,58,19,0.0741,2636.75,737.2,257.67,Germany,Mobile,25-34,Female,Loyalty
2024-11-15,Anniversary Sale,Instagram Ads,28561,1024,3.5853,862,165,78,18,0.063,2900.33,562.79,415.35,India,Mobile,25-34,Male,Consideration
2024-11-16,Anniversary Sale,LinkedIn Ads,35147,866,2.4639,751,301,167,93,0.2646,38104.0,2523.77,1409.8,Canada,Desktop,35-44,Male,Awareness
2024-11-16,Product Launch Q1,Email Marketing,30099,2447,8.1298,2316,999,570,207,0.6877,41711.44,270.44,15323.55,India,Desktop,55+,Male,Conversion
2024-11-16,Mid-Season Sale,Facebook Ads,1066,49,4.5966,42,8,4,1,0.0938,179.14,157.94,13.42,United States,Desktop,25-34,Male,Retargeting
2024-11-17,Brand Awareness Drive,YouTube Ads,500,17,3.4,13,2,0,0,0.0,0.0,138.22,-100.0,Canada,Desktop,35-44,Female,Conversion
2024-11-17,Free Trial Signup,Facebook Ads,15527,719,4.6306,626,133,82,12,0.0773,1677.08,535.61,213.12,United Kingdom,Desktop,45-54,Female,Retargeting
2024-11-18,Festive Mega Offer,LinkedIn Ads,16363,503,3.074,424,128,85,39,0.2383,18881.7,1509.94,1150.49,Australia,Desktop,25-34,Male,Retargeting
2024-11-18,Lead Gen Webinar,Organic Search,14271,742,5.1994,635,197,113,23,0.1612,3727.47,101.99,3554.74,India,Mobile,25-34,Male,Conversion
2024-11-18,Cart Abandonment Recovery,Organic Search,18770,854,4.5498,791,213,118,54,0.2877,6677.61,87.0,7575.41,Canada,Mobile,35-44,Female,Retargeting
2024-11-18,New Year Kickoff,Email Marketing,41783,3076,7.3618,2664,1103,703,242,0.5792,49987.31,354.88,13985.69,United Kingdom,Mobile,35-44,Male,Awareness
2024-11-19,Summer Sale Blast,Affiliate,26032,1036,3.9797,800,311,175,91,0.3496,13416.57,456.6,2838.36,Singapore,Mobile,25-34,Male,Awareness
2024-11-19,Referral Bonanza,TikTok Ads,32605,1694,5.1955,1298,353,117,39,0.1196,4204.02,1058.5,297.17,Australia,Mobile,25-34,Male,Consideration
2024-11-19,Lead Gen Webinar,Google Ads,20174,1287,6.3795,1216,433,278,97,0.4808,8985.9,1321.31,580.08,India,Mobile,35-44,Female,Consideration
2024-11-19,Back to School,Affiliate,35334,1332,3.7697,1189,246,103,32,0.0906,2027.55,719.75,181.7,UAE,Mobile,35-44,Female,Conversion
2024-11-19,Product Launch Q3,Facebook Ads,28199,1661,5.8903,1421,395,191,62,0.2199,11756.95,745.31,1477.46,India,Desktop,35-44,Male,Conversion
2024-11-19,App Install Campaign,Referral,29788,2082,6.9894,2024,1021,720,325,1.091,59389.89,53.45,111012.98,United Kingdom,Desktop,25-34,Female,Loyalty
2024-11-20,Cart Abandonment Recovery,Instagram Ads,28054,1013,3.6109,845,201,77,31,0.1105,1780.82,620.93,186.8,United States,Mobile,18-24,Female,Consideration
2024-11-20,Clearance Blowout,Organic Search,26517,1453,5.4795,1395,528,348,161,0.6072,23979.38,127.26,18742.83,UAE,Tablet,45-54,Female,Retargeting
2024-11-20,Influencer Collab,TikTok Ads,27819,1177,4.2309,879,155,74,10,0.0359,1406.54,649.21,116.65,United States,Mobile,35-44,Female,Retargeting
2024-11-20,Cart Abandonment Recovery,Instagram Ads,20963,583,2.7811,474,85,44,17,0.0811,1129.56,318.05,255.15,Germany,Mobile,25-34,Male,Retargeting
2024-11-20,Customer Win-Back,Google Ads,12292,719,5.8493,586,203,94,42,0.3417,5981.55,820.96,628.6,India,Mobile,18-24,Male,Awareness
2024-11-21,Free Trial Signup,Referral,18607,1260,6.7716,1189,611,502,238,1.2791,19700.78,42.2,46584.31,UAE,Mobile,35-44,Male,Awareness
2024-11-21,Lead Gen Webinar,Organic Search,26418,1128,4.2698,1014,313,175,58,0.2195,9274.97,90.65,10131.63,United Kingdom,Mobile,18-24,Male,Consideration
2024-11-22,Mid-Season Sale,Organic Search,12686,851,6.7082,812,349,231,73,0.5754,10928.11,82.54,13139.77,United States,Desktop,25-34,Male,Consideration
2024-11-22,New Year Kickoff,TikTok Ads,48151,2045,4.2471,1538,435,240,15,0.0312,1205.32,1287.76,-6.4,India,Tablet,25-34,Male,Conversion
2024-11-22,Anniversary Sale,Affiliate,12714,482,3.7911,408,111,63,20,0.1573,2720.87,202.74,1242.05,Germany,Mobile,35-44,Female,Awareness
2024-11-23,App Install Campaign,Referral,20935,1456,6.9549,1293,692,495,192,0.9171,56491.59,83.93,67207.98,South Africa,Desktop,25-34,Male,Loyalty
2024-11-24,Customer Win-Back,Email Marketing,19556,1320,6.7498,1244,437,208,124,0.6341,12172.09,114.68,10513.96,United States,Mobile,18-24,Female,Awareness
2024-11-24,Cart Abandonment Recovery,Google Ads,37566,2486,6.6177,2197,814,481,198,0.5271,29409.94,2937.33,901.25,Canada,Mobile,55+,Female,Awareness
2024-11-24,Holiday Gift Guide,Affiliate,23177,1075,4.6382,934,140,60,21,0.0906,3532.45,686.6,414.48,United Kingdom,Mobile,25-34,Female,Awareness
2024-11-25,Product Launch Q1,Organic Search,34839,1900,5.4537,1841,732,338,182,0.5224,39046.85,73.37,53119.09,Australia,Mobile,45-54,Male,Awareness
2024-11-25,Loyalty Rewards Push,Google Ads,31172,1723,5.5274,1605,448,283,58,0.1861,14351.21,1100.26,1204.35,India,Mobile,25-34,Male,Awareness
2024-11-25,Mid-Season Sale,Instagram Ads,26996,934,3.4598,743,207,95,39,0.1445,4043.43,510.43,692.16,United States,Desktop,45-54,Male,Conversion
2024-11-25,Product Launch Q1,Google Ads,10750,596,5.5442,555,205,127,49,0.4558,7726.83,567.74,1260.98,UAE,Mobile,25-34,Male,Loyalty
2024-11-26,Lead Gen Webinar,TikTok Ads,12312,511,4.1504,397,76,35,11,0.0893,568.96,359.02,58.48,United States,Desktop,25-34,Male,Loyalty
2024-11-26,Clearance Blowout,Instagram Ads,20354,699,3.4342,544,158,81,30,0.1474,3175.88,613.97,417.27,United States,Mobile,55+,Other,Awareness
2024-11-26,Mid-Season Sale,YouTube Ads,23620,744,3.1499,639,135,67,22,0.0931,2210.4,746.17,196.23,Canada,Tablet,25-34,Female,Awareness
2024-11-26,Clearance Blowout,LinkedIn Ads,33220,972,2.9259,789,266,154,72,0.2167,14551.66,2517.49,478.02,Singapore,Desktop,25-34,Female,Awareness
2024-11-26,Anniversary Sale,Google Ads,14197,872,6.1421,756,273,160,76,0.5353,14745.14,902.19,1534.37,India,Mobile,25-34,Female,Conversion
2024-11-26,Product Launch Q3,LinkedIn Ads,18630,481,2.5819,391,190,112,58,0.3113,13938.93,779.44,1688.33,India,Desktop,18-24,Male,Loyalty
2024-11-27,Clearance Blowout,LinkedIn Ads,39840,1227,3.0798,1184,291,194,86,0.2159,24382.78,1558.13,1464.87,United States,Mobile,25-34,Female,Retargeting
2024-11-27,Cart Abandonment Recovery,Google Ads,21307,1237,5.8056,1111,338,224,78,0.3661,10149.62,1759.13,476.97,United Kingdom,Desktop,18-24,Female,Loyalty
2024-11-27,Product Launch Q1,Affiliate,29138,1228,4.2144,1008,216,135,50,0.1716,5858.58,477.26,1127.54,Singapore,Mobile,35-44,Female,Awareness
2024-11-28,Product Launch Q3,Google Ads,21975,1530,6.9625,1251,434,280,109,0.496,10582.35,1547.52,583.83,India,Mobile,35-44,Female,Awareness
2024-11-28,New Year Kickoff,Instagram Ads,24639,986,4.0018,766,203,95,25,0.1015,3415.26,748.23,356.45,United States,Desktop,25-34,Female,Consideration
2024-11-28,Cart Abandonment Recovery,Affiliate,26387,1016,3.8504,833,205,107,41,0.1554,5432.95,413.56,1213.7,Australia,Tablet,35-44,Female,Consideration
2024-11-28,Back to School,Facebook Ads,29066,1524,5.2432,1288,283,154,51,0.1755,10141.48,682.08,1386.85,Brazil,Tablet,45-54,Female,Loyalty
2024-11-28,Clearance Blowout,TikTok Ads,18568,1125,6.0588,798,77,36,6,0.0323,763.58,734.72,3.93,Germany,Mobile,35-44,Female,Loyalty
2024-11-28,Festive Mega Offer,Google Ads,26375,1184,4.4891,1026,290,164,85,0.3223,16078.16,1739.38,824.36,Singapore,Mobile,18-24,Female,Conversion
2024-11-29,Customer Win-Back,Email Marketing,18131,1223,6.7454,1070,412,249,100,0.5515,17179.36,182.29,9324.19,United States,Mobile,35-44,Male,Loyalty
2024-11-29,App Install Campaign,Organic Search,18509,622,3.3605,586,244,121,56,0.3026,7612.84,46.78,16173.71,Australia,Mobile,25-34,Female,Consideration
2024-11-30,Lead Gen Webinar,Facebook Ads,41229,2196,5.3263,1640,482,229,92,0.2231,13511.52,1395.55,868.19,Germany,Desktop,45-54,Female,Retargeting
2024-11-30,Mid-Season Sale,YouTube Ads,35154,999,2.8418,740,221,121,37,0.1053,5091.93,827.91,515.03,United Kingdom,Desktop,25-34,Male,Awareness
2024-11-30,Product Launch Q1,TikTok Ads,41604,2040,4.9034,1667,261,149,20,0.0481,2154.84,798.88,169.73,South Africa,Mobile,25-34,Male,Conversion
2024-11-30,Lead Gen Webinar,Email Marketing,17458,1543,8.8384,1309,485,290,131,0.7504,31350.06,124.77,25026.28,Australia,Mobile,45-54,Female,Conversion
2024-12-01,Summer Sale Blast,Email Marketing,41990,3236,7.7066,3203,1205,671,216,0.5144,38013.82,182.17,20767.22,United States,Mobile,45-54,Female,Awareness
2024-12-01,Anniversary Sale,Referral,22172,1377,6.2105,1239,551,338,146,0.6585,24999.42,127.77,19465.95,India,Desktop,35-44,Female,Conversion
2024-12-01,Back to School,YouTube Ads,29015,716,2.4677,552,172,102,42,0.1448,7370.33,458.25,1508.36,India,Mobile,18-24,Male,Consideration
2024-12-01,Cart Abandonment Recovery,LinkedIn Ads,33498,952,2.842,795,225,163,81,0.2418,18487.12,2621.33,605.26,Brazil,Desktop,35-44,Male,Consideration
2024-12-01,Anniversary Sale,YouTube Ads,20972,642,3.0612,482,71,44,9,0.0429,794.19,348.24,128.06,India,Desktop,55+,Male,Awareness
2024-12-02,Mid-Season Sale,TikTok Ads,11165,578,5.1769,443,69,30,3,0.0269,442.84,212.79,108.11,India,Mobile,18-24,Female,Loyalty
2024-12-02,Clearance Blowout,YouTube Ads,15963,536,3.3578,400,75,40,12,0.0752,1570.9,517.85,203.35,United Kingdom,Mobile,25-34,Male,Consideration
2024-12-02,App Install Campaign,Referral,8003,559,6.9849,527,261,161,66,0.8247,18220.23,61.95,29311.19,India,Desktop,55+,Male,Awareness
2024-12-03,Mid-Season Sale,Referral,34366,1895,5.5142,1686,681,514,191,0.5558,35980.32,110.73,32393.74,Germany,Mobile,18-24,Male,Conversion
2024-12-03,Free Trial Signup,Instagram Ads,31728,1428,4.5008,1186,244,152,38,0.1198,5769.15,647.5,790.99,India,Desktop,18-24,Male,Awareness
2024-12-03,Customer Win-Back,LinkedIn Ads,30480,912,2.9921,752,215,149,60,0.1969,15100.48,2453.46,515.48,India,Mobile,55+,Male,Awareness
2024-12-03,Cart Abandonment Recovery,YouTube Ads,16272,466,2.8638,359,96,54,17,0.1045,2736.09,473.0,478.45,Brazil,Mobile,25-34,Male,Consideration
2024-12-04,App Install Campaign,Organic Search,37962,2293,6.0403,2270,737,448,147,0.3872,29470.21,95.34,30810.65,India,Desktop,18-24,Male,Consideration
2024-12-04,Flash Weekend Deal,Instagram Ads,28428,1157,4.0699,921,233,139,45,0.1583,5017.59,569.49,781.07,Australia,Desktop,25-34,Male,Conversion
2024-12-04,Lead Gen Webinar,Email Marketing,500,45,9.0,41,13,8,3,0.6,199.86,104.71,90.87,Brazil,Mobile,18-24,Female,Awareness
2024-12-05,Clearance Blowout,Organic Search,40520,2506,6.1846,2211,662,311,123,0.3036,17168.37,129.9,13116.61,Germany,Mobile,25-34,Male,Awareness
2024-12-05,App Install Campaign,Referral,14559,1248,8.572,1135,566,462,234,1.6073,40992.43,148.23,27554.61,UAE,Desktop,18-24,Male,Retargeting
2024-12-05,Product Launch Q3,Google Ads,28150,1811,6.4334,1562,504,326,84,0.2984,20924.85,2004.84,943.72,Canada,Desktop,25-34,Male,Consideration
2024-12-06,Summer Sale Blast,YouTube Ads,27967,1052,3.7616,805,171,83,23,0.0822,2797.31,885.37,215.95,Australia,Desktop,45-54,Female,Awareness
2024-12-06,Cart Abandonment Recovery,Referral,24051,1347,5.6006,1219,385,263,160,0.6653,15012.34,90.83,16427.95,United Kingdom,Tablet,35-44,Female,Consideration
2024-12-06,Influencer Collab,Affiliate,21249,854,4.019,681,132,71,17,0.08,1560.82,476.15,227.8,Singapore,Mobile,35-44,Female,Consideration
2024-12-06,Product Launch Q1,Email Marketing,28387,2391,8.4229,2150,849,457,195,0.6869,31135.69,284.23,10854.4,United States,Mobile,18-24,Female,Conversion
2024-12-07,Holiday Gift Guide,Email Marketing,44561,3925,8.8082,3875,1555,972,486,1.0906,32674.94,316.57,10221.55,United States,Mobile,25-34,Male,Conversion
2024-12-07,Free Trial Signup,TikTok Ads,24601,1257,5.1095,990,209,91,27,0.1098,3203.57,481.76,564.97,United States,Mobile,45-54,Male,Consideration
2024-12-07,Loyalty Rewards Push,Google Ads,34036,1761,5.1739,1608,586,385,163,0.4789,41734.2,2417.1,1626.62,Brazil,Desktop,25-34,Male,Awareness
2024-12-07,Free Trial Signup,YouTube Ads,27540,885,3.2135,660,152,77,18,0.0654,3136.66,606.26,417.38,India,Mobile,25-34,Female,Awareness
2024-12-08,Lead Gen Webinar,Referral,34613,2868,8.2859,2784,1279,751,407,1.1759,61232.36,97.62,62625.22,United States,Tablet,35-44,Female,Loyalty
2024-12-08,Product Launch Q3,Google Ads,23046,1200,5.207,1046,319,196,53,0.23,11745.17,1513.02,676.27,Singapore,Mobile,25-34,Male,Awareness
2024-12-08,Lead Gen Webinar,Google Ads,40470,2510,6.2021,2312,656,346,95,0.2347,18597.62,2736.84,579.53,Brazil,Mobile,18-24,Male,Retargeting
2024-12-10,Lead Gen Webinar,Facebook Ads,31528,1149,3.6444,1077,248,165,42,0.1332,5062.96,469.89,977.48,India,Desktop,35-44,Male,Awareness
2024-12-10,Product Launch Q3,Organic Search,11396,668,5.8617,627,246,147,74,0.6494,4986.13,143.68,3370.3,India,Mobile,35-44,Male,Conversion
2024-12-10,Mid-Season Sale,YouTube Ads,27711,722,2.6055,538,131,68,21,0.0758,1889.01,763.0,147.58,United Kingdom,Desktop,35-44,Male,Consideration
2024-12-12,Loyalty Rewards Push,Instagram Ads,13461,425,3.1573,337,50,20,7,0.052,1364.93,239.05,470.98,United States,Desktop,25-34,Female,Loyalty
2024-12-13,Cart Abandonment Recovery,Facebook Ads,23095,1016,4.3992,815,215,122,49,0.2122,5827.17,494.88,1077.49,Brazil,Desktop,35-44,Female,Awareness
2024-12-13,New Year Kickoff,Referral,31291,2230,7.1266,2120,1308,850,455,1.4541,127052.06,109.22,116226.74,Brazil,Mobile,25-34,Male,Conversion
2024-12-13,Festive Mega Offer,Instagram Ads,22698,886,3.9034,694,166,84,20,0.0881,2741.45,786.19,248.7,United States,Mobile,25-34,Male,Awareness
2024-12-13,Lead Gen Webinar,Google Ads,31593,2091,6.6186,2005,539,406,203,0.6425,40535.28,2489.06,1528.54,Australia,Mobile,45-54,Male,Awareness
2024-12-13,Free Trial Signup,Instagram Ads,33500,1299,3.8776,1093,331,160,54,0.1612,6079.85,690.32,780.73,United States,Mobile,55+,Male,Retargeting
2024-12-13,Product Launch Q3,Instagram Ads,15471,509,3.29,384,102,51,20,0.1293,1758.27,470.57,273.65,United States,Desktop,35-44,Female,Conversion
2024-12-14,Back to School,Organic Search,28526,1881,6.594,1666,643,360,136,0.4768,23582.49,139.63,16789.27,India,Mobile,55+,Male,Awareness
2024-12-14,Holiday Gift Guide,LinkedIn Ads,22163,636,2.8696,562,147,109,36,0.1624,13367.92,1833.21,629.21,United Kingdom,Mobile,55+,Female,Consideration
2024-12-14,Cart Abandonment Recovery,TikTok Ads,35582,1401,3.9374,1133,339,141,31,0.0871,4180.83,393.81,961.64,United States,Mobile,25-34,Male,Awareness
2024-12-14,Mid-Season Sale,Affiliate,19048,830,4.3574,698,191,124,49,0.2572,3822.35,583.44,555.14,Germany,Mobile,45-54,Male,Retargeting
2024-12-14,Lead Gen Webinar,Facebook Ads,26836,1221,4.5499,950,185,90,23,0.0857,2492.76,1180.21,111.21,India,Desktop,25-34,Male,Conversion
2024-12-15,Festive Mega Offer,YouTube Ads,22897,809,3.5332,638,148,91,24,0.1048,2993.59,905.59,230.57,United Kingdom,Mobile,18-24,Female,Awareness
2024-12-15,Loyalty Rewards Push,Affiliate,32723,1605,4.9048,1263,302,163,38,0.1161,5683.87,955.25,495.01,India,Mobile,55+,Male,Awareness
2024-12-16,Referral Bonanza,Affiliate,26731,1072,4.0103,940,304,154,38,0.1422,4579.22,436.68,948.64,India,Desktop,45-54,Male,Conversion
2024-12-17,Back to School,Facebook Ads,36217,1992,5.5002,1615,602,315,120,0.3313,9600.61,1483.23,547.28,United Kingdom,Mobile,35-44,Female,Conversion
2024-12-17,Cart Abandonment Recovery,Affiliate,24286,969,3.99,835,205,99,17,0.07,964.74,488.84,97.35,UAE,Mobile,45-54,Male,Awareness
2024-12-17,App Install Campaign,TikTok Ads,15418,851,5.5195,639,63,23,8,0.0519,555.69,480.08,15.75,United States,Desktop,25-34,Female,Awareness
2024-12-17,Anniversary Sale,Organic Search,2249,141,6.2695,132,55,26,10,0.4446,2270.66,29.54,7586.73,South Africa,Mobile,25-34,Male,Conversion
2024-12-17,Flash Weekend Deal,LinkedIn Ads,8595,199,2.3153,181,42,27,16,0.1862,2729.78,733.53,272.14,India,Tablet,18-24,Female,Consideration
2024-12-18,Festive Mega Offer,Instagram Ads,35838,1602,4.4701,1330,347,166,63,0.1758,11370.03,1087.3,945.71,India,Mobile,35-44,Female,Awareness
2024-12-18,Festive Mega Offer,Google Ads,28398,2017,7.1026,1824,663,415,135,0.4754,16560.29,1971.59,739.95,Canada,Mobile,18-24,Female,Conversion
2024-12-18,Cart Abandonment Recovery,Instagram Ads,13402,572,4.268,517,151,72,12,0.0895,991.17,257.27,285.26,United States,Desktop,35-44,Male,Conversion
2024-12-18,Product Launch Q3,Affiliate,38008,1620,4.2623,1336,542,285,93,0.2447,15581.81,1052.61,1380.3,UAE,Desktop,35-44,Male,Awareness
2024-12-18,Product Launch Q3,YouTube Ads,31882,1174,3.6823,940,156,66,15,0.047,2451.64,661.5,270.62,India,Mobile,55+,Female,Loyalty
2024-12-18,Loyalty Rewards Push,Facebook Ads,28818,1085,3.765,941,170,70,29,0.1006,4820.37,567.14,749.94,Canada,Tablet,35-44,Male,Conversion
2024-12-19,Influencer Collab,Instagram Ads,14242,554,3.8899,463,101,55,13,0.0913,2099.68,320.12,555.9,United States,Desktop,25-34,Female,Awareness
2024-12-19,Free Trial Signup,Facebook Ads,25431,1073,4.2193,943,274,124,31,0.1219,5461.39,972.41,461.63,India,Tablet,25-34,Male,Conversion
2024-12-20,Product Launch Q3,Referral,16902,870,5.1473,842,413,304,82,0.4851,23382.04,25.45,91774.42,India,Mobile,18-24,Male,Awareness
2024-12-20,Summer Sale Blast,Google Ads,13054,782,5.9905,684,206,110,50,0.383,6743.54,937.31,619.46,South Africa,Mobile,55+,Female,Awareness
2024-12-20,Cart Abandonment Recovery,Facebook Ads,33594,1077,3.2059,979,343,219,60,0.1786,5864.03,756.45,675.2,United States,Mobile,45-54,Male,Conversion
2024-12-20,New Year Kickoff,Referral,31890,2035,6.3813,1845,632,489,287,0.9,85302.45,106.1,80298.16,United States,Mobile,35-44,Female,Awareness
2024-12-20,Flash Weekend Deal,TikTok Ads,38627,1788,4.6289,1273,212,105,28,0.0725,3971.83,690.73,475.02,United Kingdom,Desktop,55+,Female,Retargeting
2024-12-21,Clearance Blowout,Google Ads,14944,980,6.5578,949,260,177,59,0.3948,12423.92,1386.39,796.13,United Kingdom,Mobile,18-24,Female,Retargeting
2024-12-22,Festive Mega Offer,Email Marketing,21823,1355,6.209,1122,473,308,119,0.5453,10755.68,211.25,4991.45,United States,Desktop,18-24,Male,Awareness
2024-12-23,Cart Abandonment Recovery,Google Ads,20285,1407,6.9362,1348,600,318,131,0.6458,16070.58,1295.6,1140.4,Canada,Desktop,45-54,Female,Loyalty
2024-12-23,Customer Win-Back,Email Marketing,21196,1565,7.3835,1456,507,339,139,0.6558,28842.87,200.4,14292.65,United States,Desktop,35-44,Female,Conversion
2024-12-23,Clearance Blowout,Referral,42355,3017,7.1231,2899,1295,941,315,0.7437,30428.68,73.74,41164.82,India,Mobile,18-24,Male,Consideration
2024-12-23,Product Launch Q3,YouTube Ads,33690,1274,3.7815,969,224,99,29,0.0861,3870.34,1216.58,218.13,United States,Mobile,55+,Male,Consideration
2024-12-24,Flash Weekend Deal,YouTube Ads,14515,401,2.7627,328,92,51,10,0.0689,982.43,474.09,107.22,India,Mobile,35-44,Female,Awareness
2024-12-25,Holiday Gift Guide,Organic Search,19129,990,5.1754,980,344,199,87,0.4548,7693.11,118.38,6398.66,United States,Desktop,35-44,Male,Awareness
2024-12-25,Referral Bonanza,TikTok Ads,32104,2148,6.6908,1619,532,233,55,0.1713,4546.38,661.31,587.48,United States,Desktop,25-34,Male,Awareness
2024-12-25,Loyalty Rewards Push,YouTube Ads,20498,612,2.9857,421,116,56,13,0.0634,1789.79,722.79,147.62,Singapore,Mobile,25-34,Female,Awareness
2024-12-25,Holiday Gift Guide,Facebook Ads,40431,2165,5.3548,1822,584,348,152,0.3759,10969.79,1424.67,669.99,India,Tablet,25-34,Female,Conversion
2024-12-26,Anniversary Sale,Facebook Ads,14902,573,3.8451,497,124,57,20,0.1342,4141.57,525.7,687.82,United Kingdom,Desktop,35-44,Male,Awareness
2024-12-26,New Year Kickoff,Instagram Ads,27833,1138,4.0887,930,212,110,29,0.1042,2098.29,431.36,386.44,India,Desktop,45-54,Female,Awareness
2024-12-26,Summer Sale Blast,Email Marketing,24581,1744,7.0949,1588,766,324,175,0.7119,12719.44,130.14,9673.66,United Kingdom,Mobile,25-34,Female,Loyalty
2024-12-27,Clearance Blowout,TikTok Ads,36251,2066,5.6992,1637,365,156,34,0.0938,2257.52,773.11,192.01,India,Mobile,25-34,Male,Consideration
2024-12-27,Referral Bonanza,Affiliate,24952,689,2.7613,624,183,77,32,0.1282,3245.24,328.04,889.28,United Kingdom,Desktop,55+,Female,Conversion
2024-12-28,Product Launch Q1,Organic Search,26037,1106,4.2478,1085,398,239,111,0.4263,11516.91,46.34,24753.06,India,Mobile,25-34,Female,Awareness
2024-12-28,Clearance Blowout,Google Ads,18905,1243,6.575,1007,349,262,108,0.5713,9227.42,1457.09,533.28,India,Desktop,25-34,Female,Retargeting
2024-12-28,Mid-Season Sale,Google Ads,41199,2811,6.823,2441,803,476,162,0.3932,16434.72,2224.86,638.69,India,Mobile,35-44,Female,Awareness
2024-12-28,New Year Kickoff,TikTok Ads,33943,2008,5.9158,1585,233,130,31,0.0913,1830.39,805.89,127.13,United States,Mobile,45-54,Female,Conversion
2024-12-28,Brand Awareness Drive,YouTube Ads,38125,1348,3.5357,1103,185,82,23,0.0603,1798.58,821.11,119.04,India,Desktop,35-44,Female,Consideration
2024-12-29,Anniversary Sale,Google Ads,20791,1129,5.4302,1003,363,251,79,0.38,12280.6,1570.2,682.1,Brazil,Mobile,18-24,Male,Conversion
2024-12-29,Lead Gen Webinar,Google Ads,28638,2112,7.3748,2006,709,502,148,0.5168,34590.08,1677.26,1962.3,United States,Mobile,18-24,Male,Consideration
2024-12-30,Product Launch Q1,YouTube Ads,20411,690,3.3805,524,142,59,18,0.0882,3414.76,431.23,691.87,India,Mobile,25-34,Female,Conversion
2024-12-30,Festive Mega Offer,YouTube Ads,33260,861,2.5887,691,67,27,3,0.009,457.47,963.22,-52.51,United States,Mobile,18-24,Female,Consideration
2024-12-30,Cart Abandonment Recovery,YouTube Ads,46905,1556,3.3173,1304,213,66,28,0.0597,4574.35,1022.43,347.4,United States,Mobile,45-54,Male,Consideration
2024-12-30,Brand Awareness Drive,Affiliate,18428,589,3.1962,545,80,46,18,0.0977,1092.0,393.82,177.28,India,Desktop,18-24,Male,Consideration
2024-12-30,Clearance Blowout,TikTok Ads,41167,1803,4.3797,1471,284,141,35,0.085,2576.13,1052.73,144.71,India,Desktop,55+,Female,Awareness
2025-01-01,Clearance Blowout,Facebook Ads,18665,738,3.9539,606,92,54,13,0.0696,2343.16,364.35,543.11,United States,Mobile,18-24,Male,Awareness
2025-01-01,Cart Abandonment Recovery,TikTok Ads,15531,829,5.3377,626,118,42,10,0.0644,635.82,396.05,60.54,Australia,Desktop,45-54,Male,Consideration
2025-01-01,Loyalty Rewards Push,Affiliate,14309,331,2.3132,301,97,55,21,0.1468,3222.86,229.73,1302.89,India,Desktop,25-34,Male,Consideration
2025-01-02,Holiday Gift Guide,Organic Search,12996,774,5.9557,681,178,106,47,0.3616,3144.47,45.94,6744.73,UAE,Tablet,18-24,Male,Consideration
2025-01-02,Influencer Collab,TikTok Ads,15196,713,4.692,508,134,54,13,0.0855,1491.78,541.5,175.49,India,Mobile,45-54,Female,Conversion
2025-01-02,Anniversary Sale,Email Marketing,11569,879,7.5979,737,277,195,73,0.631,7152.59,192.36,3618.34,Australia,Mobile,35-44,Male,Conversion
2025-01-03,Anniversary Sale,Facebook Ads,16491,1067,6.4702,933,364,132,56,0.3396,6127.16,717.6,753.84,Germany,Desktop,45-54,Male,Awareness
2025-01-03,Loyalty Rewards Push,YouTube Ads,13116,565,4.3077,413,106,38,9,0.0686,1552.88,468.24,231.64,United States,Mobile,35-44,Male,Consideration
2025-01-03,App Install Campaign,Organic Search,23118,1651,7.1416,1487,457,269,116,0.5018,7948.16,81.9,9604.71,United States,Desktop,45-54,Female,Conversion
2025-01-04,Lead Gen Webinar,YouTube Ads,30924,878,2.8392,765,200,109,36,0.1164,2980.81,648.58,359.59,UAE,Mobile,35-44,Male,Awareness
2025-01-04,Product Launch Q1,Instagram Ads,17741,547,3.0833,492,38,19,6,0.0338,857.02,352.16,143.36,Germany,Mobile,35-44,Male,Loyalty
2025-01-05,Brand Awareness Drive,Referral,19110,1424,7.4516,1168,506,298,148,0.7745,23184.64,48.26,47941.11,Canada,Mobile,45-54,Female,Awareness
2025-01-06,Product Launch Q3,TikTok Ads,22558,1013,4.4906,746,155,91,12,0.0532,1675.13,403.75,314.89,United States,Mobile,45-54,Male,Retargeting
2025-01-06,Back to School,Referral,29052,2050,7.0563,1780,624,415,170,0.5852,43667.49,141.65,30727.74,United States,Mobile,55+,Male,Retargeting
2025-01-06,Anniversary Sale,Affiliate,18270,849,4.647,743,230,149,43,0.2354,4714.1,628.09,650.55,Germany,Mobile,25-34,Female,Consideration
2025-01-07,Summer Sale Blast,Organic Search,21620,829,3.8344,813,239,142,69,0.3191,10381.92,41.01,25215.58,Canada,Mobile,35-44,Male,Conversion
2025-01-07,Lead Gen Webinar,Affiliate,21047,996,4.7323,858,269,162,41,0.1948,4595.88,452.89,914.79,United Kingdom,Mobile,25-34,Male,Consideration
2025-01-07,Clearance Blowout,YouTube Ads,17702,448,2.5308,335,92,45,14,0.0791,792.39,266.57,197.25,South Africa,Mobile,25-34,Female,Retargeting
2025-01-07,Cart Abandonment Recovery,Instagram Ads,17226,600,3.4831,493,133,45,13,0.0755,1198.86,242.41,394.56,United States,Desktop,25-34,Male,Awareness
2025-01-08,Cart Abandonment Recovery,Email Marketing,23009,1559,6.7756,1368,391,164,74,0.3216,17291.36,141.29,12138.21,Brazil,Mobile,35-44,Male,Consideration
2025-01-08,Flash Weekend Deal,Instagram Ads,18973,649,3.4207,534,108,47,12,0.0632,2002.96,321.38,523.24,United States,Mobile,35-44,Other,Consideration
2025-01-08,Flash Weekend Deal,Facebook Ads,18250,771,4.2247,586,170,102,34,0.1863,7475.01,504.29,1382.28,United Kingdom,Tablet,35-44,Female,Loyalty
2025-01-09,Customer Win-Back,Instagram Ads,22605,634,2.8047,538,176,101,49,0.2168,8706.46,327.85,2555.62,Brazil,Desktop,25-34,Male,Awareness
2025-01-09,Brand Awareness Drive,TikTok Ads,6191,318,5.1365,262,68,34,9,0.1454,1247.81,243.41,412.64,Singapore,Mobile,35-44,Male,Awareness
2025-01-09,Product Launch Q1,Facebook Ads,29110,1384,4.7544,1183,217,106,32,0.1099,2463.54,1231.01,100.12,Australia,Mobile,18-24,Other,Conversion
2025-01-10,Influencer Collab,YouTube Ads,14485,393,2.7132,284,63,33,13,0.0897,1909.0,473.28,303.36,United States,Mobile,25-34,Male,Awareness
2025-01-10,Free Trial Signup,LinkedIn Ads,10906,338,3.0992,303,94,67,29,0.2659,10949.56,793.9,1279.21,UAE,Desktop,45-54,Male,Awareness
2025-01-10,Product Launch Q1,LinkedIn Ads,14818,401,2.7062,366,105,77,39,0.2632,17355.57,821.84,2011.79,India,Desktop,25-34,Male,Consideration
2025-01-10,Festive Mega Offer,YouTube Ads,15033,420,2.7939,287,56,24,6,0.0399,875.85,341.57,156.42,United States,Mobile,45-54,Female,Conversion
2025-01-10,Product Launch Q1,Referral,20457,1440,7.0392,1216,629,339,158,0.7724,26708.25,97.15,27391.77,United Kingdom,Mobile,45-54,Female,Loyalty
2025-01-11,Clearance Blowout,YouTube Ads,23220,730,3.1438,581,91,60,24,0.1034,3390.35,603.85,461.46,United Kingdom,Desktop,35-44,Female,Retargeting
2025-01-11,Clearance Blowout,Referral,24240,1714,7.071,1607,621,428,199,0.821,25240.51,103.23,24350.75,United States,Mobile,35-44,Male,Awareness
2025-01-11,Customer Win-Back,Referral,13918,847,6.0856,838,361,299,173,1.243,16928.54,129.0,13022.9,India,Mobile,45-54,Female,Conversion
2025-01-12,Product Launch Q1,Affiliate,15931,646,4.055,520,144,80,29,0.182,3107.89,422.93,634.85,United States,Mobile,55+,Female,Awareness
2025-01-13,Mid-Season Sale,Google Ads,4024,255,6.337,238,103,66,25,0.6213,6215.04,530.64,1071.23,India,Desktop,25-34,Female,Loyalty
2025-01-14,Brand Awareness Drive,Referral,15373,1143,7.4351,1092,633,466,275,1.7889,22015.27,117.09,18702.01,United States,Mobile,18-24,Male,Awareness
2025-01-14,Customer Win-Back,Affiliate,13321,598,4.4892,529,130,51,14,0.1051,1933.8,331.77,482.87,UAE,Tablet,25-34,Female,Loyalty
2025-01-14,Back to School,Email Marketing,9178,674,7.3436,651,147,84,24,0.2615,2468.33,151.74,1526.68,Singapore,Mobile,35-44,Male,Awareness
2025-01-14,Influencer Collab,Google Ads,11431,634,5.5463,557,185,91,42,0.3674,8172.67,713.87,1044.84,Canada,Desktop,35-44,Male,Retargeting
2025-01-15,Customer Win-Back,Referral,20154,1420,7.0457,1270,380,262,129,0.6401,26745.31,54.03,49400.85,India,Desktop,18-24,Female,Awareness
2025-01-15,Cart Abandonment Recovery,Referral,21758,1415,6.5034,1367,632,394,194,0.8916,35059.49,95.1,36765.92,Brazil,Mobile,18-24,Male,Loyalty
2025-01-15,Cart Abandonment Recovery,LinkedIn Ads,10582,327,3.0902,311,90,59,33,0.3119,14622.64,1018.56,1335.62,Australia,Desktop,25-34,Male,Retargeting
2025-01-16,Loyalty Rewards Push,TikTok Ads,24244,1118,4.6115,837,114,70,25,0.1031,938.66,756.82,24.03,United States,Desktop,45-54,Female,Loyalty
2025-01-16,Lead Gen Webinar,LinkedIn Ads,12968,375,2.8917,363,120,86,34,0.2622,12443.86,1153.97,978.35,South Africa,Desktop,25-34,Female,Retargeting
2025-01-17,Free Trial Signup,Referral,18895,1434,7.5893,1390,583,306,171,0.905,37204.91,38.58,96335.74,India,Mobile,18-24,Male,Retargeting
2025-01-17,Summer Sale Blast,Google Ads,20867,1059,5.075,972,379,205,68,0.3259,6261.35,756.34,727.85,Singapore,Mobile,35-44,Female,Conversion
2025-01-18,Influencer Collab,Facebook Ads,23284,885,3.8009,865,214,130,29,0.1245,5442.81,660.36,724.22,South Africa,Mobile,25-34,Male,Consideration
2025-01-18,Lead Gen Webinar,Facebook Ads,21173,827,3.9059,741,179,101,29,0.137,5963.31,581.39,925.7,India,Mobile,45-54,Female,Awareness
2025-01-18,Mid-Season Sale,Google Ads,11333,670,5.9119,612,140,84,35,0.3088,3922.96,990.82,295.93,United States,Mobile,18-24,Female,Loyalty
2025-01-19,Flash Weekend Deal,Facebook Ads,16100,908,5.6398,867,255,151,61,0.3789,13200.32,885.47,1390.77,India,Desktop,45-54,Female,Conversion
2025-01-19,Anniversary Sale,Facebook Ads,11923,491,4.1181,410,103,57,14,0.1174,1562.71,483.76,223.03,India,Desktop,35-44,Male,Loyalty
2025-01-19,Clearance Blowout,Email Marketing,20426,1722,8.4304,1695,699,500,255,1.2484,27895.05,223.4,12386.59,Australia,Mobile,55+,Female,Retargeting
2025-01-20,Mid-Season Sale,Instagram Ads,13315,591,4.4386,488,127,75,21,0.1577,2571.06,415.24,519.17,United States,Tablet,45-54,Female,Awareness
2025-01-20,Brand Awareness Drive,Facebook Ads,17671,604,3.418,547,173,92,34,0.1924,7113.42,505.63,1306.84,India,Desktop,25-34,Male,Conversion
2025-01-20,Product Launch Q3,Google Ads,14526,996,6.8567,931,329,217,102,0.7022,20775.92,1636.45,1169.57,UAE,Mobile,35-44,Male,Conversion
2025-01-20,Cart Abandonment Recovery,Affiliate,27408,1221,4.4549,1157,322,243,46,0.1678,7912.21,637.31,1141.5,United States,Desktop,35-44,Male,Consideration
2025-01-20,Product Launch Q1,YouTube Ads,12137,412,3.3946,355,92,32,10,0.0824,543.88,300.15,81.2,Germany,Mobile,45-54,Male,Consideration
2025-01-20,Loyalty Rewards Push,Facebook Ads,11498,511,4.4443,400,130,73,16,0.1392,2322.71,312.88,642.36,Australia,Mobile,55+,Male,Conversion
2025-01-20,Influencer Collab,Organic Search,20322,1314,6.4659,1266,346,183,112,0.5511,17191.6,93.51,18284.77,India,Mobile,25-34,Female,Consideration
2025-01-21,Cart Abandonment Recovery,Affiliate,19830,630,3.177,488,180,82,19,0.0958,2084.8,400.42,420.65,Canada,Mobile,35-44,Male,Awareness
2025-01-21,Product Launch Q1,Organic Search,13562,647,4.7707,585,211,110,44,0.3244,7824.3,116.05,6642.18,India,Mobile,25-34,Male,Consideration
2025-01-21,Lead Gen Webinar,Instagram Ads,12458,482,3.869,369,84,36,9,0.0722,1647.28,465.19,254.11,United Kingdom,Mobile,18-24,Male,Awareness
2025-01-21,Holiday Gift Guide,Google Ads,11454,825,7.2027,779,214,155,60,0.5238,5355.73,1265.23,323.3,Australia,Desktop,35-44,Female,Conversion
2025-01-22,Referral Bonanza,Email Marketing,12394,1002,8.0846,866,320,138,43,0.3469,3156.67,201.01,1470.4,United States,Mobile,35-44,Female,Retargeting
2025-01-22,Anniversary Sale,Organic Search,27123,1551,5.7184,1425,487,262,95,0.3503,7164.4,84.42,8386.61,United States,Desktop,25-34,Female,Awareness
2025-01-22,App Install Campaign,LinkedIn Ads,22265,621,2.7891,532,138,85,37,0.1662,12381.07,1093.56,1032.18,Germany,Mobile,55+,Other,Retargeting
2025-01-22,Flash Weekend Deal,Affiliate,14526,508,3.4972,476,97,48,12,0.0826,2063.74,251.73,719.82,India,Mobile,45-54,Male,Consideration
2025-01-22,Clearance Blowout,Organic Search,22439,1327,5.9138,1265,545,212,74,0.3298,9408.45,51.48,18175.93,United Kingdom,Mobile,55+,Female,Loyalty
2025-01-23,Referral Bonanza,Affiliate,19897,683,3.4327,627,250,140,20,0.1005,3090.48,361.65,754.55,UAE,Mobile,25-34,Female,Retargeting
2025-01-23,Festive Mega Offer,YouTube Ads,24509,709,2.8928,537,112,47,8,0.0326,1005.52,447.61,124.64,United States,Desktop,35-44,Male,Loyalty
2025-01-23,Mid-Season Sale,Facebook Ads,13617,759,5.5739,616,131,74,22,0.1616,1826.61,440.68,314.5,UAE,Desktop,18-24,Male,Retargeting
2025-01-24,Lead Gen Webinar,Referral,20440,1085,5.3082,973,438,308,171,0.8366,25908.67,64.01,40375.97,India,Mobile,18-24,Female,Consideration
2025-01-24,Clearance Blowout,Referral,7586,461,6.077,361,172,119,67,0.8832,9447.92,149.84,6205.34,Canada,Tablet,25-34,Female,Awareness
2025-01-24,New Year Kickoff,Instagram Ads,14117,420,2.9751,357,97,54,11,0.0779,756.53,222.69,239.72,United States,Tablet,45-54,Female,Awareness
2025-01-24,Lead Gen Webinar,Instagram Ads,24427,835,3.4183,738,182,81,23,0.0942,3122.01,474.68,557.71,India,Desktop,45-54,Female,Consideration
2025-01-25,Clearance Blowout,Instagram Ads,22013,909,4.1294,740,175,93,26,0.1181,3817.08,686.62,455.92,Australia,Tablet,55+,Male,Consideration
2025-01-25,Free Trial Signup,LinkedIn Ads,13712,342,2.4942,310,111,88,42,0.3063,21016.9,841.25,2398.29,UAE,Mobile,18-24,Male,Retargeting
2025-01-25,Clearance Blowout,Organic Search,21160,1494,7.0605,1387,355,211,76,0.3592,9646.13,20.44,47092.42,United States,Mobile,55+,Female,Loyalty
2025-01-26,Cart Abandonment Recovery,Google Ads,20911,1377,6.5851,1216,334,204,66,0.3156,14374.88,1662.48,764.66,United Kingdom,Tablet,18-24,Male,Awareness
2025-01-26,App Install Campaign,YouTube Ads,14740,609,4.1316,492,96,56,19,0.1289,2545.56,340.45,647.7,United States,Mobile,25-34,Male,Loyalty
2025-01-26,Clearance Blowout,Email Marketing,10042,810,8.0661,704,254,134,60,0.5975,6946.02,52.73,13072.8,United States,Desktop,25-34,Female,Consideration
2025-01-27,Brand Awareness Drive,Affiliate,25294,905,3.5779,779,238,107,28,0.1107,3012.72,498.0,504.96,India,Mobile,18-24,Male,Conversion
2025-01-27,Mid-Season Sale,TikTok Ads,21456,1018,4.7446,799,137,45,15,0.0699,2236.91,370.33,504.03,United Kingdom,Tablet,35-44,Female,Consideration
2025-01-27,App Install Campaign,Referral,13325,788,5.9137,644,338,227,107,0.803,18403.13,136.74,13358.48,India,Tablet,18-24,Female,Conversion
2025-01-27,Mid-Season Sale,Facebook Ads,16513,706,4.2754,620,167,87,15,0.0908,2511.13,399.04,529.29,United Kingdom,Desktop,25-34,Male,Awareness
2025-01-28,Mid-Season Sale,Affiliate,18240,978,5.3618,873,261,168,39,0.2138,2758.4,775.89,255.51,India,Desktop,55+,Female,Awareness
2025-01-28,Influencer Collab,TikTok Ads,21135,1220,5.7724,919,260,113,40,0.1893,1835.62,465.76,294.11,United States,Mobile,35-44,Male,Retargeting
2025-01-28,Loyalty Rewards Push,YouTube Ads,22278,611,2.7426,536,74,49,20,0.0898,1695.94,490.53,245.74,United States,Mobile,25-34,Male,Awareness
2025-01-29,Lead Gen Webinar,Affiliate,12047,527,4.3745,450,73,34,10,0.083,1066.71,397.7,168.22,South Africa,Mobile,45-54,Female,Awareness
2025-01-29,Clearance Blowout,LinkedIn Ads,30373,757,2.4923,686,148,96,31,0.1021,6057.43,1023.73,491.7,United Kingdom,Mobile,25-34,Male,Awareness
2025-01-30,Free Trial Signup,Google Ads,14755,941,6.3775,913,336,198,81,0.549,19481.28,1300.5,1397.98,India,Desktop,25-34,Male,Loyalty
2025-01-30,Back to School,LinkedIn Ads,19388,679,3.5022,627,213,145,65,0.3353,19997.5,1173.51,1604.08,Germany,Mobile,55+,Other,Loyalty
2025-01-31,New Year Kickoff,Email Marketing,23158,2154,9.3013,1901,712,499,241,1.0407,28976.58,197.79,14550.17,Canada,Mobile,45-54,Male,Awareness
2025-01-31,Flash Weekend Deal,Affiliate,11013,373,3.3869,274,51,25,6,0.0545,685.84,190.46,260.1,United States,Mobile,35-44,Female,Conversion
2025-02-01,Free Trial Signup,Instagram Ads,13307,502,3.7725,404,46,23,5,0.0376,518.66,489.89,5.87,United Kingdom,Desktop,18-24,Female,Awareness
2025-02-01,App Install Campaign,Google Ads,25325,1423,5.619,1174,368,243,101,0.3988,15825.56,1601.33,888.28,UAE,Mobile,45-54,Male,Retargeting
2025-02-01,Flash Weekend Deal,Affiliate,18133,891,4.9137,730,273,107,44,0.2427,3511.45,350.55,901.7,United States,Mobile,55+,Male,Retargeting
2025-02-01,Anniversary Sale,Affiliate,21653,939,4.3366,814,167,98,35,0.1616,2390.18,543.47,339.8,UAE,Desktop,55+,Male,Consideration
2025-02-01,Mid-Season Sale,Google Ads,19533,1080,5.5291,1012,327,193,62,0.3174,13509.79,1338.2,909.55,India,Desktop,18-24,Male,Conversion
2025-02-01,Holiday Gift Guide,Affiliate,19168,552,2.8798,487,135,63,17,0.0887,2760.38,455.39,506.16,Canada,Desktop,25-34,Male,Retargeting
2025-02-02,Holiday Gift Guide,Email Marketing,16158,1281,7.928,1261,368,228,65,0.4023,10286.44,134.13,7569.01,Germany,Desktop,35-44,Female,Awareness
2025-02-02,New Year Kickoff,Instagram Ads,16195,645,3.9827,502,89,29,11,0.0679,1681.11,249.35,574.2,United States,Mobile,18-24,Male,Retargeting
2025-02-03,Customer Win-Back,Instagram Ads,18128,717,3.9552,570,195,118,25,0.1379,4956.82,326.12,1419.94,Australia,Desktop,45-54,Other,Awareness
2025-02-04,Product Launch Q3,Facebook Ads,15838,538,3.3969,449,131,88,40,0.2526,6779.06,386.08,1655.87,United Kingdom,Mobile,25-34,Female,Conversion
2025-02-05,Loyalty Rewards Push,LinkedIn Ads,27591,865,3.1351,798,179,105,23,0.0834,9898.68,1562.68,533.44,United States,Mobile,45-54,Female,Awareness
2025-02-05,Brand Awareness Drive,Facebook Ads,23419,1005,4.2914,870,208,115,42,0.1793,5578.31,557.83,900.0,United States,Mobile,35-44,Female,Consideration
2025-02-05,Referral Bonanza,Instagram Ads,12836,482,3.7551,391,80,54,12,0.0935,671.29,474.29,41.54,India,Desktop,45-54,Female,Awareness
2025-02-05,Customer Win-Back,Organic Search,22079,1656,7.5003,1471,450,321,145,0.6567,9517.71,42.16,22475.21,Canada,Mobile,55+,Female,Consideration
2025-02-05,Flash Weekend Deal,Google Ads,11310,799,7.0645,722,263,139,58,0.5128,5480.29,1020.56,436.99,India,Mobile,18-24,Male,Conversion
2025-02-05,Holiday Gift Guide,TikTok Ads,18690,1075,5.7517,897,177,81,23,0.1231,967.41,455.06,112.59,Canada,Mobile,35-44,Male,Retargeting
2025-02-06,Summer Sale Blast,Referral,19739,1037,5.2536,937,367,283,172,0.8714,29437.73,120.76,24277.05,Australia,Mobile,25-34,Female,Conversion
2025-02-06,Clearance Blowout,Google Ads,12856,743,5.7794,667,254,161,70,0.5445,16114.34,1187.67,1256.8,India,Mobile,25-34,Male,Conversion
2025-02-07,Flash Weekend Deal,Google Ads,27494,1796,6.5323,1578,590,425,168,0.611,39619.59,1563.34,2434.29,India,Mobile,35-44,Female,Retargeting
2025-02-07,Product Launch Q3,YouTube Ads,18515,547,2.9544,408,84,42,10,0.054,1720.49,341.18,404.28,United States,Mobile,35-44,Female,Conversion
2025-02-07,Brand Awareness Drive,Affiliate,21264,919,4.3219,767,225,111,40,0.1881,3470.26,589.91,488.27,United States,Mobile,25-34,Male,Consideration
2025-02-08,Loyalty Rewards Push,Organic Search,20267,1079,5.3239,1068,503,307,127,0.6266,28997.77,86.82,33299.87,Canada,Desktop,25-34,Male,Consideration
2025-02-08,Product Launch Q3,LinkedIn Ads,27670,829,2.996,699,228,162,50,0.1807,16476.88,2194.45,650.84,India,Mobile,18-24,Male,Awareness
2025-02-09,Free Trial Signup,Organic Search,32633,1879,5.758,1671,739,493,116,0.3555,25189.31,70.75,35503.27,India,Desktop,35-44,Male,Conversion
2025-02-09,Product Launch Q1,Referral,15335,1036,6.7558,1024,472,310,167,1.089,38077.37,48.37,78621.05,United Kingdom,Mobile,25-34,Female,Loyalty
2025-02-09,Anniversary Sale,Instagram Ads,6026,227,3.767,174,47,25,7,0.1162,475.2,175.09,171.4,Canada,Desktop,25-34,Male,Conversion
2025-02-10,Product Launch Q3,Facebook Ads,17435,780,4.4738,638,224,140,56,0.3212,8151.69,732.35,1013.09,Canada,Mobile,25-34,Female,Conversion
2025-02-10,Free Trial Signup,LinkedIn Ads,27074,670,2.4747,572,153,115,50,0.1847,18106.53,2066.38,776.24,Canada,Desktop,25-34,Female,Consideration
2025-02-10,Mid-Season Sale,Referral,17747,964,5.4319,897,339,192,81,0.4564,21138.82,148.43,14141.61,United Kingdom,Desktop,25-34,Male,Awareness
2025-02-11,Flash Weekend Deal,Referral,33081,2729,8.2494,2538,1015,696,352,1.0641,87035.14,128.32,67726.64,India,Desktop,35-44,Male,Awareness
2025-02-12,Loyalty Rewards Push,Affiliate,19461,965,4.9586,794,155,90,27,0.1387,4452.48,667.7,566.84,United States,Mobile,45-54,Female,Conversion
2025-02-12,Product Launch Q3,LinkedIn Ads,22207,562,2.5307,452,145,86,28,0.1261,9226.99,1262.79,630.68,Germany,Mobile,35-44,Other,Retargeting
2025-02-12,Flash Weekend Deal,Facebook Ads,12544,589,4.6955,488,51,35,8,0.0638,755.4,567.97,33.0,India,Mobile,25-34,Female,Consideration
2025-02-13,Mid-Season Sale,Google Ads,16607,910,5.4796,836,186,134,61,0.3673,5854.99,1385.48,322.6,Brazil,Mobile,25-34,Female,Retargeting
2025-02-13,Product Launch Q3,Google Ads,23477,1525,6.4957,1380,404,288,135,0.575,24856.88,2245.09,1007.17,UAE,Desktop,25-34,Male,Conversion
2025-02-13,Free Trial Signup,Google Ads,27081,1822,6.728,1712,680,412,159,0.5871,27266.27,2532.23,976.77,United States,Desktop,25-34,Male,Awareness
2025-02-13,Lead Gen Webinar,Instagram Ads,18706,519,2.7745,395,111,52,13,0.0695,1382.43,238.44,479.78,Germany,Mobile,25-34,Male,Conversion
2025-02-13,Anniversary Sale,Google Ads,17550,1086,6.188,945,309,201,102,0.5812,18228.69,1049.95,1636.15,United States,Mobile,55+,Male,Conversion
2025-02-14,Influencer Collab,Instagram Ads,11995,502,4.1851,406,131,70,15,0.1251,2122.88,331.05,541.26,Australia,Mobile,18-24,Female,Awareness
2025-02-15,Customer Win-Back,Organic Search,12655,889,7.0249,803,289,178,79,0.6243,7229.3,126.38,5620.29,United States,Tablet,35-44,Female,Retargeting
2025-02-15,Customer Win-Back,TikTok Ads,22659,1079,4.7619,870,158,74,27,0.1192,3023.7,451.08,570.32,UAE,Mobile,25-34,Male,Consideration
2025-02-15,Product Launch Q3,Instagram Ads,26246,842,3.2081,691,119,59,11,0.0419,1073.78,362.85,195.93,UAE,Desktop,35-44,Female,Retargeting
2025-02-15,Summer Sale Blast,LinkedIn Ads,19688,527,2.6768,475,126,82,37,0.1879,17002.97,957.66,1675.47,Singapore,Desktop,45-54,Male,Retargeting
2025-02-15,Brand Awareness Drive,Referral,15543,867,5.5781,803,280,200,99,0.6369,9138.08,26.87,33908.49,India,Desktop,18-24,Male,Conversion
2025-02-15,Flash Weekend Deal,Email Marketing,22784,2337,10.2572,2236,1077,807,370,1.6239,33370.24,172.6,19233.86,United Kingdom,Mobile,25-34,Male,Awareness
2025-02-15,Back to School,Email Marketing,23160,1709,7.3791,1507,702,429,195,0.842,28217.22,155.6,18034.46,India,Mobile,18-24,Male,Awareness
2025-02-16,Anniversary Sale,TikTok Ads,20642,1297,6.2833,962,124,55,19,0.092,1819.45,819.92,121.91,United States,Mobile,18-24,Male,Consideration
2025-02-16,Product Launch Q3,Affiliate,17607,724,4.112,638,124,67,17,0.0966,792.45,533.16,48.63,United States,Mobile,45-54,Female,Awareness
2025-02-16,Holiday Gift Guide,Organic Search,16808,831,4.9441,739,244,148,59,0.351,11177.43,20.59,54185.72,India,Desktop,55+,Female,Consideration
2025-02-16,Back to School,Affiliate,16776,551,3.2845,460,131,75,22,0.1311,2487.2,445.04,458.87,Canada,Mobile,35-44,Female,Awareness
2025-02-17,Summer Sale Blast,Instagram Ads,18649,613,3.287,549,148,74,23,0.1233,1637.36,334.83,389.01,India,Mobile,25-34,Male,Awareness
2025-02-17,Anniversary Sale,Email Marketing,11605,881,7.5916,722,307,195,93,0.8014,9682.99,121.15,7892.56,India,Desktop,35-44,Female,Consideration
2025-02-17,Mid-Season Sale,TikTok Ads,16969,692,4.078,579,118,52,10,0.0589,656.89,364.88,80.03,United Kingdom,Desktop,18-24,Male,Retargeting
2025-02-18,Customer Win-Back,Google Ads,13595,641,4.715,593,242,129,41,0.3016,10330.6,432.19,2290.29,Australia,Desktop,25-34,Female,Conversion
2025-02-18,Lead Gen Webinar,Email Marketing,22386,1814,8.1033,1733,942,729,266,1.1882,43230.07,173.48,24819.34,United States,Desktop,35-44,Male,Awareness
2025-02-18,Flash Weekend Deal,Organic Search,22600,1712,7.5752,1560,483,336,137,0.6062,18281.02,31.43,58064.24,UAE,Mobile,35-44,Female,Awareness
2025-02-18,New Year Kickoff,Organic Search,25309,1649,6.5155,1494,548,294,94,0.3714,16944.08,64.53,26157.68,India,Mobile,35-44,Male,Awareness
2025-02-18,Loyalty Rewards Push,Google Ads,13520,921,6.8121,816,242,153,44,0.3254,6625.6,1044.31,534.45,Brazil,Desktop,25-34,Female,Awareness
2025-02-18,Cart Abandonment Recovery,Organic Search,11255,515,4.5757,509,103,50,28,0.2488,4204.2,43.0,9677.21,United Kingdom,Mobile,35-44,Female,Consideration
2025-02-19,Brand Awareness Drive,YouTube Ads,26763,1078,4.0279,873,246,126,34,0.127,2789.16,660.47,322.3,South Africa,Mobile,25-34,Male,Awareness
2025-02-19,Mid-Season Sale,LinkedIn Ads,10628,380,3.5755,346,107,81,35,0.3293,13806.64,660.6,1990.02,Singapore,Desktop,18-24,Male,Awareness
2025-02-19,Festive Mega Offer,Affiliate,23271,872,3.7472,800,307,116,32,0.1375,3444.78,490.48,602.33,Singapore,Mobile,25-34,Female,Awareness
2025-02-20,Cart Abandonment Recovery,LinkedIn Ads,23052,401,1.7395,352,100,71,30,0.1301,5473.86,974.33,461.81,United Kingdom,Desktop,45-54,Male,Loyalty
2025-02-20,Product Launch Q1,Email Marketing,5178,407,7.8602,342,139,84,31,0.5987,3837.01,74.69,5037.25,Brazil,Mobile,35-44,Female,Conversion
2025-02-21,Customer Win-Back,Instagram Ads,11040,457,4.1395,350,107,50,18,0.163,2607.41,348.21,648.8,United States,Tablet,35-44,Male,Conversion
2025-02-21,Product Launch Q3,Instagram Ads,14221,611,4.2965,517,102,36,7,0.0492,1173.06,438.83,167.32,Canada,Desktop,45-54,Female,Awareness
2025-02-21,Free Trial Signup,Email Marketing,21057,1332,6.3257,1128,568,367,146,0.6934,34248.0,124.07,27503.77,Canada,Mobile,25-34,Male,Conversion
2025-02-22,Holiday Gift Guide,YouTube Ads,30559,1280,4.1886,984,193,97,29,0.0949,4110.28,1036.88,296.41,Germany,Mobile,25-34,Female,Awareness
2025-02-22,New Year Kickoff,YouTube Ads,20879,741,3.549,605,146,71,23,0.1102,3931.49,820.89,378.93,United States,Mobile,35-44,Female,Conversion
2025-02-22,Influencer Collab,Facebook Ads,26291,1158,4.4045,992,309,175,78,0.2967,11391.53,646.73,1661.4,Canada,Tablet,18-24,Male,Awareness
2025-02-23,Holiday Gift Guide,TikTok Ads,14183,558,3.9343,471,88,28,6,0.0423,560.8,284.66,97.01,India,Desktop,35-44,Male,Awareness
2025-02-23,Referral Bonanza,Referral,21796,1567,7.1894,1531,682,585,296,1.358,87434.39,41.91,208524.17,UAE,Desktop,18-24,Female,Awareness
2025-02-23,Festive Mega Offer,Instagram Ads,34696,1221,3.5191,1001,212,103,28,0.0807,4432.33,977.35,353.5,Canada,Mobile,35-44,Male,Retargeting
2025-02-23,Product Launch Q3,TikTok Ads,19031,988,5.1915,783,120,50,9,0.0473,753.4,562.9,33.84,United Kingdom,Tablet,35-44,Male,Conversion
2025-02-23,Free Trial Signup,Organic Search,22520,1323,5.8748,1114,370,224,104,0.4618,11464.6,134.6,8417.53,UAE,Mobile,25-34,Female,Awareness
2025-02-23,Product Launch Q3,Organic Search,30052,1850,6.156,1814,629,277,157,0.5224,26679.7,123.29,21539.79,Germany,Tablet,25-34,Male,Awareness
2025-02-23,Holiday Gift Guide,LinkedIn Ads,7358,213,2.8948,181,54,33,20,0.2718,10021.98,444.33,2155.53,Singapore,Desktop,25-34,Female,Awareness
2025-02-23,Clearance Blowout,Facebook Ads,17164,656,3.822,585,133,66,21,0.1223,2508.93,527.7,375.45,United Kingdom,Desktop,35-44,Female,Awareness
2025-02-24,Mid-Season Sale,Email Marketing,6750,487,7.2148,465,199,98,51,0.7556,8990.82,101.47,8760.57,India,Desktop,35-44,Male,Awareness
2025-02-25,Brand Awareness Drive,LinkedIn Ads,9077,238,2.622,208,75,59,32,0.3525,15398.19,673.31,2186.94,Brazil,Desktop,25-34,Female,Retargeting
2025-02-26,Customer Win-Back,Google Ads,14235,773,5.4303,740,231,182,78,0.5479,13193.48,822.42,1504.23,United Kingdom,Tablet,18-24,Male,Awareness
2025-02-26,Influencer Collab,Facebook Ads,27522,1155,4.1966,975,300,161,67,0.2434,6955.36,1214.4,472.74,India,Mobile,25-34,Male,Conversion
2025-02-26,Anniversary Sale,Email Marketing,15294,1119,7.3166,971,369,238,74,0.4838,5683.14,152.81,3619.09,India,Mobile,35-44,Female,Conversion
2025-02-27,Loyalty Rewards Push,Referral,6509,514,7.8968,470,194,147,77,1.183,7757.86,58.5,13161.3,Canada,Tablet,18-24,Male,Conversion
2025-02-27,Clearance Blowout,Referral,31968,2323,7.2666,2159,1105,870,378,1.1824,48540.71,132.54,36523.44,Canada,Mobile,45-54,Female,Consideration
2025-02-28,Free Trial Signup,Facebook Ads,24238,1069,4.4104,868,296,145,55,0.2269,3893.52,880.54,342.17,United States,Mobile,25-34,Female,Consideration
2025-02-28,Brand Awareness Drive,Affiliate,17060,506,2.966,470,108,54,6,0.0352,617.98,427.33,44.61,United States,Mobile,25-34,Male,Retargeting
2025-02-28,Flash Weekend Deal,Instagram Ads,24743,974,3.9365,769,210,105,46,0.1859,7505.6,593.75,1164.1,India,Mobile,45-54,Male,Consideration
2025-03-01,Lead Gen Webinar,Organic Search,21558,1057,4.9031,1041,349,165,62,0.2876,5734.25,54.53,10415.77,India,Mobile,55+,Female,Consideration
2025-03-02,Holiday Gift Guide,Affiliate,21441,1133,5.2843,925,154,67,15,0.07,1006.31,520.84,93.21,India,Desktop,25-34,Male,Conversion
2025-03-02,Holiday Gift Guide,TikTok Ads,17943,766,4.2691,595,144,82,22,0.1226,1302.65,574.73,126.65,India,Mobile,35-44,Male,Consideration
2025-03-02,Cart Abandonment Recovery,Instagram Ads,26232,925,3.5262,781,232,139,53,0.202,8092.88,583.11,1287.88,India,Mobile,18-24,Female,Loyalty
2025-03-02,Festive Mega Offer,Google Ads,26820,1429,5.3281,1207,407,262,88,0.3281,10124.0,1077.63,839.47,India,Tablet,25-34,Male,Conversion
2025-03-02,Anniversary Sale,Referral,21403,1499,7.0037,1359,627,515,230,1.0746,61023.88,147.04,41401.55,Brazil,Desktop,25-34,Female,Loyalty
2025-03-02,Flash Weekend Deal,Organic Search,25048,1177,4.699,1165,505,246,127,0.507,25020.35,33.71,74122.34,South Africa,Mobile,25-34,Male,Loyalty
2025-03-03,Clearance Blowout,Affiliate,8411,368,4.3752,350,65,34,8,0.0951,1419.67,246.52,475.88,South Africa,Desktop,45-54,Male,Retargeting
2025-03-03,Product Launch Q1,Referral,19016,1221,6.4209,1142,545,369,190,0.9992,25434.72,147.55,17138.03,Australia,Mobile,25-34,Male,Awareness
2025-03-03,New Year Kickoff,TikTok Ads,12073,731,6.0548,597,123,40,8,0.0663,757.77,287.18,163.87,India,Mobile,35-44,Female,Awareness
2025-03-03,Holiday Gift Guide,TikTok Ads,17318,816,4.7119,598,129,58,16,0.0924,1166.67,407.05,186.62,Australia,Mobile,45-54,Male,Consideration
2025-03-04,Summer Sale Blast,YouTube Ads,26426,948,3.5874,775,167,81,18,0.0681,2370.67,452.48,423.93,United Kingdom,Mobile,25-34,Male,Conversion
2025-03-04,Customer Win-Back,LinkedIn Ads,6397,146,2.2823,120,42,28,10,0.1563,4752.74,518.03,817.46,India,Mobile,18-24,Other,Consideration
2025-03-04,Anniversary Sale,Referral,18602,1107,5.951,994,529,371,152,0.8171,23448.21,103.85,22478.92,UAE,Desktop,45-54,Female,Consideration
2025-03-04,Brand Awareness Drive,Instagram Ads,19338,851,4.4007,744,151,73,19,0.0983,2657.49,516.73,414.29,India,Mobile,25-34,Female,Loyalty
2025-03-05,Clearance Blowout,Email Marketing,20905,1413,6.7591,1234,542,304,145,0.6936,29547.01,184.8,15888.64,United States,Mobile,45-54,Female,Retargeting
2025-03-07,Festive Mega Offer,Facebook Ads,17620,611,3.4677,531,203,93,28,0.1589,3206.85,316.45,913.38,Germany,Mobile,35-44,Male,Awareness
2025-03-07,Back to School,Instagram Ads,11137,606,5.4413,470,111,54,22,0.1975,3828.69,517.86,639.33,India,Mobile,25-34,Male,Conversion
2025-03-08,Festive Mega Offer,Google Ads,16574,1146,6.9144,1134,358,214,68,0.4103,15007.82,1499.83,900.63,South Africa,Desktop,55+,Male,Retargeting
2025-03-08,Customer Win-Back,Email Marketing,8523,698,8.1896,689,190,128,51,0.5984,7621.31,177.67,4189.59,United Kingdom,Desktop,55+,Female,Loyalty
2025-03-08,Holiday Gift Guide,Email Marketing,22915,2015,8.7934,1896,810,474,223,0.9732,36148.11,197.72,18182.48,United States,Mobile,18-24,Other,Retargeting
2025-03-09,Influencer Collab,Affiliate,6895,271,3.9304,268,60,31,12,0.174,1238.84,330.9,274.39,India,Mobile,18-24,Female,Retargeting
2025-03-09,Loyalty Rewards Push,Facebook Ads,14560,735,5.0481,655,212,123,34,0.2335,4327.7,479.91,801.77,United States,Mobile,18-24,Male,Conversion
2025-03-09,Brand Awareness Drive,YouTube Ads,13653,521,3.816,446,134,76,22,0.1611,4101.65,688.75,495.52,Australia,Desktop,25-34,Female,Consideration
2025-03-10,Anniversary Sale,TikTok Ads,18879,1083,5.7365,842,130,54,7,0.0371,827.92,627.18,32.01,India,Desktop,45-54,Female,Retargeting
2025-03-10,Loyalty Rewards Push,Referral,18593,1087,5.8463,989,454,248,79,0.4249,22736.81,136.61,16543.59,Canada,Mobile,35-44,Female,Consideration
2025-03-10,Product Launch Q1,Email Marketing,24700,1916,7.7571,1810,686,422,195,0.7895,27656.87,183.09,15005.61,Brazil,Mobile,25-34,Female,Conversion
2025-03-10,Flash Weekend Deal,Email Marketing,18992,1273,6.7028,1260,718,414,185,0.9741,13345.03,141.68,9319.13,India,Mobile,35-44,Female,Awareness
2025-03-11,Festive Mega Offer,Organic Search,22897,1199,5.2365,1132,537,303,117,0.511,8208.76,134.16,6018.63,United States,Tablet,25-34,Male,Awareness
2025-03-11,Anniversary Sale,Referral,17735,957,5.3961,927,408,303,147,0.8289,26617.94,115.86,22874.23,India,Desktop,18-24,Female,Loyalty
2025-03-11,App Install Campaign,TikTok Ads,10975,631,5.7494,454,81,34,10,0.0911,882.74,429.06,105.74,Australia,Mobile,18-24,Female,Retargeting
2025-03-11,Product Launch Q1,Google Ads,11204,702,6.2656,637,231,118,40,0.357,5115.15,1226.98,316.89,Australia,Mobile,55+,Male,Consideration
2025-03-11,Influencer Collab,Instagram Ads,8186,320,3.9091,283,103,55,10,0.1222,1706.08,265.64,542.25,Australia,Desktop,45-54,Male,Retargeting
2025-03-11,Product Launch Q3,Instagram Ads,13961,558,3.9968,451,101,52,12,0.086,1394.29,326.36,327.22,India,Desktop,35-44,Female,Retargeting
2025-03-12,Holiday Gift Guide,Google Ads,21464,1095,5.1016,1053,388,241,112,0.5218,18273.48,1431.73,1176.32,Australia,Mobile,35-44,Female,Awareness
2025-03-12,Influencer Collab,Instagram Ads,22109,760,3.4375,668,231,110,13,0.0588,1841.0,536.27,243.3,Australia,Mobile,25-34,Female,Consideration
2025-03-12,Brand Awareness Drive,YouTube Ads,17220,535,3.1069,426,71,36,14,0.0813,1085.01,568.26,90.94,India,Desktop,55+,Male,Retargeting
2025-03-12,Influencer Collab,YouTube Ads,26682,948,3.553,798,89,42,10,0.0375,621.57,1095.87,-43.28,India,Desktop,25-34,Male,Awareness
2025-03-12,Referral Bonanza,Referral,21297,1330,6.245,1236,493,375,180,0.8452,20729.5,26.31,78689.43,Canada,Tablet,45-54,Female,Awareness
2025-03-12,Customer Win-Back,Email Marketing,11245,873,7.7635,769,245,166,56,0.498,5073.01,124.35,3979.62,India,Mobile,45-54,Male,Consideration
2025-03-12,Flash Weekend Deal,Referral,21485,1978,9.2064,1958,906,656,363,1.6896,69136.93,129.44,53312.34,Australia,Mobile,45-54,Male,Consideration
2025-03-13,Referral Bonanza,Facebook Ads,24740,1226,4.9555,1066,395,230,97,0.3921,10701.76,931.21,1049.23,Germany,Desktop,25-34,Other,Loyalty
2025-03-13,Lead Gen Webinar,LinkedIn Ads,13295,230,1.73,205,73,43,19,0.1429,2901.58,474.92,510.96,South Africa,Mobile,35-44,Female,Awareness
2025-03-13,Product Launch Q1,Google Ads,23409,1682,7.1853,1516,686,427,206,0.88,38696.25,1851.0,1990.56,India,Mobile,55+,Male,Retargeting
2025-03-13,Loyalty Rewards Push,Organic Search,19239,1175,6.1074,1152,340,198,119,0.6185,26888.26,68.81,38976.09,United Kingdom,Desktop,18-24,Male,Awareness
2025-03-13,Influencer Collab,Referral,24138,1571,6.5084,1543,560,399,160,0.6629,25068.32,63.57,39334.2,India,Desktop,18-24,Female,Retargeting
2025-03-13,Mid-Season Sale,Instagram Ads,17337,749,4.3202,638,153,77,27,0.1557,2688.01,447.16,501.13,Canada,Desktop,35-44,Male,Awareness
2025-03-13,Lead Gen Webinar,Referral,15977,1138,7.1227,1086,518,363,150,0.9388,20963.88,86.79,24054.72,United States,Mobile,55+,Male,Retargeting
2025-03-14,Summer Sale Blast,Organic Search,10913,555,5.0857,525,210,138,43,0.394,5320.73,50.84,10365.64,United States,Mobile,25-34,Female,Conversion
2025-03-14,Brand Awareness Drive,Instagram Ads,23482,685,2.9171,616,169,103,19,0.0809,2329.33,388.28,499.91,India,Mobile,35-44,Male,Retargeting
2025-03-14,Customer Win-Back,YouTube Ads,3690,98,2.6558,69,16,7,2,0.0542,335.76,185.18,81.32,South Africa,Tablet,35-44,Male,Conversion
2025-03-14,Lead Gen Webinar,Organic Search,11619,568,4.8885,549,158,100,29,0.2496,2028.18,55.69,3541.91,UAE,Mobile,35-44,Male,Awareness
2025-03-14,Holiday Gift Guide,YouTube Ads,12056,364,3.0192,293,55,19,5,0.0415,701.62,299.85,133.99,United States,Desktop,35-44,Female,Conversion
2025-03-14,Loyalty Rewards Push,TikTok Ads,17135,839,4.8964,676,161,47,12,0.07,1355.11,274.57,393.54,United States,Mobile,45-54,Male,Conversion
2025-03-15,Mid-Season Sale,Facebook Ads,15043,628,4.1747,565,107,68,20,0.133,1997.56,365.5,446.53,Germany,Desktop,35-44,Female,Conversion
2025-03-15,Free Trial Signup,Instagram Ads,16525,774,4.6838,619,126,51,20,0.121,2851.97,398.01,616.56,India,Mobile,45-54,Male,Retargeting
2025-03-16,Influencer Collab,TikTok Ads,24729,1272,5.1438,1112,291,156,60,0.2426,3202.41,507.62,530.87,United States,Mobile,45-54,Male,Loyalty
2025-03-16,Festive Mega Offer,Referral,24490,1470,6.0024,1281,691,507,244,0.9963,26338.63,119.71,21902.03,South Africa,Mobile,25-34,Female,Conversion
2025-03-17,Anniversary Sale,YouTube Ads,15383,471,3.0618,420,62,29,8,0.052,1144.58,370.01,209.34,United States,Mobile,18-24,Male,Consideration
2025-03-17,Flash Weekend Deal,Organic Search,16486,993,6.0233,898,347,207,63,0.3821,6348.51,140.44,4420.44,United States,Tablet,35-44,Male,Awareness
2025-03-17,Customer Win-Back,Referral,12398,975,7.8642,860,429,308,118,0.9518,27063.06,27.8,97249.14,United States,Mobile,45-54,Female,Awareness
2025-03-18,Cart Abandonment Recovery,Google Ads,24856,1567,6.3043,1413,421,298,116,0.4667,10271.32,1330.32,672.09,Australia,Mobile,18-24,Female,Retargeting
2025-03-18,Flash Weekend Deal,TikTok Ads,12288,621,5.0537,492,61,28,6,0.0488,774.93,422.28,83.51,United Kingdom,Desktop,18-24,Female,Awareness
2025-03-18,Influencer Collab,YouTube Ads,24606,1127,4.5802,835,143,99,31,0.126,2611.24,1271.09,105.43,United Kingdom,Tablet,55+,Female,Retargeting
2025-03-18,Product Launch Q3,Google Ads,12353,846,6.8485,764,373,227,82,0.6638,21311.94,639.55,3232.33,United States,Mobile,18-24,Female,Conversion
2025-03-19,Product Launch Q1,Email Marketing,18121,1347,7.4334,1325,367,227,96,0.5298,7386.87,112.68,6455.62,India,Mobile,18-24,Male,Conversion
2025-03-19,Product Launch Q3,Affiliate,8859,310,3.4993,265,79,51,10,0.1129,1427.2,226.08,531.28,United Kingdom,Desktop,25-34,Female,Awareness
2025-03-19,Referral Bonanza,Organic Search,28178,1279,4.539,1143,414,307,96,0.3407,7189.19,141.01,4998.35,United States,Tablet,55+,Male,Loyalty
2025-03-19,Anniversary Sale,LinkedIn Ads,20552,450,2.1896,409,145,96,43,0.2092,17967.02,1315.09,1266.22,India,Mobile,45-54,Female,Conversion
2025-03-19,Loyalty Rewards Push,LinkedIn Ads,32334,1155,3.5721,1095,393,267,129,0.399,34764.71,3186.24,991.09,India,Desktop,18-24,Male,Retargeting
2025-03-19,App Install Campaign,Affiliate,14449,572,3.9588,530,109,44,15,0.1038,2390.6,396.56,502.83,India,Mobile,18-24,Female,Conversion
2025-03-20,Flash Weekend Deal,Email Marketing,23382,1437,6.1458,1270,543,323,128,0.5474,23446.11,199.68,11641.84,Singapore,Desktop,25-34,Female,Consideration
2025-03-20,Festive Mega Offer,Affiliate,8548,269,3.1469,222,42,21,6,0.0702,1071.27,204.15,424.75,India,Mobile,25-34,Male,Loyalty
2025-03-20,Lead Gen Webinar,Facebook Ads,13595,682,5.0166,586,181,85,20,0.1471,1258.56,642.92,95.76,Germany,Mobile,25-34,Male,Conversion
2025-03-20,Clearance Blowout,Organic Search,27502,1587,5.7705,1482,460,341,150,0.5454,16109.91,63.61,25226.07,Germany,Mobile,45-54,Female,Consideration
2025-03-21,Summer Sale Blast,Affiliate,28433,1109,3.9004,1044,332,185,62,0.2181,5417.14,674.96,702.59,United States,Desktop,18-24,Male,Consideration
2025-03-21,Mid-Season Sale,Facebook Ads,23006,1102,4.7901,906,288,192,68,0.2956,6863.42,795.51,762.77,India,Mobile,45-54,Female,Awareness
2025-03-21,Cart Abandonment Recovery,LinkedIn Ads,23059,558,2.4199,463,111,85,32,0.1388,11392.69,1665.66,583.97,Canada,Desktop,18-24,Female,Conversion
2025-03-22,Holiday Gift Guide,Google Ads,25419,1477,5.8106,1399,440,248,106,0.417,10581.04,2092.22,405.73,India,Desktop,25-34,Female,Loyalty
2025-03-22,Clearance Blowout,Organic Search,20325,788,3.877,780,245,162,66,0.3247,10058.56,130.64,7599.45,India,Desktop,35-44,Male,Consideration
2025-03-22,Referral Bonanza,Affiliate,33902,1357,4.0027,1147,400,144,42,0.1239,6317.28,836.92,654.82,Germany,Desktop,35-44,Female,Awareness
2025-03-22,Lead Gen Webinar,YouTube Ads,19094,649,3.399,563,188,86,14,0.0733,2024.06,439.1,360.96,United States,Mobile,35-44,Male,Conversion
2025-03-22,Back to School,YouTube Ads,18888,574,3.039,491,116,39,14,0.0741,857.25,418.59,104.79,Canada,Desktop,45-54,Female,Consideration
2025-03-23,Flash Weekend Deal,Google Ads,23150,1635,7.0626,1565,557,386,125,0.54,16219.87,2329.75,596.21,United Kingdom,Desktop,18-24,Female,Awareness
2025-03-24,New Year Kickoff,Referral,25075,1773,7.0708,1755,974,662,382,1.5234,41822.64,118.17,35291.93,India,Desktop,35-44,Female,Consideration
2025-03-24,Mid-Season Sale,Referral,25212,1739,6.8975,1645,535,422,237,0.94,28026.74,138.59,20122.77,United States,Desktop,35-44,Male,Conversion
2025-03-24,Free Trial Signup,Google Ads,19777,985,4.9805,877,326,140,40,0.2023,4833.51,1593.8,203.27,India,Mobile,55+,Female,Conversion
2025-03-25,Clearance Blowout,Email Marketing,29965,2356,7.8625,2188,1114,644,335,1.118,74344.88,201.3,36832.38,United Kingdom,Mobile,25-34,Male,Awareness
2025-03-25,Cart Abandonment Recovery,Facebook Ads,31918,1198,3.7534,1085,379,137,37,0.1159,4445.68,963.69,361.32,India,Mobile,18-24,Female,Conversion
2025-03-25,Brand Awareness Drive,Affiliate,21665,1138,5.2527,1050,215,108,33,0.1523,5220.74,535.77,874.44,India,Mobile,35-44,Male,Awareness
2025-03-26,Mid-Season Sale,YouTube Ads,17063,435,2.5494,369,47,24,9,0.0527,1041.79,456.17,128.38,United Kingdom,Tablet,25-34,Female,Conversion
2025-03-26,Brand Awareness Drive,Email Marketing,25828,2197,8.5063,1958,920,499,277,1.0725,52730.54,199.42,26341.95,India,Mobile,25-34,Female,Awareness
2025-03-27,Influencer Collab,LinkedIn Ads,27651,729,2.6364,682,302,206,105,0.3797,35755.37,962.02,3616.7,Germany,Tablet,45-54,Male,Awareness
2025-03-27,Referral Bonanza,YouTube Ads,19470,727,3.7339,581,166,74,17,0.0873,2391.45,544.52,339.18,India,Mobile,25-34,Female,Consideration
2025-03-27,Lead Gen Webinar,Referral,18807,1017,5.4076,943,391,317,148,0.7869,23396.91,43.5,53686.0,United States,Tablet,35-44,Male,Consideration
2025-03-27,Influencer Collab,Email Marketing,19247,1716,8.9157,1597,582,365,143,0.743,16152.43,197.1,8095.04,India,Mobile,55+,Male,Retargeting
2025-03-28,Holiday Gift Guide,Organic Search,20153,1051,5.2151,924,328,175,91,0.4515,13683.57,83.21,16344.62,United States,Desktop,25-34,Female,Awareness
2025-03-28,Anniversary Sale,Organic Search,14244,604,4.2404,571,232,141,38,0.2668,5574.48,35.05,15804.37,United States,Mobile,18-24,Female,Conversion
2025-03-28,Product Launch Q3,Instagram Ads,23573,1012,4.293,916,286,153,56,0.2376,9031.41,502.2,1698.37,South Africa,Tablet,35-44,Female,Awareness
2025-03-28,Summer Sale Blast,TikTok Ads,22695,1427,6.2877,1292,129,52,11,0.0485,500.32,452.09,10.67,Australia,Desktop,25-34,Female,Consideration
2025-03-28,Influencer Collab,Email Marketing,22685,1699,7.4895,1610,731,468,178,0.7847,34925.67,172.4,20158.51,United Kingdom,Desktop,35-44,Female,Awareness
2025-03-29,Mid-Season Sale,Email Marketing,30076,1721,5.7222,1560,555,346,140,0.4655,29986.51,181.94,16381.54,United States,Mobile,18-24,Female,Conversion
2025-03-30,Mid-Season Sale,Google Ads,19424,1189,6.1213,1047,416,304,136,0.7002,20627.19,1181.62,1645.67,India,Mobile,18-24,Male,Consideration
2025-03-30,Clearance Blowout,Email Marketing,19960,1615,8.0912,1556,714,453,125,0.6263,21849.71,206.45,10483.54,India,Mobile,55+,Female,Conversion
2025-03-30,Loyalty Rewards Push,Referral,41936,3461,8.2531,3256,1637,1013,378,0.9014,52805.39,66.38,79450.15,Singapore,Mobile,35-44,Male,Awareness
2025-03-30,Summer Sale Blast,TikTok Ads,40288,2210,5.4855,1626,462,166,35,0.0869,3547.17,645.19,449.79,United States,Mobile,25-34,Male,Conversion
2025-03-31,New Year Kickoff,LinkedIn Ads,20607,513,2.4894,464,123,80,24,0.1165,8922.94,898.95,892.6,Canada,Desktop,25-34,Female,Awareness
2025-03-31,Free Trial Signup,TikTok Ads,5981,278,4.6481,195,11,4,0,0.0,0.0,180.26,-100.0,United States,Mobile,18-24,Male,Awareness
2025-03-31,Referral Bonanza,YouTube Ads,22857,532,2.3275,431,83,37,11,0.0481,1679.53,526.86,218.78,United States,Desktop,25-34,Male,Conversion
2025-03-31,Influencer Collab,Email Marketing,18956,1127,5.9453,1021,477,252,74,0.3904,15352.99,72.36,21117.51,United States,Mobile,45-54,Male,Loyalty
2025-04-01,Brand Awareness Drive,Affiliate,12603,531,4.2133,501,178,104,31,0.246,5543.59,311.66,1678.73,Canada,Mobile,55+,Female,Conversion
2025-04-01,Clearance Blowout,Organic Search,18845,890,4.7227,763,315,189,47,0.2494,5261.97,69.74,7445.12,Singapore,Desktop,25-34,Male,Awareness
2025-04-02,Referral Bonanza,TikTok Ads,14710,706,4.7995,546,87,42,8,0.0544,813.4,300.28,170.88,Australia,Desktop,35-44,Female,Consideration
2025-04-02,Flash Weekend Deal,LinkedIn Ads,23489,682,2.9035,559,245,179,91,0.3874,26008.85,1716.14,1415.54,India,Mobile,25-34,Male,Consideration
2025-04-03,Flash Weekend Deal,TikTok Ads,16644,947,5.6897,778,89,52,18,0.1081,2114.78,230.27,818.39,Canada,Mobile,25-34,Female,Loyalty
2025-04-03,Clearance Blowout,Organic Search,31831,1467,4.6087,1298,473,259,96,0.3016,17074.58,75.88,22402.08,India,Mobile,35-44,Male,Consideration
2025-04-03,Free Trial Signup,YouTube Ads,23543,673,2.8586,555,137,54,11,0.0467,1592.48,759.51,109.67,United States,Tablet,18-24,Male,Retargeting
2025-04-04,Influencer Collab,Instagram Ads,7803,216,2.7682,178,51,22,9,0.1153,786.92,249.78,215.05,Australia,Mobile,55+,Female,Conversion
2025-04-04,Cart Abandonment Recovery,Google Ads,21941,1742,7.9395,1591,569,421,224,1.0209,27518.69,2740.2,904.26,United States,Mobile,25-34,Male,Loyalty
2025-04-04,Free Trial Signup,Organic Search,12808,623,4.8641,569,143,71,19,0.1483,3144.66,115.62,2619.82,Australia,Mobile,25-34,Female,Consideration
2025-04-05,Brand Awareness Drive,Affiliate,18490,694,3.7534,630,114,67,17,0.0919,1681.04,384.11,337.65,United Kingdom,Mobile,35-44,Female,Retargeting
2025-04-06,Cart Abandonment Recovery,Referral,21822,1627,7.4558,1511,519,361,177,0.8111,34507.52,47.06,73226.65,United Kingdom,Desktop,25-34,Male,Awareness
2025-04-06,Lead Gen Webinar,Affiliate,21176,1008,4.7601,885,228,116,38,0.1794,6165.02,615.46,901.69,United States,Desktop,55+,Male,Consideration
2025-04-06,Anniversary Sale,Referral,16152,1079,6.6803,1047,434,277,133,0.8234,20653.52,101.86,20176.38,United States,Desktop,18-24,Other,Loyalty
2025-04-06,Mid-Season Sale,Email Marketing,28167,1886,6.6958,1773,722,440,184,0.6532,35800.69,148.91,23941.83,India,Desktop,35-44,Female,Consideration
2025-04-07,Influencer Collab,TikTok Ads,23623,1450,6.1381,1038,246,93,18,0.0762,989.67,800.56,23.62,India,Desktop,25-34,Male,Awareness
2025-04-07,Summer Sale Blast,Facebook Ads,23545,1006,4.2727,853,170,121,62,0.2633,11147.65,677.37,1545.73,UAE,Desktop,18-24,Other,Loyalty
2025-04-08,Influencer Collab,Facebook Ads,16353,799,4.886,671,189,137,47,0.2874,4581.97,661.32,592.85,India,Mobile,55+,Male,Consideration
2025-04-08,Lead Gen Webinar,Facebook Ads,14453,682,4.7187,568,175,113,29,0.2007,6167.63,518.51,1089.49,United States,Desktop,35-44,Male,Retargeting
2025-04-09,Festive Mega Offer,LinkedIn Ads,21672,568,2.6209,512,215,132,61,0.2815,19846.37,937.73,2016.43,India,Desktop,35-44,Male,Retargeting
2025-04-09,Flash Weekend Deal,TikTok Ads,19205,909,4.7331,736,149,70,11,0.0573,652.65,519.02,25.75,Germany,Desktop,18-24,Female,Awareness
2025-04-09,Mid-Season Sale,YouTube Ads,27491,1072,3.8995,861,206,123,25,0.0909,3558.11,519.94,584.33,United Kingdom,Mobile,35-44,Female,Loyalty
2025-04-10,Loyalty Rewards Push,Affiliate,20295,957,4.7154,783,201,117,44,0.2168,7400.86,681.58,985.84,India,Mobile,18-24,Female,Conversion
2025-04-10,Free Trial Signup,TikTok Ads,29503,1799,6.0977,1453,406,204,55,0.1864,4784.92,562.93,750.0,India,Desktop,18-24,Male,Loyalty
2025-04-10,App Install Campaign,Affiliate,18107,756,4.1752,626,143,74,31,0.1712,4036.61,393.67,925.38,Germany,Mobile,18-24,Male,Consideration
2025-04-10,Summer Sale Blast,Facebook Ads,20529,854,4.16,773,163,51,17,0.0828,3452.19,408.94,744.18,United States,Mobile,35-44,Male,Retargeting
2025-04-10,Summer Sale Blast,Facebook Ads,15389,555,3.6065,483,121,58,13,0.0845,1031.85,566.33,82.2,UAE,Mobile,35-44,Male,Conversion
2025-04-11,Referral Bonanza,LinkedIn Ads,16515,452,2.7369,388,123,90,45,0.2725,12127.0,1055.0,1049.48,United States,Mobile,45-54,Male,Retargeting
2025-04-11,Customer Win-Back,LinkedIn Ads,15477,498,3.2177,468,136,89,35,0.2261,17578.71,1377.2,1176.41,Brazil,Desktop,25-34,Male,Loyalty
2025-04-12,Summer Sale Blast,Organic Search,30862,1781,5.7709,1592,504,243,98,0.3175,16985.78,31.32,54133.01,Australia,Mobile,25-34,Male,Awareness
2025-04-12,Mid-Season Sale,YouTube Ads,20039,640,3.1938,499,105,36,9,0.0449,893.37,659.92,35.38,India,Mobile,25-34,Female,Awareness
2025-04-12,Loyalty Rewards Push,Organic Search,27578,1458,5.2868,1353,454,243,102,0.3699,16925.21,122.56,13709.73,India,Mobile,35-44,Male,Retargeting
2025-04-12,Referral Bonanza,Facebook Ads,22425,931,4.1516,822,203,95,39,0.1739,4403.81,771.46,470.84,United Kingdom,Desktop,25-34,Male,Consideration
2025-04-13,Influencer Collab,Referral,17416,1090,6.2586,1079,477,324,106,0.6086,12780.99,64.0,19870.3,India,Desktop,35-44,Female,Conversion
2025-04-13,Influencer Collab,Google Ads,24775,1444,5.8285,1119,424,224,66,0.2664,8454.76,2249.83,275.8,India,Desktop,55+,Male,Awareness
2025-04-13,Product Launch Q3,Facebook Ads,16451,1024,6.2245,851,247,166,79,0.4802,11826.74,837.12,1312.79,United Kingdom,Mobile,45-54,Male,Awareness
2025-04-14,Customer Win-Back,Google Ads,24479,1213,4.9553,1200,461,213,55,0.2247,5079.48,1504.31,237.66,United Kingdom,Desktop,55+,Male,Conversion
2025-04-14,Referral Bonanza,TikTok Ads,18090,988,5.4616,747,187,85,12,0.0663,1045.16,577.49,80.98,Canada,Desktop,45-54,Female,Awareness
2025-04-14,New Year Kickoff,Instagram Ads,10927,440,4.0267,388,97,55,14,0.1281,2362.79,188.39,1154.2,United States,Mobile,35-44,Female,Awareness
2025-04-14,Referral Bonanza,TikTok Ads,23752,1388,5.8437,947,244,91,29,0.1221,3327.86,428.77,676.14,India,Mobile,25-34,Male,Consideration
2025-04-15,Lead Gen Webinar,YouTube Ads,18077,553,3.0591,426,146,59,6,0.0332,956.48,356.07,168.62,United Kingdom,Desktop,18-24,Male,Awareness
2025-04-15,App Install Campaign,YouTube Ads,16273,618,3.7977,507,61,38,7,0.043,824.12,679.77,21.24,South Africa,Desktop,45-54,Female,Awareness
2025-04-15,Referral Bonanza,Referral,12167,749,6.156,741,476,361,151,1.2411,13064.44,79.43,16347.74,United Kingdom,Tablet,35-44,Female,Conversion
2025-04-15,Product Launch Q1,Email Marketing,19971,1659,8.307,1452,503,310,154,0.7711,31281.14,111.36,27990.1,United States,Desktop,35-44,Other,Conversion
2025-04-15,New Year Kickoff,Referral,18366,1198,6.5229,1074,566,443,323,1.7587,32574.42,22.53,144482.42,Singapore,Mobile,35-44,Female,Loyalty
2025-04-16,Brand Awareness Drive,Affiliate,16292,604,3.7073,516,129,78,18,0.1105,921.57,282.94,225.71,India,Desktop,18-24,Male,Retargeting
2025-04-16,Holiday Gift Guide,YouTube Ads,15349,500,3.2575,430,57,28,12,0.0782,1352.28,490.56,175.66,India,Mobile,35-44,Female,Awareness
2025-04-17,Lead Gen Webinar,Instagram Ads,27049,989,3.6563,824,131,63,15,0.0555,1316.25,771.46,70.62,Australia,Mobile,35-44,Male,Consideration
2025-04-17,Cart Abandonment Recovery,Google Ads,11061,779,7.0428,677,195,118,54,0.4882,12219.49,1198.56,919.51,Australia,Desktop,18-24,Male,Consideration
2025-04-17,Loyalty Rewards Push,TikTok Ads,11451,544,4.7507,415,92,39,12,0.1048,1445.05,281.19,413.91,India,Mobile,55+,Female,Conversion
2025-04-18,Mid-Season Sale,YouTube Ads,29635,772,2.605,662,131,56,10,0.0337,1214.81,779.59,55.83,United States,Desktop,18-24,Male,Consideration
2025-04-19,Referral Bonanza,Email Marketing,13439,1023,7.6122,1012,386,225,111,0.826,7331.06,203.45,3503.37,United States,Desktop,35-44,Male,Conversion
2025-04-19,App Install Campaign,YouTube Ads,23867,754,3.1592,536,101,40,12,0.0503,1543.4,430.11,258.84,Australia,Mobile,18-24,Female,Loyalty
2025-04-19,New Year Kickoff,YouTube Ads,24057,947,3.9365,855,243,120,38,0.158,5344.57,1014.91,426.61,United States,Desktop,25-34,Female,Retargeting
2025-04-19,Brand Awareness Drive,Organic Search,23149,1265,5.4646,1252,478,220,48,0.2074,10055.3,51.03,19604.68,United Kingdom,Mobile,25-34,Male,Consideration
2025-04-19,New Year Kickoff,Organic Search,6094,326,5.3495,315,92,60,26,0.4266,5426.4,109.37,4861.51,United States,Mobile,35-44,Male,Awareness
2025-04-20,App Install Campaign,Google Ads,24981,1318,5.276,1144,453,334,125,0.5004,20504.91,1340.37,1429.79,United States,Desktop,18-24,Male,Conversion
2025-04-20,Flash Weekend Deal,Referral,12129,855,7.0492,797,351,237,150,1.2367,34337.22,101.87,33606.9,Australia,Desktop,18-24,Female,Consideration
2025-04-20,Loyalty Rewards Push,Instagram Ads,30634,974,3.1795,777,74,32,9,0.0294,580.88,849.98,-31.66,Germany,Desktop,35-44,Female,Retargeting
2025-04-20,Referral Bonanza,YouTube Ads,23823,674,2.8292,549,75,40,16,0.0672,2113.71,739.61,185.79,India,Mobile,35-44,Female,Conversion
2025-04-20,Product Launch Q3,Organic Search,13358,674,5.0457,619,188,107,38,0.2845,6166.17,101.36,5983.44,India,Desktop,35-44,Male,Consideration
2025-04-20,Holiday Gift Guide,Instagram Ads,25369,896,3.5319,662,206,131,51,0.201,8030.92,714.82,1023.49,United Kingdom,Desktop,35-44,Male,Retargeting
2025-04-20,Anniversary Sale,YouTube Ads,28467,949,3.3337,777,160,65,28,0.0984,5250.18,1072.6,389.48,United States,Desktop,35-44,Female,Retargeting
2025-04-20,Holiday Gift Guide,LinkedIn Ads,26026,689,2.6474,596,208,110,47,0.1806,14935.88,1894.7,688.3,Singapore,Mobile,25-34,Female,Awareness
2025-04-21,Summer Sale Blast,Affiliate,7467,274,3.6695,239,54,27,9,0.1205,630.41,261.49,141.08,South Africa,Mobile,18-24,Male,Loyalty
2025-04-22,Loyalty Rewards Push,Referral,22281,1358,6.0949,1123,520,405,273,1.2253,39395.2,83.26,47215.88,India,Desktop,45-54,Female,Awareness
2025-04-22,Mid-Season Sale,YouTube Ads,19048,625,3.2812,455,62,27,9,0.0472,744.57,546.24,36.31,India,Desktop,25-34,Male,Consideration
2025-04-22,Back to School,Affiliate,21952,777,3.5395,724,193,101,23,0.1048,2211.24,452.55,388.62,Australia,Desktop,45-54,Male,Loyalty
2025-04-22,Festive Mega Offer,Organic Search,26056,1509,5.7914,1374,595,346,142,0.545,18161.52,114.88,15709.12,United States,Mobile,25-34,Male,Awareness
2025-04-22,Festive Mega Offer,YouTube Ads,16475,514,3.1199,386,96,44,9,0.0546,1332.06,591.15,125.33,India,Desktop,55+,Male,Consideration
2025-04-23,App Install Campaign,Google Ads,19853,1315,6.6237,1154,459,301,110,0.5541,26814.61,1548.24,1631.94,India,Desktop,35-44,Female,Conversion
2025-04-23,App Install Campaign,Email Marketing,13248,1242,9.375,1170,487,273,103,0.7775,14062.19,104.3,13382.44,South Africa,Tablet,18-24,Female,Consideration
2025-04-24,Product Launch Q1,Email Marketing,13268,993,7.4842,899,336,210,88,0.6632,18074.9,139.66,12842.07,India,Mobile,45-54,Female,Retargeting
2025-04-24,Product Launch Q1,Referral,26970,1853,6.8706,1736,808,602,388,1.4386,62365.1,67.99,91626.87,India,Desktop,35-44,Female,Loyalty
2025-04-24,Lead Gen Webinar,Referral,9641,781,8.1008,746,317,237,97,1.0061,28416.12,53.5,53014.24,India,Mobile,45-54,Female,Retargeting
2025-04-25,Clearance Blowout,Instagram Ads,23070,770,3.3377,660,195,93,28,0.1214,3003.12,557.52,438.66,United States,Mobile,35-44,Female,Retargeting
2025-04-25,Free Trial Signup,Google Ads,18635,1283,6.8849,1125,434,305,107,0.5742,13933.02,1026.37,1257.5,India,Desktop,18-24,Female,Consideration
2025-04-25,Loyalty Rewards Push,Affiliate,20188,820,4.0618,664,156,75,13,0.0644,1629.41,410.42,297.01,UAE,Mobile,18-24,Male,Retargeting
2025-04-26,Mid-Season Sale,Facebook Ads,12675,525,4.142,457,111,46,17,0.1341,3138.74,512.0,513.04,Singapore,Mobile,18-24,Male,Loyalty
2025-04-26,Festive Mega Offer,Referral,20832,2161,10.3735,2062,786,660,385,1.8481,33009.25,97.34,33811.29,Canada,Mobile,35-44,Other,Consideration
2025-04-26,Lead Gen Webinar,Instagram Ads,22726,996,4.3826,832,192,80,28,0.1232,4035.45,886.08,355.43,United States,Desktop,25-34,Male,Conversion
2025-04-26,New Year Kickoff,LinkedIn Ads,29422,519,1.764,457,130,102,41,0.1394,18740.44,1379.8,1258.2,India,Mobile,45-54,Male,Conversion
2025-04-26,Mid-Season Sale,Organic Search,23664,1558,6.5838,1509,548,345,150,0.6339,18026.89,100.0,17926.89,Australia,Mobile,25-34,Female,Loyalty
2025-04-27,Product Launch Q1,TikTok Ads,32475,1870,5.7583,1406,288,113,46,0.1416,6477.06,1044.42,520.16,United States,Tablet,25-34,Female,Consideration
2025-04-27,Clearance Blowout,Affiliate,27217,973,3.575,866,211,96,42,0.1543,2322.63,664.26,249.66,India,Mobile,18-24,Female,Conversion
2025-04-27,Back to School,LinkedIn Ads,37063,899,2.4256,819,249,176,72,0.1943,27253.88,2577.64,957.32,United States,Mobile,25-34,Male,Conversion
2025-04-29,Customer Win-Back,YouTube Ads,26690,1123,4.2076,884,176,71,16,0.0599,1345.95,723.2,86.11,United Kingdom,Mobile,25-34,Female,Consideration
2025-04-29,Loyalty Rewards Push,Google Ads,27387,1992,7.2735,1909,450,286,126,0.4601,29736.34,2645.53,1024.02,India,Mobile,25-34,Female,Retargeting
2025-04-29,App Install Campaign,LinkedIn Ads,25066,565,2.254,494,217,146,82,0.3271,39039.32,1528.9,2453.43,United States,Mobile,35-44,Male,Retargeting
2025-04-30,App Install Campaign,Instagram Ads,21678,941,4.3408,743,123,68,24,0.1107,3326.51,481.65,590.65,United Kingdom,Desktop,35-44,Male,Consideration
2025-04-30,Product Launch Q1,Organic Search,26670,1702,6.3817,1631,505,252,90,0.3375,13055.53,120.6,10725.48,Germany,Mobile,35-44,Male,Conversion
2025-04-30,Flash Weekend Deal,YouTube Ads,23852,752,3.1528,559,91,50,13,0.0545,1939.5,771.82,151.29,United States,Mobile,55+,Female,Awareness
2025-04-30,Lead Gen Webinar,Instagram Ads,23039,886,3.8457,679,134,79,28,0.1215,2453.12,428.5,472.49,United States,Mobile,45-54,Female,Consideration
2025-04-30,Free Trial Signup,Instagram Ads,18669,468,2.5068,401,46,25,4,0.0214,715.18,284.1,151.74,United Kingdom,Mobile,25-34,Male,Awareness
2025-05-01,Product Launch Q3,TikTok Ads,22229,827,3.7204,613,156,76,16,0.072,893.62,442.8,101.81,India,Mobile,35-44,Female,Conversion
2025-05-01,Anniversary Sale,TikTok Ads,13630,721,5.2898,563,117,28,7,0.0514,968.43,271.71,256.42,India,Mobile,55+,Male,Consideration
2025-05-01,Lead Gen Webinar,Affiliate,16821,536,3.1865,411,137,98,41,0.2437,4579.44,285.66,1503.11,United States,Mobile,35-44,Male,Conversion
2025-05-01,App Install Campaign,Email Marketing,22397,1629,7.2733,1555,601,413,165,0.7367,25790.53,141.43,18135.54,South Africa,Mobile,25-34,Male,Awareness
2025-05-01,Flash Weekend Deal,Affiliate,17500,841,4.8057,666,168,104,40,0.2286,2760.55,623.96,342.42,United Kingdom,Desktop,18-24,Female,Awareness
2025-05-02,Brand Awareness Drive,Google Ads,17756,1138,6.4091,1079,345,216,69,0.3886,17489.35,835.86,1992.38,Australia,Desktop,45-54,Male,Awareness
2025-05-02,Lead Gen Webinar,TikTok Ads,24290,1199,4.9362,1039,261,126,43,0.177,3473.38,610.53,468.91,United Kingdom,Desktop,35-44,Male,Awareness
2025-05-02,Referral Bonanza,TikTok Ads,20392,989,4.8499,762,172,72,25,0.1226,2756.24,417.18,560.68,United States,Mobile,45-54,Female,Loyalty
2025-05-02,Summer Sale Blast,Email Marketing,7536,575,7.63,485,161,93,19,0.2521,2579.26,127.18,1928.04,India,Mobile,18-24,Male,Retargeting
2025-05-02,Product Launch Q3,TikTok Ads,20440,851,4.1634,686,206,80,23,0.1125,3139.13,404.94,675.21,United Kingdom,Desktop,25-34,Male,Conversion
2025-05-03,Loyalty Rewards Push,LinkedIn Ads,34106,1038,3.0435,964,312,247,88,0.258,44211.6,2875.56,1437.5,India,Mobile,45-54,Male,Awareness
2025-05-03,Lead Gen Webinar,TikTok Ads,31475,1656,5.2613,1195,333,163,48,0.1525,5787.6,912.56,534.22,India,Desktop,25-34,Female,Consideration
2025-05-04,Cart Abandonment Recovery,LinkedIn Ads,11250,296,2.6311,249,82,59,27,0.24,5440.8,507.14,972.84,United States,Mobile,25-34,Male,Conversion
2025-05-05,New Year Kickoff,Google Ads,23773,1362,5.7292,1168,340,192,77,0.3239,10660.9,1301.74,718.97,UAE,Desktop,18-24,Male,Retargeting
2025-05-05,Mid-Season Sale,Google Ads,14394,997,6.9265,906,349,152,69,0.4794,14557.61,1262.81,1052.79,United States,Desktop,18-24,Male,Consideration
2025-05-05,Festive Mega Offer,Instagram Ads,22802,1017,4.4601,771,256,132,58,0.2544,11108.36,765.73,1350.69,United Kingdom,Desktop,35-44,Male,Consideration
2025-05-05,Product Launch Q3,LinkedIn Ads,15368,481,3.1299,419,81,43,14,0.0911,5347.71,706.94,656.46,Australia,Mobile,35-44,Other,Conversion
2025-05-05,Free Trial Signup,Google Ads,19733,1215,6.1572,1141,278,188,83,0.4206,10994.77,1580.82,595.51,United Kingdom,Mobile,25-34,Male,Awareness
2025-05-06,Referral Bonanza,Email Marketing,12571,1086,8.6389,1053,377,242,67,0.533,7278.66,109.32,6558.12,South Africa,Desktop,45-54,Female,Conversion
2025-05-06,Holiday Gift Guide,Google Ads,11728,1020,8.6971,860,247,184,68,0.5798,10432.4,1628.9,540.46,Germany,Desktop,25-34,Male,Conversion
2025-05-07,Mid-Season Sale,Referral,10056,602,5.9865,511,196,128,71,0.706,17131.85,143.68,11823.61,United Kingdom,Desktop,18-24,Female,Awareness
2025-05-07,New Year Kickoff,Organic Search,17466,861,4.9296,806,224,104,52,0.2977,8453.4,138.28,6013.25,India,Mobile,55+,Female,Conversion
2025-05-08,Cart Abandonment Recovery,LinkedIn Ads,11528,279,2.4202,231,58,37,12,0.1041,1843.01,904.65,103.73,India,Mobile,18-24,Male,Awareness
2025-05-08,Summer Sale Blast,Email Marketing,17260,1511,8.7543,1326,610,351,153,0.8864,19476.19,242.11,7944.36,India,Desktop,25-34,Male,Consideration
2025-05-09,Summer Sale Blast,Facebook Ads,22851,880,3.851,738,168,74,22,0.0963,2903.86,483.65,500.41,Germany,Mobile,18-24,Other,Consideration
2025-05-09,Cart Abandonment Recovery,TikTok Ads,22868,946,4.1368,776,226,79,14,0.0612,1452.25,660.01,120.03,United Kingdom,Desktop,35-44,Male,Awareness
2025-05-09,Loyalty Rewards Push,Facebook Ads,24773,1098,4.4322,929,249,114,40,0.1615,2879.57,713.93,303.34,Germany,Mobile,25-34,Male,Consideration
2025-05-10,Back to School,TikTok Ads,18582,1060,5.7044,782,126,76,20,0.1076,2765.91,571.51,383.97,United States,Mobile,55+,Male,Consideration
2025-05-10,Anniversary Sale,Affiliate,17242,547,3.1725,437,145,52,13,0.0754,746.57,398.55,87.32,Singapore,Mobile,18-24,Male,Conversion
2025-05-11,Anniversary Sale,Facebook Ads,21473,992,4.6198,782,151,73,29,0.1351,2283.32,570.84,299.99,United Kingdom,Desktop,18-24,Male,Consideration
2025-05-11,New Year Kickoff,Organic Search,21698,1269,5.8485,1208,449,202,101,0.4655,9178.81,149.34,6046.25,United States,Mobile,18-24,Male,Awareness
2025-05-12,Customer Win-Back,Affiliate,18149,835,4.6008,689,224,132,54,0.2975,3827.29,415.53,821.06,India,Desktop,35-44,Female,Awareness
2025-05-12,Flash Weekend Deal,Instagram Ads,27555,1133,4.1118,1020,303,151,25,0.0907,2675.43,479.36,458.13,India,Mobile,25-34,Male,Awareness
2025-05-12,Free Trial Signup,LinkedIn Ads,15618,355,2.273,310,106,72,26,0.1665,4953.3,712.61,595.09,Canada,Desktop,35-44,Female,Conversion
2025-05-12,Cart Abandonment Recovery,Organic Search,17726,1140,6.4312,1050,186,114,35,0.1975,6907.44,23.95,28741.09,Australia,Desktop,18-24,Male,Conversion
2025-05-12,Festive Mega Offer,Facebook Ads,12530,548,4.3735,443,112,70,19,0.1516,1628.53,487.35,234.16,UAE,Desktop,55+,Male,Awareness
2025-05-13,Influencer Collab,Organic Search,17360,1153,6.6417,1024,319,156,51,0.2938,3326.95,48.7,6731.52,United States,Mobile,35-44,Female,Retargeting
2025-05-13,Flash Weekend Deal,Instagram Ads,23326,858,3.6783,658,97,53,19,0.0815,3244.28,830.91,290.45,United Kingdom,Mobile,18-24,Male,Consideration
2025-05-13,Flash Weekend Deal,Email Marketing,23840,1955,8.2005,1636,552,326,95,0.3985,15349.15,166.63,9111.52,India,Desktop,18-24,Male,Conversion
2025-05-14,Flash Weekend Deal,Google Ads,19257,1204,6.2523,1123,368,290,111,0.5764,27016.72,1852.09,1358.72,Australia,Mobile,25-34,Male,Consideration
2025-05-14,Anniversary Sale,YouTube Ads,13703,478,3.4883,406,111,61,12,0.0876,701.91,482.21,45.56,United States,Mobile,25-34,Male,Conversion
2025-05-14,Anniversary Sale,LinkedIn Ads,14386,369,2.565,354,103,74,33,0.2294,9727.49,883.31,1001.25,United Kingdom,Mobile,45-54,Other,Consideration
2025-05-14,Back to School,TikTok Ads,22751,1316,5.7844,997,231,65,21,0.0923,3058.5,639.73,378.09,India,Mobile,35-44,Female,Awareness
2025-05-14,Brand Awareness Drive,Google Ads,17274,1266,7.3289,1156,355,180,67,0.3879,4889.51,1283.08,281.08,Singapore,Mobile,35-44,Male,Awareness
2025-05-14,Free Trial Signup,Instagram Ads,18337,746,4.0683,618,166,88,38,0.2072,2790.61,601.09,364.26,UAE,Mobile,35-44,Female,Retargeting
2025-05-15,Loyalty Rewards Push,Google Ads,21857,1360,6.2223,1134,445,355,150,0.6863,28733.49,1626.85,1666.2,Singapore,Mobile,25-34,Female,Retargeting
2025-05-15,Product Launch Q3,Email Marketing,13856,1172,8.4584,1074,423,275,138,0.996,11180.53,211.45,5187.55,United States,Desktop,25-34,Male,Awareness
2025-05-15,Product Launch Q3,LinkedIn Ads,22021,679,3.0834,520,131,84,36,0.1635,8440.1,1215.87,594.16,United States,Mobile,25-34,Female,Consideration
2025-05-16,Product Launch Q1,TikTok Ads,18108,1069,5.9035,801,179,90,16,0.0884,863.11,418.47,106.25,Brazil,Mobile,25-34,Female,Retargeting
2025-05-16,Back to School,Facebook Ads,9062,368,4.0609,315,43,19,4,0.0441,495.04,253.46,95.31,Germany,Mobile,18-24,Female,Consideration
2025-05-16,Festive Mega Offer,YouTube Ads,18337,598,3.2612,509,116,68,22,0.12,1814.99,427.9,324.16,United States,Desktop,45-54,Female,Consideration
2025-05-17,Cart Abandonment Recovery,Referral,24294,1602,6.5942,1493,635,517,191,0.7862,30414.43,22.64,134239.36,United States,Tablet,35-44,Female,Conversion
2025-05-18,Free Trial Signup,LinkedIn Ads,18058,445,2.4643,386,126,82,38,0.2104,17712.1,1202.27,1373.22,Australia,Desktop,35-44,Female,Loyalty
2025-05-18,Product Launch Q3,YouTube Ads,25431,860,3.3817,671,164,68,23,0.0904,2086.06,1036.31,101.3,India,Mobile,25-34,Male,Consideration
2025-05-18,Festive Mega Offer,Instagram Ads,17524,747,4.2627,605,163,101,36,0.2054,3783.07,449.9,740.87,South Africa,Mobile,25-34,Other,Conversion
2025-05-19,Free Trial Signup,LinkedIn Ads,4144,118,2.8475,110,40,29,12,0.2896,4884.0,437.06,1017.47,Australia,Desktop,18-24,Female,Consideration
2025-05-19,Referral Bonanza,TikTok Ads,17531,958,5.4646,747,22,7,2,0.0114,268.69,279.99,-4.04,India,Desktop,55+,Female,Awareness
2025-05-19,Product Launch Q3,Organic Search,11724,689,5.8768,658,180,97,33,0.2815,6746.21,63.3,10557.52,Canada,Desktop,35-44,Male,Conversion
2025-05-19,Mid-Season Sale,LinkedIn Ads,11655,357,3.0631,298,86,61,23,0.1973,10756.69,1183.11,809.19,Australia,Desktop,35-44,Female,Awareness
2025-05-19,Product Launch Q1,Facebook Ads,14320,563,3.9316,487,162,103,39,0.2723,3611.78,601.26,500.7,United States,Mobile,25-34,Male,Retargeting
2025-05-20,Cart Abandonment Recovery,Organic Search,25052,1164,4.6463,1030,473,302,85,0.3393,18728.54,123.89,15017.07,United States,Desktop,25-34,Female,Conversion
2025-05-20,Brand Awareness Drive,Referral,23852,1764,7.3956,1700,799,679,395,1.656,67026.62,71.43,93735.39,India,Mobile,18-24,Female,Loyalty
2025-05-21,Mid-Season Sale,Instagram Ads,19273,771,4.0004,600,136,56,11,0.0571,907.39,629.28,44.19,Australia,Desktop,45-54,Male,Awareness
2025-05-21,Flash Weekend Deal,Referral,17792,1518,8.5319,1482,584,481,268,1.5063,49254.26,82.5,59602.13,United Kingdom,Mobile,25-34,Female,Conversion
2025-05-21,New Year Kickoff,Organic Search,22607,1542,6.8209,1388,493,273,94,0.4158,18542.74,122.7,15012.26,United States,Mobile,25-34,Male,Conversion
2025-05-22,Brand Awareness Drive,Google Ads,17347,760,4.3812,707,292,172,63,0.3632,14770.93,694.49,2026.87,India,Mobile,18-24,Female,Loyalty
2025-05-22,Cart Abandonment Recovery,LinkedIn Ads,8140,183,2.2482,165,48,33,19,0.2334,9183.1,423.05,2070.69,India,Desktop,25-34,Male,Conversion
2025-05-22,Free Trial Signup,Referral,21235,1403,6.607,1388,738,506,217,1.0219,42419.13,134.53,31431.35,India,Desktop,25-34,Female,Conversion
2025-05-22,Anniversary Sale,TikTok Ads,25534,1494,5.851,1161,336,161,21,0.0822,997.45,784.85,27.09,Singapore,Desktop,18-24,Female,Retargeting
2025-05-23,Summer Sale Blast,Facebook Ads,25860,1170,4.5244,1017,278,161,69,0.2668,10394.99,769.16,1251.47,United States,Mobile,25-34,Male,Awareness
2025-05-24,Flash Weekend Deal,Organic Search,33469,1452,4.3383,1242,506,348,132,0.3944,11546.66,108.34,10557.8,Australia,Desktop,35-44,Female,Awareness
2025-05-24,Festive Mega Offer,Facebook Ads,16673,775,4.6482,693,205,115,37,0.2219,2760.91,603.29,357.64,India,Mobile,18-24,Male,Retargeting
2025-05-25,App Install Campaign,Email Marketing,20437,1649,8.0687,1433,507,324,160,0.7829,17012.82,156.15,10795.18,India,Mobile,25-34,Male,Retargeting
2025-05-25,App Install Campaign,Google Ads,24658,1488,6.0346,1374,434,244,99,0.4015,17371.72,2371.74,632.45,India,Mobile,45-54,Female,Retargeting
2025-05-26,Brand Awareness Drive,Google Ads,22616,1444,6.3849,1358,497,334,131,0.5792,22065.18,2050.19,976.25,UAE,Mobile,55+,Female,Awareness
2025-05-26,Back to School,TikTok Ads,21735,1162,5.3462,969,174,67,12,0.0552,1100.64,529.11,108.02,Australia,Desktop,25-34,Male,Retargeting
2025-05-26,Product Launch Q3,LinkedIn Ads,17478,583,3.3356,577,186,109,61,0.349,26021.71,1733.93,1400.74,Canada,Mobile,45-54,Male,Awareness
2025-05-26,Influencer Collab,Email Marketing,26729,2096,7.8417,2029,513,308,135,0.5051,22325.74,316.4,6956.18,India,Mobile,18-24,Female,Awareness
2025-05-26,Summer Sale Blast,Referral,10181,736,7.2292,627,291,196,114,1.1197,15278.41,64.57,23561.78,Australia,Mobile,18-24,Male,Retargeting
2025-05-26,Back to School,TikTok Ads,11714,597,5.0965,386,81,35,12,0.1024,978.02,269.18,263.33,UAE,Mobile,25-34,Female,Conversion
2025-05-27,Summer Sale Blast,Facebook Ads,13592,581,4.2746,489,118,66,19,0.1398,1364.93,306.29,345.63,United States,Tablet,25-34,Male,Retargeting
2025-05-27,Summer Sale Blast,TikTok Ads,27011,1499,5.5496,1207,203,90,25,0.0926,910.52,393.54,131.37,South Africa,Desktop,55+,Female,Conversion
2025-05-27,Lead Gen Webinar,Referral,18207,988,5.4265,978,422,278,174,0.9557,26694.2,120.62,22030.82,Brazil,Mobile,18-24,Female,Consideration
2025-05-27,Summer Sale Blast,Email Marketing,18802,1627,8.6533,1520,666,362,96,0.5106,19543.98,233.54,8268.58,Canada,Mobile,25-34,Female,Loyalty
2025-05-28,Cart Abandonment Recovery,Referral,18242,1462,8.0145,1300,727,530,296,1.6226,65222.31,115.98,56135.83,United States,Desktop,45-54,Female,Awareness
2025-05-28,Anniversary Sale,Affiliate,16177,588,3.6348,477,110,51,12,0.0742,1027.1,236.35,334.57,United States,Desktop,55+,Female,Awareness
2025-05-28,Festive Mega Offer,Organic Search,36794,1876,5.0987,1579,637,413,207,0.5626,42176.82,75.89,55476.26,India,Mobile,25-34,Male,Conversion
2025-05-28,Free Trial Signup,Instagram Ads,19573,746,3.8114,569,120,54,17,0.0869,1979.56,356.76,454.87,United States,Desktop,25-34,Male,Consideration
2025-05-28,Back to School,Affiliate,7800,345,4.4231,302,59,30,5,0.0641,550.74,280.16,96.58,India,Mobile,35-44,Male,Retargeting
2025-05-29,Back to School,Google Ads,20240,1393,6.8824,1143,362,216,64,0.3162,15695.98,986.22,1491.53,India,Mobile,35-44,Female,Conversion
2025-05-29,Flash Weekend Deal,Organic Search,9839,554,5.6307,503,212,128,61,0.62,10645.58,79.45,13299.09,Brazil,Tablet,25-34,Female,Retargeting
2025-05-29,New Year Kickoff,YouTube Ads,16258,442,2.7187,363,94,50,12,0.0738,725.72,228.76,217.24,United States,Mobile,35-44,Male,Consideration
2025-05-29,Mid-Season Sale,TikTok Ads,24449,1010,4.131,775,136,64,18,0.0736,1889.57,447.47,322.28,South Africa,Mobile,35-44,Female,Awareness
2025-05-29,Customer Win-Back,Organic Search,24165,1316,5.4459,1139,297,181,103,0.4262,12736.62,59.28,21385.53,UAE,Mobile,18-24,Female,Consideration
2025-05-30,New Year Kickoff,Google Ads,22720,1714,7.544,1591,440,320,163,0.7174,26578.67,1957.6,1257.72,United Kingdom,Tablet,35-44,Female,Consideration
2025-05-30,Free Trial Signup,Email Marketing,17741,1306,7.3615,1149,472,273,117,0.6595,8819.35,186.6,4626.34,India,Desktop,18-24,Male,Consideration
2025-05-30,Flash Weekend Deal,Referral,24775,1692,6.8295,1675,685,547,253,1.0212,74842.59,129.86,57533.29,United States,Mobile,25-34,Female,Loyalty
2025-05-31,Product Launch Q1,Email Marketing,8567,627,7.3188,577,232,112,50,0.5836,6826.03,136.33,4906.99,India,Mobile,25-34,Male,Retargeting
2025-05-31,Flash Weekend Deal,Affiliate,44401,1266,2.8513,1118,368,178,59,0.1329,7421.01,944.94,685.34,India,Mobile,18-24,Male,Consideration
2025-05-31,Flash Weekend Deal,Facebook Ads,12525,496,3.9601,412,104,65,19,0.1517,3091.34,420.11,635.84,United Kingdom,Mobile,18-24,Other,Awareness
2025-06-01,New Year Kickoff,Organic Search,16588,951,5.7331,941,356,170,93,0.5606,9503.14,140.5,6663.8,United States,Tablet,18-24,Other,Retargeting
2025-06-01,Back to School,Email Marketing,18644,1316,7.0586,1125,340,196,76,0.4076,8419.91,94.05,8852.59,India,Mobile,25-34,Male,Awareness
2025-06-02,Product Launch Q3,TikTok Ads,19745,890,4.5075,735,118,67,12,0.0608,1709.34,206.79,726.61,India,Desktop,25-34,Female,Conversion
2025-06-02,Mid-Season Sale,Instagram Ads,18720,688,3.6752,580,182,95,21,0.1122,1325.39,624.03,112.39,India,Mobile,35-44,Male,Awareness
2025-06-02,Free Trial Signup,Email Marketing,12957,884,6.8226,852,298,152,58,0.4476,4768.61,72.74,6455.69,United States,Desktop,45-54,Female,Retargeting
2025-06-02,Mid-Season Sale,YouTube Ads,17357,624,3.5951,481,130,70,10,0.0576,1897.18,617.4,207.29,Singapore,Mobile,35-44,Male,Awareness
2025-06-03,Holiday Gift Guide,Referral,18871,1491,7.901,1243,541,470,292,1.5473,81072.65,127.44,63516.33,UAE,Desktop,55+,Male,Consideration
2025-06-03,App Install Campaign,Referral,14161,978,6.9063,894,523,326,162,1.144,31278.29,145.17,21445.97,United States,Mobile,45-54,Male,Awareness
2025-06-03,Back to School,Email Marketing,19879,1521,7.6513,1350,582,422,177,0.8904,41294.73,90.61,45474.14,India,Desktop,18-24,Male,Loyalty
2025-06-04,Summer Sale Blast,Instagram Ads,13700,583,4.2555,493,143,70,24,0.1752,3623.66,425.93,750.76,United Kingdom,Tablet,18-24,Male,Awareness
2025-06-04,Anniversary Sale,Referral,17227,1443,8.3764,1213,544,358,171,0.9926,48723.63,41.09,118477.83,India,Mobile,35-44,Male,Loyalty
2025-06-04,Cart Abandonment Recovery,Google Ads,17348,1242,7.1593,1027,438,265,85,0.49,15542.79,1187.8,1208.54,India,Mobile,55+,Female,Conversion
2025-06-05,Product Launch Q1,Organic Search,6369,356,5.5896,310,108,62,36,0.5652,2792.2,82.35,3290.65,UAE,Desktop,35-44,Female,Conversion
2025-06-05,Back to School,TikTok Ads,12110,647,5.3427,511,83,36,8,0.0661,1145.01,348.79,228.28,United States,Desktop,25-34,Female,Awareness
2025-06-05,Free Trial Signup,Instagram Ads,15204,457,3.0058,352,88,32,8,0.0526,522.36,408.98,27.72,Germany,Mobile,45-54,Female,Consideration
2025-06-06,Mid-Season Sale,Instagram Ads,19737,798,4.0432,691,169,121,30,0.152,3312.36,573.01,478.06,United States,Desktop,18-24,Male,Loyalty
2025-06-06,New Year Kickoff,Facebook Ads,25850,942,3.6441,801,181,100,32,0.1238,3173.43,774.22,309.89,India,Mobile,25-34,Female,Retargeting
2025-06-06,Loyalty Rewards Push,Instagram Ads,9433,470,4.9825,389,75,32,9,0.0954,1272.53,190.66,567.43,United States,Mobile,45-54,Male,Conversion
2025-06-06,Lead Gen Webinar,Facebook Ads,19407,952,4.9054,866,208,95,30,0.1546,6045.61,637.5,848.33,Brazil,Mobile,55+,Female,Conversion
2025-06-06,Summer Sale Blast,YouTube Ads,15835,594,3.7512,496,142,79,24,0.1516,1247.61,751.74,65.96,South Africa,Mobile,18-24,Male,Awareness
2025-06-06,App Install Campaign,Facebook Ads,16929,726,4.2885,596,184,77,25,0.1477,3547.24,635.38,458.29,Australia,Desktop,25-34,Male,Consideration
2025-06-07,Referral Bonanza,LinkedIn Ads,18094,601,3.3215,538,177,103,37,0.2045,9726.75,1775.85,447.72,India,Desktop,25-34,Female,Awareness
2025-06-07,Product Launch Q1,TikTok Ads,17789,1000,5.6215,750,102,31,11,0.0618,1236.21,405.9,204.56,India,Desktop,45-54,Male,Awareness
2025-06-07,Holiday Gift Guide,Referral,18138,959,5.2872,900,402,257,124,0.6836,12370.45,97.92,12533.22,United States,Mobile,18-24,Female,Awareness
2025-06-07,Anniversary Sale,Affiliate,16098,680,4.2241,596,99,45,7,0.0435,988.61,228.77,332.14,United States,Mobile,25-34,Female,Awareness
2025-06-07,Product Launch Q3,Instagram Ads,16216,407,2.5099,308,68,34,10,0.0617,1247.97,410.98,203.66,United States,Desktop,35-44,Male,Consideration
2025-06-08,Summer Sale Blast,Referral,19116,1238,6.4763,1177,614,465,266,1.3915,50350.99,95.95,52376.28,Singapore,Mobile,55+,Female,Conversion
2025-06-08,Festive Mega Offer,LinkedIn Ads,23352,738,3.1603,668,196,146,58,0.2484,28405.82,1855.53,1430.87,United States,Mobile,55+,Female,Retargeting
2025-06-08,App Install Campaign,Email Marketing,26724,2414,9.0331,2216,665,354,166,0.6212,24633.59,154.22,15873.02,India,Mobile,35-44,Female,Conversion
2025-06-08,Influencer Collab,Email Marketing,31332,2568,8.1961,2542,872,498,150,0.4787,35496.27,214.7,16432.96,India,Desktop,25-34,Female,Consideration
2025-06-08,Holiday Gift Guide,TikTok Ads,19338,1025,5.3004,765,189,98,23,0.1189,1750.36,527.17,232.03,India,Mobile,25-34,Male,Consideration
2025-06-08,Customer Win-Back,Organic Search,29547,1705,5.7705,1519,465,296,95,0.3215,7068.87,110.15,6317.49,Germany,Desktop,55+,Male,Retargeting
2025-06-09,Mid-Season Sale,YouTube Ads,14595,611,4.1864,550,181,84,11,0.0754,1274.97,537.22,137.33,UAE,Desktop,25-34,Male,Conversion
2025-06-09,Back to School,Google Ads,19649,978,4.9774,967,297,195,57,0.2901,10423.79,1372.55,659.45,South Africa,Mobile,55+,Male,Awareness
2025-06-09,Brand Awareness Drive,Affiliate,13770,537,3.8998,445,142,72,13,0.0944,841.47,276.1,204.77,India,Desktop,35-44,Female,Retargeting
2025-06-09,Cart Abandonment Recovery,Affiliate,22343,984,4.4041,783,232,116,31,0.1387,1549.8,729.0,112.59,United Kingdom,Desktop,25-34,Male,Awareness
2025-06-10,Brand Awareness Drive,Referral,17385,1269,7.2994,1212,574,309,128,0.7363,31296.52,118.14,26391.04,Singapore,Mobile,35-44,Male,Awareness
2025-06-10,Flash Weekend Deal,LinkedIn Ads,17702,536,3.0279,415,129,87,35,0.1977,13733.43,1366.69,904.87,UAE,Tablet,25-34,Female,Retargeting
2025-06-10,Summer Sale Blast,LinkedIn Ads,19357,582,3.0067,491,135,83,31,0.1601,7290.2,1461.65,398.77,UAE,Mobile,25-34,Male,Conversion
2025-06-10,Cart Abandonment Recovery,TikTok Ads,19027,788,4.1415,567,167,87,22,0.1156,1044.66,449.35,132.48,United States,Mobile,18-24,Female,Retargeting
2025-06-11,Customer Win-Back,Instagram Ads,24921,962,3.8602,815,200,75,30,0.1204,1809.85,740.92,144.27,United States,Mobile,35-44,Female,Awareness
2025-06-12,Loyalty Rewards Push,Google Ads,28505,1440,5.0517,1364,424,231,112,0.3929,23466.11,2246.12,944.74,United States,Desktop,18-24,Female,Awareness
2025-06-12,Referral Bonanza,Affiliate,26719,1082,4.0496,820,265,125,45,0.1684,3388.13,570.05,494.36,United States,Mobile,25-34,Female,Awareness
2025-06-12,Brand Awareness Drive,Referral,11916,924,7.7543,857,346,256,112,0.9399,14813.62,93.77,15697.82,Canada,Mobile,45-54,Male,Awareness
2025-06-12,Flash Weekend Deal,Referral,27880,1899,6.8113,1686,782,558,167,0.599,49947.37,147.72,33712.19,India,Desktop,45-54,Male,Retargeting
2025-06-12,Mid-Season Sale,Google Ads,29175,2101,7.2014,1882,513,335,122,0.4182,13621.05,2860.52,376.17,Australia,Desktop,18-24,Male,Awareness
2025-06-13,Clearance Blowout,Facebook Ads,26093,1381,5.2926,1309,380,185,89,0.3411,5583.71,568.9,881.49,India,Mobile,25-34,Female,Loyalty
2025-06-13,Mid-Season Sale,Affiliate,13944,527,3.7794,426,160,75,23,0.1649,3709.18,239.02,1451.83,Australia,Mobile,18-24,Male,Conversion
2025-06-13,Product Launch Q3,Affiliate,7456,224,3.0043,182,55,29,8,0.1073,1055.19,148.33,611.38,United States,Mobile,18-24,Male,Awareness
2025-06-13,Back to School,Google Ads,24508,1292,5.2717,1161,346,266,127,0.5182,18666.45,1232.23,1414.85,India,Mobile,18-24,Male,Awareness
2025-06-14,Anniversary Sale,Instagram Ads,18721,967,5.1653,873,194,81,24,0.1282,1813.95,508.83,256.49,United Kingdom,Desktop,45-54,Female,Consideration
2025-06-14,Back to School,Organic Search,22308,1193,5.3479,1140,517,280,105,0.4707,22342.85,34.39,64869.03,Canada,Desktop,18-24,Male,Conversion
2025-06-15,Product Launch Q3,Google Ads,12736,853,6.6976,716,229,115,69,0.5418,11404.63,800.06,1325.47,United States,Desktop,35-44,Male,Retargeting
2025-06-15,Customer Win-Back,Referral,19531,1219,6.2414,1063,438,267,131,0.6707,10865.2,25.19,43032.99,United Kingdom,Desktop,55+,Female,Conversion
2025-06-15,Free Trial Signup,Email Marketing,22358,1366,6.1097,1328,541,372,170,0.7604,12014.29,132.7,8953.72,Australia,Desktop,25-34,Male,Awareness
2025-06-16,Back to School,Organic Search,18030,1067,5.9179,934,326,175,98,0.5435,12055.25,28.64,41992.35,United States,Mobile,18-24,Male,Retargeting
2025-06-16,Product Launch Q3,Facebook Ads,14883,648,4.354,573,170,113,47,0.3158,6370.51,308.47,1965.2,United Kingdom,Desktop,25-34,Male,Awareness
2025-06-16,Mid-Season Sale,Google Ads,11415,845,7.4025,818,346,237,63,0.5519,8970.03,820.88,992.73,India,Mobile,35-44,Male,Consideration
2025-06-16,Anniversary Sale,LinkedIn Ads,21673,517,2.3855,419,84,42,17,0.0784,3182.9,1030.84,208.77,United States,Mobile,18-24,Female,Conversion
2025-06-16,Anniversary Sale,Affiliate,14830,543,3.6615,472,80,45,13,0.0877,806.78,423.65,90.44,Germany,Desktop,18-24,Male,Awareness
2025-06-16,Anniversary Sale,Referral,12624,760,6.0203,720,323,209,78,0.6179,21537.8,25.17,85469.33,Canada,Desktop,18-24,Male,Retargeting
2025-06-16,Influencer Collab,Organic Search,15175,726,4.7842,675,264,177,51,0.3361,4198.87,55.75,7431.61,Australia,Mobile,25-34,Female,Awareness
2025-06-16,New Year Kickoff,Facebook Ads,22167,928,4.1864,721,184,107,34,0.1534,5927.87,466.04,1171.97,India,Desktop,35-44,Female,Awareness
2025-06-17,Holiday Gift Guide,Email Marketing,626,46,7.3482,41,15,7,3,0.4792,441.02,137.84,219.95,India,Mobile,25-34,Male,Retargeting
2025-06-17,Product Launch Q1,Google Ads,23335,1817,7.7866,1725,421,220,118,0.5057,29789.92,2376.0,1153.78,Germany,Mobile,25-34,Female,Retargeting
2025-06-18,Anniversary Sale,Instagram Ads,9683,447,4.6163,346,67,36,9,0.0929,596.32,403.23,47.89,Germany,Mobile,45-54,Female,Retargeting
2025-06-18,Lead Gen Webinar,Instagram Ads,10533,427,4.0539,335,69,30,6,0.057,512.61,266.17,92.59,United States,Mobile,18-24,Male,Awareness
2025-06-18,Flash Weekend Deal,TikTok Ads,23056,1059,4.5932,820,81,25,6,0.026,617.16,477.65,29.21,Brazil,Mobile,18-24,Female,Retargeting
2025-06-18,Anniversary Sale,Organic Search,12404,872,7.03,830,299,152,75,0.6046,15046.86,56.61,26479.86,India,Desktop,35-44,Female,Loyalty
2025-06-18,Summer Sale Blast,Google Ads,27297,2160,7.913,1911,558,325,135,0.4946,32090.93,1505.5,2031.58,United States,Mobile,18-24,Female,Consideration
2025-06-19,Influencer Collab,LinkedIn Ads,18907,578,3.0571,508,119,84,43,0.2274,19853.41,1104.07,1698.2,Canada,Mobile,35-44,Male,Retargeting
2025-06-19,Mid-Season Sale,Referral,11275,787,6.98,745,391,267,166,1.4723,20725.84,92.69,22260.38,United Kingdom,Tablet,18-24,Male,Conversion
2025-06-19,Product Launch Q3,Organic Search,5546,301,5.4273,280,95,47,14,0.2524,1231.0,35.92,3327.06,United Kingdom,Mobile,25-34,Male,Awareness
2025-06-19,Clearance Blowout,Facebook Ads,10140,356,3.5108,329,97,57,23,0.2268,4402.42,385.9,1040.82,Germany,Desktop,45-54,Female,Loyalty
2025-06-19,Back to School,YouTube Ads,15348,480,3.1274,389,111,51,11,0.0717,1116.31,329.68,238.6,United States,Desktop,25-34,Male,Awareness
2025-06-20,Anniversary Sale,Affiliate,20409,1043,5.1105,963,374,148,32,0.1568,5326.48,597.67,791.21,United States,Desktop,25-34,Female,Consideration
2025-06-20,Product Launch Q3,YouTube Ads,19256,541,2.8095,432,115,53,19,0.0987,2834.83,536.18,428.71,Germany,Mobile,18-24,Male,Loyalty
2025-06-20,Mid-Season Sale,Facebook Ads,18277,613,3.3539,529,163,93,35,0.1915,4761.38,610.15,680.36,United Kingdom,Mobile,18-24,Male,Retargeting
2025-06-20,Lead Gen Webinar,Organic Search,27195,1190,4.3758,1087,478,268,81,0.2978,15488.89,49.97,30896.38,Germany,Mobile,18-24,Male,Awareness
2025-06-21,Flash Weekend Deal,YouTube Ads,13265,424,3.1964,317,56,29,8,0.0603,1221.51,544.74,124.24,Canada,Mobile,25-34,Female,Conversion
2025-06-21,Free Trial Signup,Affiliate,18633,752,4.0359,595,186,94,31,0.1664,2484.0,374.58,563.14,India,Desktop,18-24,Female,Loyalty
2025-06-21,Clearance Blowout,Affiliate,25007,1367,5.4665,1138,226,123,37,0.148,5907.18,929.04,535.84,United Kingdom,Desktop,25-34,Male,Awareness
2025-06-22,Referral Bonanza,Google Ads,24569,1298,5.2831,1113,313,168,69,0.2808,17026.32,1553.26,996.17,Canada,Mobile,18-24,Female,Retargeting
2025-06-22,Anniversary Sale,Referral,21826,1548,7.0925,1392,796,578,320,1.4661,50149.69,106.66,46918.27,India,Mobile,25-34,Female,Consideration
2025-06-22,Free Trial Signup,TikTok Ads,13111,719,5.4839,620,95,34,8,0.061,601.85,298.48,101.64,United Kingdom,Mobile,35-44,Female,Loyalty
2025-06-22,App Install Campaign,TikTok Ads,17972,1066,5.9314,855,182,83,24,0.1335,2597.85,483.66,437.12,United States,Mobile,35-44,Female,Consideration
2025-06-22,Free Trial Signup,LinkedIn Ads,15175,496,3.2685,454,106,57,20,0.1318,5569.03,764.41,628.54,Brazil,Mobile,25-34,Male,Conversion
2025-06-23,Brand Awareness Drive,Affiliate,15416,550,3.5677,438,114,60,25,0.1622,4312.52,371.33,1061.37,United States,Mobile,45-54,Female,Retargeting
2025-06-23,Mid-Season Sale,TikTok Ads,22732,1231,5.4153,903,144,83,27,0.1188,2914.01,506.95,474.81,India,Mobile,25-34,Male,Awareness
2025-06-23,Influencer Collab,Organic Search,17181,1095,6.3733,1084,486,193,62,0.3609,8519.74,114.96,7311.05,India,Mobile,25-34,Male,Awareness
2025-06-24,Referral Bonanza,Instagram Ads,15465,609,3.9379,461,84,43,11,0.0711,1415.66,337.75,319.14,United States,Mobile,25-34,Female,Awareness
2025-06-24,App Install Campaign,Email Marketing,24483,2050,8.3732,1930,845,519,230,0.9394,52627.04,149.73,35047.96,India,Mobile,25-34,Male,Retargeting
2025-06-24,Lead Gen Webinar,Instagram Ads,27710,1011,3.6485,815,128,57,13,0.0469,1664.19,389.53,327.23,India,Mobile,18-24,Male,Conversion
2025-06-25,Mid-Season Sale,LinkedIn Ads,26866,604,2.2482,559,178,120,44,0.1638,20685.94,1845.02,1021.18,Singapore,Mobile,25-34,Male,Retargeting
2025-06-25,App Install Campaign,Organic Search,27462,1418,5.1635,1364,555,340,182,0.6627,27192.92,40.1,67712.77,India,Tablet,35-44,Female,Conversion
2025-06-25,Flash Weekend Deal,Affiliate,7286,330,4.5292,274,57,25,10,0.1372,782.23,242.56,222.49,India,Desktop,18-24,Female,Loyalty
2025-06-25,Referral Bonanza,Facebook Ads,22236,1111,4.9964,1098,159,95,26,0.1169,2380.53,639.09,272.49,United States,Mobile,25-34,Female,Retargeting
2025-06-25,Festive Mega Offer,Email Marketing,21785,1334,6.1235,1104,387,276,123,0.5646,8491.21,229.56,3598.91,India,Desktop,45-54,Female,Conversion
2025-06-25,Product Launch Q1,Google Ads,15746,667,4.236,643,269,179,48,0.3048,11451.23,951.03,1104.09,India,Mobile,25-34,Other,Awareness
2025-06-26,Brand Awareness Drive,LinkedIn Ads,29635,899,3.0336,786,241,105,43,0.1451,7055.36,2412.03,192.51,United States,Mobile,18-24,Male,Awareness
2025-06-26,Holiday Gift Guide,Google Ads,8891,638,7.1758,519,201,123,45,0.5061,4757.9,743.21,540.18,India,Mobile,45-54,Male,Conversion
2025-06-26,New Year Kickoff,TikTok Ads,27663,1383,4.9995,1037,205,106,22,0.0795,3158.45,433.3,628.93,United States,Mobile,45-54,Female,Consideration
2025-06-26,Cart Abandonment Recovery,Google Ads,30406,1811,5.9561,1633,448,250,84,0.2763,12683.44,1356.05,835.32,United States,Desktop,55+,Female,Loyalty
2025-06-26,Clearance Blowout,Organic Search,16950,1005,5.9292,994,356,188,66,0.3894,12939.57,139.16,9198.34,United States,Tablet,25-34,Female,Conversion
2025-06-27,Referral Bonanza,Google Ads,12555,828,6.595,737,294,210,123,0.9797,25421.29,1259.71,1918.03,Brazil,Mobile,55+,Female,Conversion
2025-06-27,Brand Awareness Drive,YouTube Ads,27558,848,3.0771,649,66,32,14,0.0508,2388.43,874.57,173.1,India,Tablet,25-34,Male,Awareness
2025-06-27,Back to School,Email Marketing,8914,788,8.84,693,341,222,79,0.8862,9581.93,118.66,7975.11,India,Mobile,18-24,Male,Awareness
2025-06-27,App Install Campaign,Referral,25451,1887,7.4142,1673,694,532,255,1.0019,20953.19,82.03,25443.33,India,Mobile,25-34,Male,Consideration
2025-06-28,Festive Mega Offer,Facebook Ads,15670,697,4.448,527,152,97,19,0.1213,1635.82,660.19,147.78,Canada,Mobile,55+,Female,Awareness
2025-06-28,Flash Weekend Deal,TikTok Ads,26126,1392,5.328,1135,53,21,1,0.0038,93.94,781.18,-87.97,India,Desktop,18-24,Male,Conversion
2025-06-28,Back to School,LinkedIn Ads,30566,723,2.3654,631,177,135,55,0.1799,27929.58,1627.94,1615.64,India,Desktop,25-34,Female,Consideration
2025-06-29,App Install Campaign,Email Marketing,25055,1852,7.3917,1812,669,509,154,0.6146,26409.96,151.66,17313.93,Germany,Mobile,45-54,Male,Consideration
2025-06-29,Loyalty Rewards Push,Facebook Ads,22376,777,3.4725,678,172,97,34,0.1519,4938.58,783.53,530.3,United Kingdom,Mobile,18-24,Male,Awareness
2025-06-30,New Year Kickoff,Referral,31687,2445,7.7161,2296,1125,835,479,1.5117,96483.05,75.38,127895.56,United Kingdom,Desktop,45-54,Female,Consideration
2025-06-30,Flash Weekend Deal,YouTube Ads,5979,214,3.5792,179,27,16,2,0.0335,318.14,268.39,18.54,South Africa,Mobile,18-24,Male,Consideration
2025-06-30,Summer Sale Blast,Affiliate,21623,834,3.857,717,159,60,23,0.1064,1455.44,588.65,147.25,United States,Desktop,35-44,Male,Retargeting
2025-07-01,Cart Abandonment Recovery,Instagram Ads,7833,319,4.0725,267,58,33,7,0.0894,961.36,322.59,198.01,United Kingdom,Mobile,25-34,Male,Consideration
2025-07-01,Lead Gen Webinar,Affiliate,17414,946,5.4324,837,276,143,47,0.2699,4825.42,440.56,995.29,South Africa,Desktop,45-54,Female,Retargeting
2025-07-02,New Year Kickoff,Affiliate,16811,539,3.2062,491,174,100,38,0.226,1770.43,342.88,416.34,United States,Mobile,25-34,Male,Awareness
2025-07-02,New Year Kickoff,Referral,500,32,6.4,31,14,8,3,0.6,768.03,57.29,1240.6,United States,Mobile,18-24,Male,Retargeting
2025-07-03,Product Launch Q3,Referral,16728,897,5.3623,860,496,359,146,0.8728,40155.3,106.96,37442.35,Australia,Desktop,55+,Female,Conversion
2025-07-03,Back to School,LinkedIn Ads,18926,666,3.519,579,157,108,55,0.2906,19205.06,1207.31,1490.73,United Kingdom,Mobile,35-44,Female,Loyalty
2025-07-03,Lead Gen Webinar,Instagram Ads,20806,1037,4.9841,863,54,32,7,0.0336,899.69,823.0,9.32,India,Mobile,18-24,Male,Retargeting
2025-07-04,Anniversary Sale,Affiliate,14773,469,3.1747,388,116,60,27,0.1828,4513.57,405.64,1012.7,South Africa,Mobile,18-24,Female,Consideration
2025-07-04,Back to School,YouTube Ads,24339,606,2.4898,477,116,62,22,0.0904,1591.9,528.38,201.28,Singapore,Mobile,55+,Male,Awareness
2025-07-04,Referral Bonanza,Referral,15844,999,6.3052,980,470,367,165,1.0414,37802.41,133.93,28125.5,United Kingdom,Desktop,25-34,Female,Retargeting
2025-07-04,Product Launch Q1,Referral,26838,2251,8.3874,2128,1231,706,434,1.6171,129002.36,57.83,222971.69,India,Mobile,25-34,Female,Conversion
2025-07-05,New Year Kickoff,Organic Search,16877,712,4.2188,685,171,110,30,0.1778,3604.39,24.93,14358.04,India,Desktop,25-34,Female,Conversion
2025-07-05,Cart Abandonment Recovery,Referral,26371,1485,5.6312,1428,587,433,247,0.9366,23423.31,131.72,17682.65,India,Tablet,25-34,Female,Consideration
2025-07-06,Festive Mega Offer,TikTok Ads,26295,1320,5.02,936,159,79,13,0.0494,1204.1,721.12,66.98,United States,Tablet,35-44,Female,Consideration
2025-07-06,App Install Campaign,Google Ads,8673,588,6.7797,515,92,46,19,0.2191,1918.94,600.14,219.75,Germany,Desktop,18-24,Male,Consideration
2025-07-07,Mid-Season Sale,Organic Search,18896,1096,5.8002,1030,241,142,81,0.4287,6511.75,124.31,5138.32,UAE,Desktop,18-24,Female,Retargeting
2025-07-07,Clearance Blowout,Google Ads,21987,1518,6.9041,1404,668,476,156,0.7095,16540.02,1003.92,1547.54,United Kingdom,Desktop,35-44,Other,Retargeting
2025-07-07,Anniversary Sale,Google Ads,21742,1351,6.2138,1227,418,244,92,0.4231,23434.46,2181.84,974.07,India,Desktop,45-54,Male,Consideration
2025-07-08,Customer Win-Back,Referral,10984,832,7.5747,768,333,221,110,1.0015,30747.28,23.71,129580.64,United States,Desktop,45-54,Female,Conversion
2025-07-08,Back to School,Affiliate,19173,774,4.0369,695,204,136,63,0.3286,6598.76,564.08,1069.83,United States,Mobile,35-44,Female,Consideration
2025-07-08,Clearance Blowout,Organic Search,500,29,5.8,27,7,3,0,0.0,0.0,27.15,-100.0,UAE,Desktop,25-34,Female,Consideration
2025-07-08,Referral Bonanza,YouTube Ads,14338,460,3.2083,403,98,35,4,0.0279,554.27,369.17,50.14,Germany,Mobile,45-54,Other,Consideration
2025-07-09,Festive Mega Offer,Organic Search,19310,1295,6.7064,1282,342,237,94,0.4868,16353.04,65.04,25043.05,Brazil,Mobile,35-44,Male,Conversion
2025-07-09,Mid-Season Sale,TikTok Ads,16546,909,5.4938,668,103,40,9,0.0544,932.67,383.85,142.98,UAE,Mobile,25-34,Female,Conversion
2025-07-09,Product Launch Q1,Referral,25239,1362,5.3964,1194,546,339,148,0.5864,18792.96,111.52,16751.65,United States,Mobile,18-24,Female,Retargeting
2025-07-09,Brand Awareness Drive,LinkedIn Ads,6831,201,2.9425,168,44,31,17,0.2489,7010.6,717.97,876.45,Canada,Mobile,25-34,Female,Retargeting
2025-07-09,Back to School,LinkedIn Ads,15221,480,3.1535,461,157,98,42,0.2759,9861.53,1508.54,553.71,India,Mobile,18-24,Female,Awareness
2025-07-10,Influencer Collab,Affiliate,25253,984,3.8966,826,188,116,42,0.1663,5590.57,570.98,879.12,India,Desktop,35-44,Male,Awareness
2025-07-10,Loyalty Rewards Push,Referral,16267,1002,6.1597,976,371,240,142,0.8729,32020.36,148.99,21391.62,Australia,Tablet,18-24,Male,Loyalty
2025-07-10,Brand Awareness Drive,Referral,21953,1786,8.1356,1691,691,519,255,1.1616,28344.4,69.66,40589.64,Canada,Mobile,45-54,Male,Awareness
2025-07-11,New Year Kickoff,Email Marketing,11246,775,6.8913,743,271,172,64,0.5691,11720.57,121.73,9528.33,India,Mobile,18-24,Male,Retargeting
2025-07-11,Free Trial Signup,Email Marketing,20956,1418,6.7666,1403,376,205,105,0.501,20585.86,135.02,15146.53,United States,Mobile,35-44,Female,Retargeting
2025-07-11,Product Launch Q1,Facebook Ads,17558,756,4.3057,661,141,81,25,0.1424,4868.48,725.8,570.77,Australia,Desktop,25-34,Female,Loyalty
2025-07-11,Loyalty Rewards Push,TikTok Ads,3214,163,5.0716,129,43,20,4,0.1245,357.21,84.29,323.79,United States,Mobile,25-34,Male,Awareness
2025-07-12,Loyalty Rewards Push,YouTube Ads,10876,370,3.402,274,44,18,5,0.046,360.98,395.73,-8.78,Canada,Desktop,18-24,Female,Consideration
2025-07-12,Anniversary Sale,Affiliate,19640,756,3.8493,618,204,77,27,0.1375,4604.94,505.06,811.76,India,Mobile,25-34,Male,Conversion
2025-07-12,Clearance Blowout,YouTube Ads,18943,659,3.4789,483,98,44,10,0.0528,1275.11,749.95,70.03,India,Desktop,35-44,Female,Conversion
2025-07-12,Referral Bonanza,Facebook Ads,15571,558,3.5836,477,181,92,24,0.1541,5174.74,360.25,1336.43,India,Desktop,45-54,Female,Consideration
2025-07-13,Lead Gen Webinar,Email Marketing,15356,1461,9.5142,1446,630,446,189,1.2308,36170.3,122.74,29369.04,United Kingdom,Tablet,35-44,Male,Awareness
2025-07-13,Loyalty Rewards Push,Instagram Ads,16082,630,3.9174,554,116,40,13,0.0808,1129.91,378.88,198.22,United States,Mobile,55+,Male,Retargeting
2025-07-13,Loyalty Rewards Push,TikTok Ads,10478,550,5.2491,393,90,40,7,0.0668,939.07,387.16,142.55,India,Mobile,35-44,Female,Conversion
2025-07-13,Clearance Blowout,Organic Search,28485,1214,4.2619,1117,379,193,90,0.316,7300.85,129.58,5534.24,United Kingdom,Desktop,25-34,Male,Conversion
2025-07-13,Back to School,Instagram Ads,17988,787,4.3751,651,176,98,14,0.0778,2150.01,732.43,193.54,UAE,Mobile,35-44,Male,Conversion
2025-07-13,Referral Bonanza,YouTube Ads,18710,798,4.2651,626,66,44,13,0.0695,1200.74,915.84,31.11,United Kingdom,Mobile,25-34,Male,Consideration
2025-07-13,Product Launch Q3,Google Ads,6654,378,5.6808,368,130,68,31,0.4659,5284.28,570.21,826.73,United Kingdom,Mobile,25-34,Male,Retargeting
2025-07-14,Customer Win-Back,Google Ads,21468,1226,5.7108,1076,330,206,87,0.4053,21508.04,1497.02,1336.72,Canada,Mobile,35-44,Male,Conversion
2025-07-14,Lead Gen Webinar,Facebook Ads,16536,558,3.3745,467,137,76,28,0.1693,3052.71,453.26,573.5,United Kingdom,Desktop,35-44,Male,Conversion
2025-07-14,Product Launch Q1,Organic Search,18176,938,5.1607,838,223,155,53,0.2916,6253.61,117.12,5239.49,India,Mobile,55+,Male,Awareness
2025-07-14,App Install Campaign,Google Ads,12068,999,8.2781,922,305,223,117,0.9695,13345.16,741.31,1700.21,India,Mobile,25-34,Female,Awareness
2025-07-14,Product Launch Q3,Instagram Ads,20145,669,3.3209,531,105,53,18,0.0894,2949.4,497.84,492.44,United Kingdom,Desktop,35-44,Male,Retargeting
2025-07-14,Product Launch Q1,Affiliate,31162,1096,3.5171,907,268,160,58,0.1861,6110.88,455.18,1242.52,United States,Desktop,25-34,Female,Awareness
2025-07-14,Free Trial Signup,TikTok Ads,22739,1085,4.7715,842,126,64,19,0.0836,2108.92,266.03,692.74,United States,Desktop,35-44,Female,Consideration
2025-07-14,Flash Weekend Deal,TikTok Ads,12360,666,5.3883,554,81,32,5,0.0405,558.23,412.78,35.24,India,Desktop,35-44,Female,Conversion
2025-07-15,Loyalty Rewards Push,LinkedIn Ads,15057,470,3.1215,389,125,96,50,0.3321,8292.49,1241.39,568.0,UAE,Mobile,35-44,Female,Consideration
2025-07-15,Back to School,Facebook Ads,18138,680,3.749,618,226,120,51,0.2812,7295.79,644.25,1032.45,India,Mobile,25-34,Male,Consideration
2025-07-15,Anniversary Sale,Google Ads,13961,982,7.0339,919,289,147,62,0.4441,10514.63,1295.7,711.5,India,Desktop,45-54,Female,Conversion
2025-07-15,Summer Sale Blast,Facebook Ads,11251,390,3.4664,293,43,25,7,0.0622,818.21,233.08,251.04,United States,Mobile,25-34,Male,Conversion
2025-07-15,Influencer Collab,LinkedIn Ads,12177,402,3.3013,357,71,51,20,0.1642,6802.54,598.03,1037.49,India,Desktop,25-34,Female,Awareness
2025-07-15,Festive Mega Offer,YouTube Ads,27828,1125,4.0427,920,115,49,11,0.0395,1553.34,803.4,93.35,India,Desktop,55+,Male,Retargeting
2025-07-15,Customer Win-Back,Organic Search,6777,326,4.8104,322,107,60,16,0.2361,1014.42,34.52,2838.64,India,Desktop,25-34,Male,Conversion
2025-07-16,Free Trial Signup,YouTube Ads,7321,270,3.688,195,46,26,6,0.082,616.02,252.72,143.76,India,Mobile,18-24,Male,Conversion
2025-07-16,App Install Campaign,Email Marketing,21237,1315,6.192,1143,486,282,82,0.3861,8030.8,155.45,5066.16,United States,Mobile,25-34,Female,Awareness
2025-07-16,Customer Win-Back,Affiliate,30814,1136,3.6866,936,173,104,33,0.1071,2028.55,807.89,151.09,India,Mobile,25-34,Female,Awareness
2025-07-16,Mid-Season Sale,Facebook Ads,23935,1153,4.8172,1042,334,162,32,0.1337,5129.1,931.38,450.7,Singapore,Mobile,35-44,Female,Conversion
2025-07-16,Summer Sale Blast,TikTok Ads,25186,982,3.899,842,205,98,19,0.0754,2249.29,514.25,337.39,India,Mobile,25-34,Female,Conversion
2025-07-16,Brand Awareness Drive,TikTok Ads,22163,1091,4.9226,900,257,115,31,0.1399,1110.06,292.48,279.53,India,Mobile,25-34,Male,Retargeting
2025-07-17,Cart Abandonment Recovery,Instagram Ads,23102,737,3.1902,587,95,40,7,0.0303,698.61,483.9,44.37,United States,Mobile,55+,Female,Consideration
2025-07-17,New Year Kickoff,YouTube Ads,20269,583,2.8763,456,61,30,5,0.0247,331.24,269.28,23.01,Australia,Mobile,18-24,Male,Conversion
2025-07-17,Brand Awareness Drive,Email Marketing,21651,1453,6.711,1332,513,295,105,0.485,10013.74,135.88,7269.55,United Kingdom,Mobile,35-44,Female,Awareness
2025-07-17,Lead Gen Webinar,Referral,13116,1006,7.67,890,347,249,119,0.9073,25505.94,84.18,30199.29,United States,Mobile,25-34,Male,Awareness
2025-07-17,Back to School,Email Marketing,17822,1637,9.1853,1523,563,301,89,0.4994,15786.22,171.99,9078.57,Singapore,Mobile,18-24,Male,Retargeting
2025-07-18,Flash Weekend Deal,Affiliate,18759,878,4.6804,850,173,102,25,0.1333,2181.27,376.69,479.06,India,Desktop,25-34,Male,Consideration
2025-07-18,Anniversary Sale,YouTube Ads,16487,662,4.0153,567,90,40,8,0.0485,422.66,733.75,-42.4,Singapore,Mobile,18-24,Male,Conversion
2025-07-18,Back to School,TikTok Ads,12978,512,3.9451,404,70,21,4,0.0308,559.84,212.5,163.45,India,Mobile,35-44,Female,Conversion
2025-07-19,Brand Awareness Drive,TikTok Ads,29291,1397,4.7694,1128,202,64,12,0.041,796.31,540.89,47.22,United States,Tablet,55+,Other,Consideration
2025-07-19,Loyalty Rewards Push,Referral,13268,763,5.7507,726,404,261,95,0.716,12954.73,30.61,42221.89,India,Desktop,25-34,Male,Awareness
2025-07-19,Customer Win-Back,Referral,21075,1568,7.4401,1464,583,427,198,0.9395,54778.59,148.9,36688.84,South Africa,Mobile,18-24,Female,Consideration
2025-07-19,Product Launch Q3,YouTube Ads,28129,891,3.1675,696,182,82,25,0.0889,2419.69,728.89,231.97,Singapore,Mobile,25-34,Female,Conversion
2025-07-20,New Year Kickoff,LinkedIn Ads,23786,535,2.2492,453,140,106,34,0.1429,15680.5,1464.55,970.67,Brazil,Mobile,45-54,Female,Conversion
2025-07-21,Brand Awareness Drive,YouTube Ads,23179,612,2.6403,497,102,60,20,0.0863,2037.01,361.08,464.14,India,Mobile,18-24,Male,Consideration
2025-07-21,Summer Sale Blast,Organic Search,26146,1284,4.9109,1231,357,233,81,0.3098,15853.91,88.23,17868.84,United States,Desktop,35-44,Male,Retargeting
2025-07-21,Free Trial Signup,LinkedIn Ads,13454,416,3.092,338,97,66,32,0.2378,13731.56,1196.97,1047.19,United States,Mobile,25-34,Female,Consideration
2025-07-21,Holiday Gift Guide,Google Ads,22587,1301,5.76,1125,408,220,90,0.3985,17496.92,981.53,1682.62,United States,Mobile,25-34,Female,Awareness
2025-07-21,Clearance Blowout,Instagram Ads,17445,534,3.061,420,111,48,3,0.0172,257.34,322.87,-20.3,Australia,Mobile,45-54,Male,Awareness
2025-07-21,Festive Mega Offer,Organic Search,9925,528,5.3199,461,176,93,44,0.4433,4995.46,92.7,5288.85,India,Mobile,18-24,Male,Conversion
2025-07-22,Summer Sale Blast,TikTok Ads,24674,1166,4.7256,902,214,134,23,0.0932,1326.42,742.0,78.76,India,Desktop,18-24,Female,Conversion
2025-07-22,Influencer Collab,Instagram Ads,21118,720,3.4094,595,113,37,14,0.0663,2484.48,305.35,713.65,India,Desktop,35-44,Female,Conversion
2025-07-22,Lead Gen Webinar,Email Marketing,23026,2081,9.0376,2055,948,579,225,0.9772,16364.01,264.99,6075.33,Brazil,Desktop,35-44,Female,Awareness
2025-07-23,Loyalty Rewards Push,TikTok Ads,15634,739,4.7269,602,168,75,23,0.1471,1148.14,237.27,383.9,India,Mobile,55+,Female,Conversion
2025-07-23,Brand Awareness Drive,YouTube Ads,20309,681,3.3532,566,158,69,27,0.1329,2712.43,544.99,397.7,India,Mobile,55+,Male,Conversion
2025-07-23,New Year Kickoff,Affiliate,12699,492,3.8743,426,113,47,19,0.1496,1229.74,358.22,243.29,India,Mobile,25-34,Male,Consideration
2025-07-24,Back to School,Facebook Ads,29264,1165,3.981,962,272,145,66,0.2255,10416.07,575.21,1710.83,Canada,Mobile,35-44,Male,Retargeting
2025-07-24,Holiday Gift Guide,LinkedIn Ads,28826,784,2.7198,718,166,100,48,0.1665,17235.92,2175.07,692.43,United Kingdom,Tablet,35-44,Male,Loyalty
2025-07-24,Holiday Gift Guide,Affiliate,11763,419,3.562,324,62,24,5,0.0425,644.27,265.7,142.48,Australia,Mobile,55+,Female,Awareness
2025-07-24,Flash Weekend Deal,Affiliate,20941,955,4.5604,752,201,68,19,0.0907,2495.03,370.14,574.08,United States,Mobile,25-34,Female,Awareness
2025-07-25,Clearance Blowout,Organic Search,11336,691,6.0956,684,271,166,64,0.5646,13095.95,20.98,62321.12,United States,Mobile,45-54,Female,Conversion
2025-07-26,Lead Gen Webinar,LinkedIn Ads,21308,701,3.2898,592,190,158,70,0.3285,25627.46,1487.68,1622.65,UAE,Desktop,35-44,Male,Retargeting
2025-07-26,Loyalty Rewards Push,Email Marketing,23239,1622,6.9796,1520,499,319,150,0.6455,29514.75,218.63,13399.86,India,Mobile,25-34,Female,Loyalty
2025-07-26,Cart Abandonment Recovery,Google Ads,29783,1585,5.3218,1395,473,321,97,0.3257,12336.15,2515.74,390.36,United States,Mobile,25-34,Male,Awareness
2025-07-26,Back to School,Email Marketing,32570,2473,7.5929,2375,1027,727,291,0.8935,19320.59,264.28,7210.65,India,Desktop,18-24,Male,Awareness
2025-07-27,Flash Weekend Deal,Google Ads,500,25,5.0,23,8,4,1,0.2,158.87,157.05,1.16,United States,Desktop,25-34,Female,Retargeting
2025-07-27,Influencer Collab,Referral,30920,1982,6.4101,1951,859,635,227,0.7342,64413.13,98.15,65527.23,India,Tablet,45-54,Male,Consideration
2025-07-27,Festive Mega Offer,YouTube Ads,21100,609,2.8863,422,95,55,5,0.0237,334.34,595.59,-43.86,United States,Mobile,18-24,Male,Conversion
2025-07-27,Clearance Blowout,Email Marketing,17321,1605,9.2662,1577,631,381,134,0.7736,13742.85,168.6,8051.16,India,Desktop,55+,Male,Consideration
2025-07-28,Product Launch Q1,TikTok Ads,13111,810,6.178,652,137,61,9,0.0686,557.95,552.51,0.98,Canada,Mobile,25-34,Female,Consideration
2025-07-28,Holiday Gift Guide,Referral,16819,1146,6.8137,1058,462,343,154,0.9156,23218.66,42.6,54403.9,Canada,Mobile,18-24,Female,Consideration
2025-07-28,Mid-Season Sale,Referral,15166,978,6.4486,909,482,344,162,1.0682,44753.49,114.33,39044.14,Australia,Mobile,18-24,Female,Awareness
2025-07-28,Product Launch Q3,Organic Search,7796,533,6.8368,475,182,119,57,0.7311,8404.57,123.68,6695.42,Canada,Mobile,35-44,Female,Awareness
2025-07-28,Holiday Gift Guide,Affiliate,14325,652,4.5515,547,133,74,29,0.2024,4716.77,443.05,964.61,United States,Desktop,25-34,Male,Consideration
2025-07-28,Mid-Season Sale,Instagram Ads,24204,874,3.611,713,155,76,20,0.0826,1600.66,517.53,209.29,UAE,Mobile,25-34,Male,Awareness
2025-07-29,Lead Gen Webinar,Instagram Ads,27198,916,3.3679,744,166,85,23,0.0846,3367.47,712.85,372.4,United Kingdom,Desktop,35-44,Male,Consideration
2025-07-29,Free Trial Signup,Facebook Ads,16007,807,5.0415,660,188,100,38,0.2374,4673.55,508.93,818.31,India,Desktop,35-44,Female,Awareness
2025-07-29,New Year Kickoff,Google Ads,16194,1194,7.3731,1138,337,249,90,0.5558,14535.52,1941.13,648.82,United States,Mobile,25-34,Female,Retargeting
2025-07-29,Brand Awareness Drive,YouTube Ads,13947,415,2.9756,309,53,23,3,0.0215,531.29,357.73,48.52,Canada,Mobile,25-34,Female,Conversion
2025-07-30,Anniversary Sale,TikTok Ads,31210,1716,5.4982,1340,276,143,54,0.173,3819.33,547.77,597.25,India,Desktop,25-34,Female,Consideration
2025-07-30,Customer Win-Back,Instagram Ads,9502,328,3.4519,289,74,38,12,0.1263,2274.95,216.46,950.98,Australia,Desktop,18-24,Female,Loyalty
2025-07-30,Cart Abandonment Recovery,LinkedIn Ads,18226,589,3.2316,561,157,97,44,0.2414,21123.58,858.54,2360.41,Australia,Desktop,35-44,Female,Conversion
2025-07-30,Influencer Collab,Instagram Ads,18807,706,3.7539,623,192,111,29,0.1542,5708.35,386.67,1376.28,India,Mobile,35-44,Female,Consideration
2025-07-31,Product Launch Q3,Affiliate,25181,1011,4.0149,869,121,58,24,0.0953,3095.56,788.52,292.58,India,Mobile,35-44,Male,Awareness
2025-07-31,Back to School,TikTok Ads,13956,790,5.6606,634,79,33,6,0.043,702.19,467.59,50.17,Canada,Mobile,25-34,Male,Awareness
2025-07-31,Summer Sale Blast,LinkedIn Ads,18236,539,2.9557,461,95,74,28,0.1535,10848.55,1550.62,599.63,Germany,Mobile,35-44,Female,Consideration
2025-07-31,Cart Abandonment Recovery,Facebook Ads,33384,1379,4.1307,1286,255,156,67,0.2007,9536.11,834.66,1042.51,Singapore,Mobile,25-34,Female,Conversion
2025-07-31,Lead Gen Webinar,Facebook Ads,19358,965,4.985,867,265,109,28,0.1446,5876.53,720.97,715.09,United States,Mobile,35-44,Female,Consideration
2025-08-01,Brand Awareness Drive,Instagram Ads,16825,781,4.6419,624,171,95,31,0.1842,3308.68,618.03,435.36,Canada,Mobile,18-24,Male,Loyalty
2025-08-01,Lead Gen Webinar,TikTok Ads,7471,430,5.7556,351,75,33,3,0.0402,435.75,229.21,90.11,United Kingdom,Mobile,25-34,Female,Consideration
2025-08-01,Lead Gen Webinar,Affiliate,16345,563,3.4445,461,117,73,27,0.1652,4306.43,305.79,1308.3,Germany,Tablet,35-44,Female,Conversion
2025-08-01,Influencer Collab,Instagram Ads,14405,491,3.4085,398,100,48,18,0.125,3428.79,300.6,1040.65,United States,Mobile,35-44,Male,Awareness
2025-08-02,Flash Weekend Deal,Facebook Ads,22751,1043,4.5844,931,294,129,42,0.1846,5379.79,817.12,558.38,United States,Desktop,18-24,Female,Awareness
2025-08-02,Festive Mega Offer,Email Marketing,19093,1700,8.9038,1611,610,389,123,0.6442,12796.93,198.57,6344.54,India,Tablet,55+,Male,Awareness
2025-08-02,App Install Campaign,LinkedIn Ads,30299,918,3.0298,724,145,100,43,0.1419,8026.96,2479.45,223.74,Brazil,Desktop,25-34,Female,Awareness
2025-08-02,Cart Abandonment Recovery,Referral,17213,1195,6.9424,1149,540,492,263,1.5279,30467.5,50.57,60148.17,United States,Mobile,25-34,Female,Awareness
2025-08-02,Product Launch Q1,Organic Search,24672,1338,5.4232,1227,467,258,67,0.2716,14762.62,140.0,10444.73,United States,Mobile,25-34,Male,Consideration
2025-08-02,Loyalty Rewards Push,Referral,17458,1354,7.7558,1161,530,318,128,0.7332,10795.48,110.38,9680.29,Canada,Desktop,55+,Male,Awareness
2025-08-03,Influencer Collab,LinkedIn Ads,5911,196,3.3159,176,40,29,15,0.2538,3551.19,561.05,532.95,United States,Tablet,18-24,Male,Retargeting
2025-08-03,Clearance Blowout,Referral,21908,1805,8.239,1671,807,557,220,1.0042,38728.74,125.03,30875.56,United Kingdom,Desktop,45-54,Female,Conversion
2025-08-03,Anniversary Sale,Referral,26496,1763,6.6538,1553,754,641,260,0.9813,70719.46,125.1,56430.34,United States,Mobile,18-24,Female,Retargeting
2025-08-03,App Install Campaign,Instagram Ads,21437,1145,5.3412,899,202,90,22,0.1026,3588.68,955.68,275.51,India,Mobile,25-34,Other,Awareness
2025-08-04,Cart Abandonment Recovery,Instagram Ads,13214,509,3.852,454,112,61,18,0.1362,1376.65,534.6,157.51,India,Mobile,25-34,Female,Conversion
2025-08-04,Festive Mega Offer,YouTube Ads,16260,310,1.9065,262,41,17,5,0.0308,279.28,352.51,-20.77,India,Mobile,55+,Female,Awareness
2025-08-04,Referral Bonanza,TikTok Ads,14309,745,5.2065,580,147,70,17,0.1188,1451.7,469.09,209.47,India,Desktop,25-34,Female,Conversion
2025-08-05,Product Launch Q3,Referral,13109,867,6.6138,758,310,178,75,0.5721,17619.58,92.9,18866.18,United Kingdom,Desktop,35-44,Female,Conversion
2025-08-05,Mid-Season Sale,YouTube Ads,23765,803,3.3789,626,127,74,20,0.0842,2833.03,701.71,303.73,United Kingdom,Desktop,45-54,Female,Loyalty
2025-08-06,Holiday Gift Guide,Google Ads,20132,1597,7.9326,1417,505,315,118,0.5861,18215.49,2285.45,697.02,India,Mobile,25-34,Male,Awareness
2025-08-06,Loyalty Rewards Push,Instagram Ads,22615,800,3.5375,649,146,86,24,0.1061,2206.87,744.92,196.26,India,Mobile,35-44,Male,Awareness
2025-08-06,Mid-Season Sale,TikTok Ads,19862,886,4.4608,720,73,41,12,0.0604,1448.43,422.55,242.78,United States,Tablet,25-34,Male,Consideration
2025-08-06,Product Launch Q3,YouTube Ads,10369,342,3.2983,255,71,28,6,0.0579,1035.1,446.62,131.76,United States,Mobile,45-54,Female,Conversion
2025-08-06,Referral Bonanza,YouTube Ads,12583,402,3.1948,309,66,33,7,0.0556,984.17,190.25,417.3,India,Desktop,35-44,Female,Awareness
2025-08-06,Mid-Season Sale,LinkedIn Ads,23410,780,3.3319,696,235,148,71,0.3033,13350.36,1804.47,639.85,United States,Desktop,25-34,Other,Awareness
2025-08-07,Lead Gen Webinar,Instagram Ads,12884,361,2.8019,300,40,17,4,0.031,329.08,392.45,-16.15,United Kingdom,Tablet,25-34,Male,Conversion
2025-08-07,New Year Kickoff,Affiliate,25739,1072,4.1649,876,205,117,45,0.1748,6834.42,678.73,906.94,United Kingdom,Desktop,18-24,Female,Consideration
2025-08-07,Customer Win-Back,Referral,12109,922,7.6142,747,386,293,156,1.2883,23017.92,111.9,20470.08,United States,Mobile,18-24,Female,Retargeting
2025-08-07,Customer Win-Back,Organic Search,18558,1252,6.7464,1173,341,220,87,0.4688,6307.55,48.13,13005.24,United Kingdom,Mobile,55+,Female,Conversion
2025-08-07,App Install Campaign,Facebook Ads,19191,923,4.8095,748,243,135,54,0.2814,10645.21,591.31,1700.28,United States,Mobile,35-44,Male,Conversion
2025-08-07,Clearance Blowout,Google Ads,17509,1046,5.9741,980,334,213,97,0.554,20239.33,1753.54,1054.2,Singapore,Desktop,55+,Male,Awareness
2025-08-08,Lead Gen Webinar,Referral,14151,1058,7.4765,973,351,229,85,0.6007,23414.28,101.91,22875.45,United States,Tablet,45-54,Female,Retargeting
2025-08-08,Product Launch Q1,Affiliate,13138,602,4.5821,531,159,105,17,0.1294,2995.45,457.71,554.44,United States,Mobile,55+,Female,Conversion
2025-08-08,Mid-Season Sale,YouTube Ads,7459,284,3.8075,235,38,19,4,0.0536,366.92,351.58,4.36,Australia,Desktop,35-44,Male,Consideration
2025-08-09,Free Trial Signup,TikTok Ads,29492,1702,5.7711,1335,241,104,18,0.061,2134.01,878.21,143.0,India,Mobile,35-44,Male,Awareness
2025-08-09,Product Launch Q1,Google Ads,14916,988,6.6238,912,267,185,90,0.6034,14462.92,1364.14,960.22,India,Desktop,55+,Male,Conversion
2025-08-09,Customer Win-Back,TikTok Ads,23578,1342,5.6917,1142,309,157,52,0.2205,5763.93,774.48,644.23,United States,Desktop,35-44,Male,Retargeting
2025-08-10,Customer Win-Back,Facebook Ads,35663,1561,4.3771,1395,511,256,98,0.2748,17350.89,982.72,1665.6,Canada,Desktop,25-34,Female,Conversion
2025-08-10,Holiday Gift Guide,Organic Search,23123,1195,5.168,1114,489,218,104,0.4498,7053.99,87.38,7972.77,United States,Desktop,25-34,Male,Retargeting
2025-08-10,Customer Win-Back,Email Marketing,21350,1615,7.5644,1500,479,318,131,0.6136,8758.45,210.52,4060.39,United States,Mobile,25-34,Female,Awareness
2025-08-11,Mid-Season Sale,Google Ads,16181,1117,6.9032,981,245,166,81,0.5006,9326.99,1345.02,593.45,UAE,Desktop,25-34,Male,Consideration
2025-08-11,New Year Kickoff,Google Ads,24632,959,3.8933,841,297,224,64,0.2598,8744.74,897.8,874.02,India,Mobile,55+,Male,Awareness
2025-08-11,Holiday Gift Guide,LinkedIn Ads,29594,1006,3.3993,924,192,132,62,0.2095,15639.54,3026.8,416.7,South Africa,Tablet,35-44,Female,Conversion
2025-08-11,Holiday Gift Guide,Instagram Ads,26062,1124,4.3128,907,153,74,16,0.0614,2182.76,372.26,486.35,Brazil,Mobile,18-24,Other,Retargeting
2025-08-12,Summer Sale Blast,LinkedIn Ads,21827,490,2.2449,412,138,73,25,0.1145,8691.79,1467.68,492.21,India,Desktop,25-34,Male,Consideration
2025-08-12,Holiday Gift Guide,Facebook Ads,22923,863,3.7648,850,226,129,37,0.1614,5797.43,949.49,510.58,United States,Mobile,35-44,Male,Retargeting
2025-08-13,Influencer Collab,Instagram Ads,22553,891,3.9507,713,124,65,14,0.0621,2249.61,780.24,188.32,United Kingdom,Mobile,25-34,Male,Conversion
2025-08-13,Festive Mega Offer,Google Ads,13649,1033,7.5683,918,265,156,45,0.3297,5692.99,1285.03,343.02,Germany,Desktop,45-54,Male,Retargeting
2025-08-13,Influencer Collab,Email Marketing,16301,1220,7.4842,1069,527,370,203,1.2453,30276.56,116.54,25879.54,India,Mobile,25-34,Female,Retargeting
2025-08-14,Back to School,Email Marketing,16705,1031,6.1718,1020,369,167,87,0.5208,8254.83,129.47,6275.86,United States,Desktop,35-44,Male,Retargeting
2025-08-14,Customer Win-Back,Email Marketing,16654,1236,7.4216,1139,465,189,79,0.4744,12591.85,119.7,10419.51,United Kingdom,Mobile,25-34,Male,Awareness
2025-08-14,Holiday Gift Guide,Facebook Ads,5094,241,4.7311,211,62,36,10,0.1963,809.9,210.4,284.93,India,Mobile,25-34,Female,Awareness
2025-08-15,Product Launch Q1,Facebook Ads,18307,672,3.6707,544,226,116,17,0.0929,1867.05,478.51,290.18,Australia,Mobile,18-24,Female,Conversion
2025-08-15,App Install Campaign,Instagram Ads,12482,531,4.2541,484,133,61,25,0.2003,1898.98,470.48,303.63,India,Desktop,55+,Female,Consideration
2025-08-15,Cart Abandonment Recovery,Facebook Ads,24349,1249,5.1296,1113,317,113,35,0.1437,3013.0,1141.81,163.88,United States,Mobile,55+,Female,Awareness
2025-08-15,Product Launch Q3,Instagram Ads,15328,559,3.6469,450,105,57,13,0.0848,1328.51,486.34,173.16,United States,Mobile,25-34,Male,Conversion
2025-08-15,Customer Win-Back,Organic Search,11448,713,6.2282,676,265,128,42,0.3669,3883.22,48.43,7918.21,Germany,Desktop,45-54,Male,Consideration
2025-08-16,Influencer Collab,Referral,26529,2047,7.7161,1619,806,536,230,0.867,40361.38,48.68,82811.63,India,Mobile,25-34,Female,Consideration
2025-08-17,Summer Sale Blast,Affiliate,26270,838,3.19,669,177,88,26,0.099,3426.04,681.19,402.95,UAE,Mobile,55+,Male,Retargeting
2025-08-17,Festive Mega Offer,LinkedIn Ads,18476,443,2.3977,374,100,70,26,0.1407,11079.82,1241.46,792.48,Canada,Desktop,18-24,Male,Consideration
2025-08-18,Free Trial Signup,LinkedIn Ads,23236,722,3.1072,624,208,140,53,0.2281,18031.12,2081.56,766.23,Canada,Desktop,35-44,Other,Conversion
2025-08-18,Back to School,Instagram Ads,17149,535,3.1197,419,93,52,15,0.0875,912.13,293.24,211.05,UAE,Desktop,35-44,Female,Awareness
2025-08-18,Cart Abandonment Recovery,Instagram Ads,24333,844,3.4685,689,165,87,29,0.1192,2277.78,498.46,356.96,United States,Mobile,45-54,Female,Consideration
2025-08-18,Customer Win-Back,Organic Search,1362,98,7.1953,89,45,27,10,0.7342,730.46,108.63,572.43,United States,Mobile,35-44,Female,Retargeting
2025-08-19,Back to School,Email Marketing,20335,1610,7.9174,1403,703,475,217,1.0671,27420.65,125.52,21745.64,United States,Desktop,45-54,Female,Loyalty
2025-08-19,Anniversary Sale,Affiliate,20867,717,3.436,557,139,81,15,0.0719,2143.88,390.41,449.14,UAE,Mobile,35-44,Male,Conversion
2025-08-20,Product Launch Q1,LinkedIn Ads,10554,320,3.032,256,101,70,26,0.2464,10470.87,900.42,1062.89,India,Mobile,25-34,Female,Conversion
2025-08-20,Mid-Season Sale,TikTok Ads,21317,1026,4.8131,815,222,111,42,0.197,5014.4,423.62,1083.7,Canada,Mobile,25-34,Male,Conversion
2025-08-20,Holiday Gift Guide,Facebook Ads,16874,891,5.2803,761,250,165,55,0.3259,8431.0,931.03,805.56,Canada,Mobile,25-34,Female,Conversion
2025-08-20,Mid-Season Sale,Facebook Ads,23086,1044,4.5222,919,286,137,31,0.1343,3398.98,799.14,325.33,India,Mobile,35-44,Male,Awareness
2025-08-20,Flash Weekend Deal,Facebook Ads,16167,730,4.5154,634,167,95,31,0.1917,3245.59,401.61,708.14,United States,Mobile,55+,Female,Retargeting
2025-08-21,Summer Sale Blast,Google Ads,20940,1404,6.7049,1303,399,232,102,0.4871,25594.8,885.19,2791.45,Brazil,Mobile,45-54,Male,Consideration
2025-08-21,Mid-Season Sale,YouTube Ads,16590,474,2.8571,398,42,22,4,0.0241,504.01,502.22,0.36,United States,Tablet,35-44,Female,Conversion
2025-08-22,Product Launch Q1,Email Marketing,21879,1368,6.2526,1284,583,358,121,0.553,16200.09,116.95,13752.15,United States,Mobile,18-24,Female,Awareness
2025-08-22,Referral Bonanza,Organic Search,32149,1765,5.4901,1622,578,316,105,0.3266,13327.51,71.46,18550.31,UAE,Desktop,25-34,Female,Awareness
2025-08-22,App Install Campaign,YouTube Ads,16278,533,3.2744,425,81,41,7,0.043,750.03,601.18,24.76,India,Mobile,25-34,Female,Conversion
2025-08-23,Brand Awareness Drive,Facebook Ads,10502,382,3.6374,335,96,55,24,0.2285,4342.18,413.95,948.96,India,Tablet,25-34,Female,Awareness
2025-08-23,New Year Kickoff,Organic Search,14744,906,6.1449,888,354,228,73,0.4951,14458.22,41.8,34489.04,United Kingdom,Tablet,25-34,Female,Awareness
2025-08-23,Anniversary Sale,Organic Search,12098,434,3.5874,426,132,55,22,0.1818,3549.23,76.58,4534.67,Germany,Mobile,45-54,Female,Consideration
2025-08-23,Lead Gen Webinar,Email Marketing,10679,844,7.9034,684,284,189,60,0.5619,9502.98,136.2,6877.22,India,Mobile,35-44,Male,Awareness
2025-08-23,Cart Abandonment Recovery,TikTok Ads,18899,1086,5.7463,850,129,43,14,0.0741,1778.55,612.69,190.29,United States,Desktop,25-34,Male,Consideration
2025-08-23,Lead Gen Webinar,YouTube Ads,8436,249,2.9516,196,41,14,5,0.0593,720.46,142.54,405.44,India,Desktop,18-24,Male,Retargeting
2025-08-24,Holiday Gift Guide,Email Marketing,25870,1772,6.8496,1722,697,393,167,0.6455,30594.16,118.79,25654.83,United States,Mobile,25-34,Female,Awareness
2025-08-24,Influencer Collab,Google Ads,16006,1030,6.4351,915,256,135,51,0.3186,8447.79,931.81,806.6,United States,Mobile,35-44,Female,Consideration
2025-08-24,App Install Campaign,Email Marketing,17150,1191,6.9446,1121,345,201,100,0.5831,16060.0,90.29,17687.13,UAE,Desktop,25-34,Female,Loyalty
2025-08-25,Free Trial Signup,TikTok Ads,25242,1062,4.2073,831,171,58,14,0.0555,1232.23,533.18,131.11,India,Tablet,55+,Male,Retargeting
2025-08-25,Back to School,Google Ads,9962,520,5.2198,465,185,111,39,0.3915,8655.99,432.79,1900.04,United States,Mobile,45-54,Male,Conversion
2025-08-26,Flash Weekend Deal,YouTube Ads,18691,693,3.7077,543,112,56,25,0.1338,3549.89,603.45,488.27,India,Mobile,35-44,Male,Awareness
2025-08-26,Back to School,Google Ads,20888,1366,6.5396,1221,462,271,156,0.7468,37044.26,2314.5,1500.53,United States,Mobile,18-24,Male,Conversion
2025-08-26,Clearance Blowout,Google Ads,20588,1331,6.4649,1275,395,243,108,0.5246,16290.68,1534.79,961.43,India,Desktop,35-44,Male,Consideration
2025-08-26,Influencer Collab,LinkedIn Ads,16151,347,2.1485,299,87,57,37,0.2291,10679.09,588.39,1714.97,Germany,Desktop,18-24,Female,Conversion
2025-08-27,Mid-Season Sale,Facebook Ads,20966,815,3.8872,637,134,66,23,0.1097,4244.69,609.3,596.65,UAE,Mobile,55+,Male,Loyalty
2025-08-28,Anniversary Sale,Instagram Ads,1085,41,3.7788,30,6,2,0,0.0,0.0,103.75,-100.0,Canada,Mobile,25-34,Female,Retargeting
2025-08-28,New Year Kickoff,Organic Search,17175,1072,6.2416,1019,422,234,118,0.687,9354.77,79.45,11674.41,India,Desktop,35-44,Male,Awareness
2025-08-28,Holiday Gift Guide,Referral,21391,1343,6.2783,1259,513,330,138,0.6451,14975.76,126.77,11713.33,UAE,Mobile,35-44,Male,Conversion
2025-08-28,Brand Awareness Drive,LinkedIn Ads,28114,915,3.2546,891,305,254,119,0.4233,19784.56,1785.87,1007.84,United States,Desktop,25-34,Male,Conversion
2025-08-28,Mid-Season Sale,Organic Search,18549,1101,5.9356,1089,387,191,70,0.3774,11179.4,79.49,13963.91,Germany,Desktop,35-44,Female,Conversion
2025-08-28,Product Launch Q3,Instagram Ads,11279,402,3.5641,308,65,31,8,0.0709,975.52,225.07,333.43,India,Mobile,35-44,Male,Awareness
2025-08-28,Loyalty Rewards Push,Referral,23250,1227,5.2774,1101,439,323,161,0.6925,34708.3,144.72,23883.07,United Kingdom,Mobile,18-24,Female,Loyalty
2025-08-28,Product Launch Q1,YouTube Ads,5356,196,3.6594,137,20,10,2,0.0373,242.91,273.09,-11.05,India,Mobile,25-34,Male,Retargeting
2025-08-29,Clearance Blowout,LinkedIn Ads,2156,66,3.0612,62,17,9,3,0.1391,1531.22,300.01,410.39,United States,Mobile,35-44,Other,Awareness
2025-08-29,App Install Campaign,Referral,23195,1506,6.4928,1449,603,335,105,0.4527,14699.82,31.54,46506.91,India,Mobile,45-54,Male,Awareness
2025-08-30,App Install Campaign,Affiliate,21921,925,4.2197,730,165,93,18,0.0821,3037.32,647.35,369.19,United States,Mobile,55+,Female,Loyalty
2025-08-30,Holiday Gift Guide,TikTok Ads,16604,847,5.1012,590,119,67,13,0.0783,1764.67,406.41,334.21,Canada,Mobile,25-34,Female,Awareness
2025-08-30,Product Launch Q1,Facebook Ads,31510,1150,3.6496,998,207,141,52,0.165,8144.43,578.94,1306.78,Germany,Desktop,25-34,Male,Consideration
2025-08-31,Mid-Season Sale,Instagram Ads,28045,632,2.2535,495,91,36,10,0.0357,1816.22,465.7,290.0,India,Desktop,55+,Male,Loyalty
2025-08-31,Holiday Gift Guide,Organic Search,15933,916,5.7491,832,382,217,98,0.6151,19036.53,43.36,43803.44,India,Mobile,45-54,Male,Loyalty
2025-08-31,Influencer Collab,Facebook Ads,25334,1224,4.8315,1142,353,182,52,0.2053,10298.5,846.21,1117.01,United States,Desktop,45-54,Male,Awareness
2025-08-31,Back to School,Organic Search,24731,1264,5.111,1202,522,318,122,0.4933,20260.98,20.43,99072.69,Australia,Mobile,25-34,Male,Awareness
2025-09-01,Free Trial Signup,Organic Search,18403,946,5.1405,913,370,222,70,0.3804,12199.8,131.2,9198.63,India,Mobile,35-44,Female,Conversion
2025-09-01,Flash Weekend Deal,Facebook Ads,7770,304,3.9125,249,51,26,5,0.0644,1023.68,256.31,299.39,Canada,Mobile,18-24,Male,Awareness
2025-09-02,Cart Abandonment Recovery,Facebook Ads,7084,285,4.0232,218,76,51,19,0.2682,3232.75,205.49,1473.19,Germany,Mobile,45-54,Female,Consideration
2025-09-02,Lead Gen Webinar,Referral,1384,94,6.7919,85,41,26,16,1.1561,2316.05,119.95,1830.85,United States,Mobile,25-34,Male,Awareness
2025-09-03,Flash Weekend Deal,YouTube Ads,17966,697,3.8796,509,127,79,24,0.1336,2930.96,861.43,240.24,India,Mobile,35-44,Male,Loyalty
2025-09-03,Loyalty Rewards Push,Facebook Ads,29877,946,3.1663,871,203,162,61,0.2042,6059.39,573.39,956.77,Singapore,Mobile,25-34,Male,Consideration
2025-09-03,Anniversary Sale,Email Marketing,22921,1929,8.4159,1866,882,684,267,1.1649,19147.44,231.63,8166.39,India,Mobile,18-24,Female,Conversion
2025-09-03,Holiday Gift Guide,Instagram Ads,13082,464,3.5469,395,130,52,8,0.0612,441.57,383.92,15.02,India,Desktop,45-54,Female,Retargeting
2025-09-05,Influencer Collab,TikTok Ads,20341,1188,5.8404,862,226,137,43,0.2114,4418.07,809.28,445.93,South Africa,Desktop,45-54,Male,Consideration
2025-09-05,Product Launch Q3,Facebook Ads,14577,608,4.171,509,127,69,22,0.1509,3235.84,452.97,614.36,United States,Mobile,55+,Male,Awareness
2025-09-05,Customer Win-Back,Referral,11960,762,6.3712,685,307,212,104,0.8696,11234.25,133.41,8320.85,Australia,Tablet,25-34,Female,Awareness
2025-09-05,New Year Kickoff,Organic Search,25867,1570,6.0695,1450,418,284,106,0.4098,6382.28,147.56,4225.21,United States,Desktop,18-24,Female,Consideration
2025-09-05,Influencer Collab,Google Ads,22303,1265,5.6719,1043,320,177,81,0.3632,18080.5,1528.19,1083.13,India,Mobile,18-24,Female,Awareness
2025-09-05,Flash Weekend Deal,LinkedIn Ads,22788,525,2.3038,459,169,98,47,0.2062,21048.37,1649.83,1175.79,Singapore,Tablet,18-24,Male,Conversion
2025-09-05,Free Trial Signup,Email Marketing,16917,1379,8.1516,1310,527,320,138,0.8157,18807.06,197.35,9429.8,Canada,Mobile,55+,Female,Consideration
2025-09-05,Free Trial Signup,Instagram Ads,18233,708,3.8831,652,193,130,44,0.2413,5289.99,333.09,1488.16,South Africa,Desktop,35-44,Female,Conversion
2025-09-06,Cart Abandonment Recovery,Email Marketing,21255,1694,7.9699,1504,700,388,161,0.7575,35512.78,242.6,14538.41,Canada,Mobile,18-24,Male,Retargeting
2025-09-06,Referral Bonanza,YouTube Ads,15668,512,3.2678,382,26,12,3,0.0191,280.89,421.66,-33.38,India,Mobile,45-54,Female,Consideration
2025-09-06,Free Trial Signup,Referral,19284,1493,7.7422,1283,511,394,176,0.9127,24007.01,110.74,21578.72,India,Mobile,18-24,Female,Loyalty
2025-09-06,Holiday Gift Guide,Instagram Ads,23682,1100,4.6449,943,180,117,30,0.1267,4530.82,526.14,761.14,India,Mobile,35-44,Male,Consideration
2025-09-06,New Year Kickoff,YouTube Ads,13199,498,3.773,409,79,42,13,0.0985,1443.01,423.03,241.11,India,Desktop,25-34,Female,Conversion
2025-09-06,New Year Kickoff,Referral,11474,799,6.9636,698,374,248,84,0.7321,16747.02,112.01,14851.36,Singapore,Mobile,25-34,Male,Retargeting
2025-09-07,Festive Mega Offer,TikTok Ads,13579,582,4.286,452,64,42,12,0.0884,1334.88,231.97,475.45,India,Desktop,25-34,Female,Retargeting
2025-09-07,Flash Weekend Deal,TikTok Ads,28704,1395,4.8599,1169,215,115,27,0.0941,3837.4,318.57,1104.57,Canada,Mobile,25-34,Male,Awareness
2025-09-08,Loyalty Rewards Push,Facebook Ads,19033,762,4.0036,625,142,60,26,0.1366,2353.73,615.58,282.36,United Kingdom,Mobile,18-24,Male,Awareness
2025-09-09,Clearance Blowout,YouTube Ads,28283,961,3.3978,766,218,88,21,0.0742,2226.95,723.68,207.73,Germany,Mobile,35-44,Male,Retargeting
2025-09-09,Summer Sale Blast,YouTube Ads,18963,624,3.2906,590,106,45,15,0.0791,1386.28,396.02,250.05,UAE,Mobile,55+,Male,Awareness
2025-09-09,Clearance Blowout,Facebook Ads,22448,1197,5.3323,1010,245,96,31,0.1381,2888.23,1160.86,148.8,India,Mobile,45-54,Female,Awareness
2025-09-09,Flash Weekend Deal,Instagram Ads,28188,932,3.3064,837,157,85,17,0.0603,1575.48,870.25,81.04,India,Mobile,25-34,Male,Retargeting
2025-09-09,Festive Mega Offer,LinkedIn Ads,17311,569,3.2869,500,113,72,28,0.1617,9201.11,825.2,1015.02,India,Desktop,25-34,Female,Consideration
2025-09-10,Summer Sale Blast,Affiliate,24820,1037,4.1781,943,248,107,29,0.1168,3088.19,574.0,438.01,UAE,Mobile,35-44,Female,Awareness
2025-09-10,Influencer Collab,Organic Search,12306,584,4.7457,480,220,112,43,0.3494,7832.99,45.6,17077.61,United Kingdom,Desktop,45-54,Male,Consideration
2025-09-10,New Year Kickoff,Facebook Ads,17973,998,5.5528,886,237,165,35,0.1947,2145.92,872.66,145.91,United Kingdom,Mobile,45-54,Female,Consideration
2025-09-10,Holiday Gift Guide,Affiliate,6571,327,4.9764,257,60,32,6,0.0913,613.59,200.52,206.0,Canada,Mobile,18-24,Female,Retargeting
2025-09-11,Anniversary Sale,Facebook Ads,1105,49,4.4344,40,14,8,2,0.181,438.47,148.34,195.58,Singapore,Desktop,35-44,Male,Consideration
2025-09-11,Back to School,Organic Search,25397,1326,5.2211,1300,701,412,143,0.5631,30473.05,122.22,24832.95,Australia,Mobile,55+,Female,Conversion
2025-09-11,Customer Win-Back,YouTube Ads,17720,627,3.5384,491,121,58,15,0.0847,1865.86,396.14,371.01,Germany,Mobile,25-34,Female,Loyalty
2025-09-12,Anniversary Sale,TikTok Ads,15768,805,5.1053,630,129,52,11,0.0698,1199.66,535.7,123.94,Germany,Mobile,35-44,Male,Awareness
2025-09-12,Free Trial Signup,Instagram Ads,27372,903,3.299,693,148,95,29,0.1059,2944.0,459.22,541.09,India,Desktop,35-44,Male,Consideration
2025-09-13,Back to School,Organic Search,10589,563,5.3168,515,173,111,45,0.425,10287.26,110.65,9197.12,United States,Mobile,55+,Female,Awareness
2025-09-13,Loyalty Rewards Push,TikTok Ads,18080,859,4.7511,630,142,84,25,0.1383,3231.05,471.0,586.0,South Africa,Desktop,55+,Female,Retargeting
2025-09-13,Festive Mega Offer,Facebook Ads,17700,659,3.7232,614,157,62,18,0.1017,3209.08,592.63,441.5,Brazil,Desktop,35-44,Male,Consideration
2025-09-14,Customer Win-Back,Google Ads,2712,173,6.3791,142,58,34,13,0.4794,2372.85,392.32,504.83,Australia,Mobile,25-34,Female,Conversion
2025-09-14,Summer Sale Blast,YouTube Ads,22920,916,3.9965,733,97,54,18,0.0785,901.29,740.8,21.66,Germany,Desktop,35-44,Female,Loyalty
2025-09-14,Product Launch Q3,LinkedIn Ads,10514,268,2.549,210,58,44,19,0.1807,6828.02,511.45,1235.03,Canada,Mobile,25-34,Male,Awareness
2025-09-14,New Year Kickoff,Google Ads,18875,1454,7.7033,1279,569,333,150,0.7947,36927.84,1717.24,2050.42,United States,Mobile,25-34,Female,Conversion
2025-09-14,Lead Gen Webinar,Google Ads,17300,1228,7.0983,1137,374,233,81,0.4682,14863.84,1835.03,710.01,United Kingdom,Mobile,18-24,Female,Awareness
2025-09-15,Referral Bonanza,Instagram Ads,18570,632,3.4033,540,136,49,15,0.0808,954.35,579.46,64.7,United States,Mobile,18-24,Male,Conversion
2025-09-15,Brand Awareness Drive,Referral,4230,327,7.7305,296,138,84,55,1.3002,9313.35,23.96,38770.41,India,Mobile,25-34,Male,Awareness
2025-09-16,Customer Win-Back,TikTok Ads,12127,573,4.725,422,97,55,17,0.1402,2208.77,209.85,952.55,India,Desktop,25-34,Female,Conversion
2025-09-17,Brand Awareness Drive,LinkedIn Ads,9899,324,3.2731,280,113,72,30,0.3031,7000.53,708.4,888.22,South Africa,Mobile,18-24,Female,Consideration
2025-09-17,Holiday Gift Guide,Affiliate,20125,1024,5.0882,837,344,155,42,0.2087,3900.39,677.91,475.36,India,Mobile,25-34,Male,Awareness
2025-09-18,Free Trial Signup,Affiliate,15333,615,4.011,524,126,67,29,0.1891,4596.67,230.68,1892.66,India,Tablet,35-44,Female,Consideration
2025-09-18,Brand Awareness Drive,Instagram Ads,12669,525,4.144,372,37,19,2,0.0158,229.8,288.67,-20.39,Singapore,Desktop,35-44,Female,Conversion
2025-09-18,Lead Gen Webinar,Google Ads,23262,1233,5.3005,1119,419,306,174,0.748,23774.26,1840.05,1192.04,United States,Mobile,18-24,Male,Awareness
2025-09-18,Referral Bonanza,Referral,11360,863,7.5968,756,307,210,76,0.669,6804.23,62.97,10705.51,United Kingdom,Tablet,25-34,Male,Conversion
2025-09-19,Summer Sale Blast,Affiliate,16487,744,4.5126,616,170,94,25,0.1516,3712.84,372.38,897.06,India,Tablet,35-44,Female,Awareness
2025-09-19,Flash Weekend Deal,Facebook Ads,11928,731,6.1284,667,225,103,31,0.2599,5037.57,697.82,621.9,United States,Mobile,25-34,Female,Consideration
2025-09-20,App Install Campaign,Email Marketing,40279,2805,6.9639,2492,795,424,126,0.3128,19227.4,156.43,12191.38,India,Desktop,35-44,Male,Awareness
2025-09-20,Holiday Gift Guide,Organic Search,30817,1690,5.484,1555,488,285,109,0.3537,21466.61,109.25,19549.07,India,Tablet,55+,Female,Retargeting
2025-09-20,Flash Weekend Deal,Affiliate,20695,977,4.7209,826,231,154,42,0.2029,6606.95,565.52,1068.3,United States,Mobile,45-54,Male,Awareness
2025-09-20,Festive Mega Offer,LinkedIn Ads,16780,380,2.2646,376,136,107,46,0.2741,19964.65,951.8,1997.57,United States,Mobile,55+,Female,Consideration
2025-09-21,Product Launch Q3,Organic Search,24169,1482,6.1318,1366,541,324,124,0.5131,21301.37,116.51,18182.87,UAE,Mobile,18-24,Female,Conversion
2025-09-21,Flash Weekend Deal,Instagram Ads,26106,1345,5.1521,1100,191,70,15,0.0575,2504.51,552.9,352.98,India,Mobile,18-24,Female,Loyalty
2025-09-21,Lead Gen Webinar,Facebook Ads,11506,588,5.1104,495,179,117,15,0.1304,2839.11,678.27,318.58,Australia,Tablet,25-34,Female,Consideration
2025-09-21,Cart Abandonment Recovery,Facebook Ads,13176,665,5.0471,585,169,81,29,0.2201,3791.6,331.94,1042.25,Germany,Mobile,25-34,Female,Retargeting
2025-09-22,Clearance Blowout,Organic Search,7821,346,4.424,338,117,79,23,0.2941,5159.6,108.39,4660.22,India,Desktop,25-34,Male,Awareness
2025-09-22,Lead Gen Webinar,Instagram Ads,20409,817,4.0031,660,96,49,14,0.0686,2155.86,778.45,176.94,UAE,Mobile,35-44,Female,Loyalty
2025-09-22,Clearance Blowout,Email Marketing,18750,1322,7.0507,1116,465,298,142,0.7573,16099.26,138.05,11561.91,Canada,Desktop,25-34,Male,Awareness
2025-09-22,Mid-Season Sale,Email Marketing,30057,2518,8.3774,2195,947,643,323,1.0746,34233.1,196.22,17346.28,India,Desktop,35-44,Female,Awareness
2025-09-23,Lead Gen Webinar,YouTube Ads,11578,480,4.1458,362,84,45,10,0.0864,1899.09,317.51,498.12,Canada,Mobile,45-54,Male,Consideration
2025-09-23,Referral Bonanza,Referral,21435,1576,7.3525,1457,658,493,223,1.0404,33036.83,118.23,27842.85,South Africa,Mobile,18-24,Female,Consideration
2025-09-24,Holiday Gift Guide,LinkedIn Ads,11037,375,3.3977,321,78,50,32,0.2899,7152.14,586.21,1120.06,UAE,Mobile,45-54,Female,Awareness
2025-09-24,Flash Weekend Deal,Referral,15841,1376,8.6863,1241,571,430,223,1.4077,36455.59,60.71,59948.74,Germany,Desktop,18-24,Female,Retargeting
2025-09-24,Product Launch Q3,Instagram Ads,16412,650,3.9605,589,137,76,26,0.1584,2290.19,360.53,535.23,Australia,Mobile,35-44,Female,Awareness
2025-09-24,Lead Gen Webinar,Referral,27615,2033,7.3619,1840,838,502,238,0.8619,63844.27,94.51,67452.93,South Africa,Desktop,25-34,Female,Conversion
2025-09-25,Flash Weekend Deal,Organic Search,19449,961,4.9411,951,260,136,64,0.3291,9897.97,37.48,26308.67,UAE,Desktop,45-54,Female,Awareness
2025-09-25,Clearance Blowout,Affiliate,27099,1067,3.9374,889,271,129,42,0.155,4212.28,619.96,579.44,Germany,Desktop,18-24,Male,Retargeting
2025-09-25,Anniversary Sale,Organic Search,22147,1354,6.1137,1209,389,227,102,0.4606,12098.44,41.55,29017.79,United States,Mobile,45-54,Male,Awareness
2025-09-25,Flash Weekend Deal,Google Ads,20646,1438,6.965,1389,392,169,59,0.2858,12034.0,1229.38,878.87,United Kingdom,Desktop,45-54,Male,Awareness
2025-09-26,Loyalty Rewards Push,Affiliate,14141,418,2.9559,395,87,39,12,0.0849,2145.26,363.78,489.71,India,Desktop,18-24,Female,Loyalty
2025-09-27,Brand Awareness Drive,Affiliate,17106,573,3.3497,492,152,62,19,0.1111,2285.89,476.42,379.81,United States,Mobile,35-44,Male,Awareness
2025-09-27,Mid-Season Sale,Referral,23345,1706,7.3078,1620,551,372,141,0.604,26300.29,136.48,19170.44,Germany,Mobile,25-34,Female,Consideration
2025-09-28,Lead Gen Webinar,LinkedIn Ads,23529,507,2.1548,398,105,79,42,0.1785,8891.0,1539.19,477.64,United States,Mobile,35-44,Male,Conversion
2025-09-28,Cart Abandonment Recovery,Organic Search,14775,771,5.2183,666,228,133,63,0.4264,10507.29,90.03,11570.88,India,Desktop,25-34,Female,Awareness
2025-09-28,Referral Bonanza,Instagram Ads,25094,1120,4.4632,896,147,87,27,0.1076,1721.51,816.8,110.76,United States,Tablet,35-44,Female,Consideration
2025-09-28,Loyalty Rewards Push,LinkedIn Ads,26208,953,3.6363,792,200,116,53,0.2022,23849.98,1300.84,1733.43,United States,Desktop,45-54,Male,Conversion
2025-09-28,Summer Sale Blast,Organic Search,22578,1267,5.6117,1108,358,181,88,0.3898,7913.55,60.63,12952.2,Brazil,Mobile,45-54,Other,Consideration
2025-09-29,Flash Weekend Deal,LinkedIn Ads,16059,425,2.6465,366,117,68,25,0.1557,8885.23,1189.09,647.23,India,Mobile,45-54,Male,Awareness
2025-09-29,Clearance Blowout,Google Ads,33737,2116,6.272,1498,620,357,112,0.332,11220.39,1745.02,542.99,UAE,Mobile,35-44,Female,Retargeting
2025-09-29,Customer Win-Back,Referral,27622,1522,5.5101,1363,548,437,242,0.8761,43963.12,138.34,31679.04,India,Mobile,25-34,Female,Conversion
2025-09-29,Referral Bonanza,LinkedIn Ads,18917,578,3.0555,511,140,88,42,0.222,20946.24,1375.92,1422.34,Australia,Mobile,18-24,Male,Awareness
2025-09-30,Cart Abandonment Recovery,Referral,17236,819,4.7517,798,289,221,97,0.5628,18539.99,101.51,18164.2,United States,Mobile,45-54,Male,Awareness
2025-09-30,Clearance Blowout,LinkedIn Ads,17994,445,2.473,411,123,81,38,0.2112,13518.23,1210.21,1017.02,India,Desktop,25-34,Male,Awareness
2025-09-30,Clearance Blowout,Referral,24299,1772,7.2925,1563,733,454,204,0.8395,57108.13,107.93,52812.19,United Kingdom,Desktop,25-34,Female,Awareness
2025-10-01,Loyalty Rewards Push,Organic Search,22881,1026,4.4841,976,427,192,79,0.3453,5990.37,137.05,4270.94,United States,Mobile,55+,Female,Awareness
2025-10-01,Lead Gen Webinar,Google Ads,24066,2014,8.3687,1854,623,306,125,0.5194,14214.66,2488.5,471.21,India,Mobile,45-54,Female,Awareness
2025-10-02,Summer Sale Blast,Google Ads,20964,1498,7.1456,1279,389,245,78,0.3721,9669.64,1843.25,424.6,Canada,Mobile,45-54,Female,Conversion
2025-10-02,Mid-Season Sale,Instagram Ads,21649,692,3.1965,601,172,90,32,0.1478,4041.81,669.7,503.53,Germany,Mobile,18-24,Female,Awareness
2025-10-02,Loyalty Rewards Push,Affiliate,20699,931,4.4978,752,325,163,28,0.1353,3519.89,572.97,514.32,United States,Mobile,18-24,Male,Consideration
2025-10-03,Referral Bonanza,Email Marketing,18526,1480,7.9888,1314,589,383,140,0.7557,25903.88,181.91,14139.94,UAE,Desktop,25-34,Male,Awareness
2025-10-03,Product Launch Q1,TikTok Ads,20605,948,4.6008,774,185,74,13,0.0631,1823.14,545.8,234.03,India,Mobile,25-34,Male,Awareness
2025-10-03,Summer Sale Blast,Facebook Ads,14988,518,3.4561,462,160,85,37,0.2469,7643.12,487.01,1469.4,Canada,Mobile,45-54,Other,Awareness
2025-10-03,Clearance Blowout,Email Marketing,21256,1635,7.6919,1607,724,497,189,0.8892,13763.68,161.53,8420.82,South Africa,Mobile,18-24,Male,Conversion
2025-10-03,Back to School,TikTok Ads,29337,1253,4.2711,1062,155,68,22,0.075,1738.8,610.64,184.75,United States,Mobile,55+,Male,Awareness
2025-10-03,Mid-Season Sale,Email Marketing,19543,1748,8.9444,1730,712,436,194,0.9927,13859.15,199.84,6835.12,Germany,Desktop,45-54,Female,Retargeting
2025-10-04,Festive Mega Offer,Email Marketing,17676,1317,7.4508,1201,435,225,137,0.7751,23750.42,170.31,13845.41,Germany,Desktop,25-34,Female,Loyalty
2025-10-04,Festive Mega Offer,Affiliate,21954,964,4.391,860,272,171,53,0.2414,8367.96,469.42,1682.62,United States,Desktop,35-44,Male,Awareness
2025-10-05,Free Trial Signup,Organic Search,24477,1162,4.7473,1147,418,223,107,0.4371,15620.59,45.12,34520.1,United States,Mobile,25-34,Female,Consideration
2025-10-05,Clearance Blowout,Facebook Ads,27301,1159,4.2453,1075,384,262,90,0.3297,16299.75,869.24,1775.17,United Kingdom,Desktop,35-44,Male,Consideration
2025-10-06,Festive Mega Offer,YouTube Ads,27383,1012,3.6957,750,210,121,22,0.0803,2176.3,624.09,248.72,India,Mobile,18-24,Female,Consideration
2025-10-06,Cart Abandonment Recovery,TikTok Ads,17007,1016,5.974,787,51,20,6,0.0353,329.9,619.94,-46.79,United Kingdom,Desktop,25-34,Male,Retargeting
2025-10-06,Back to School,Google Ads,21831,1016,4.6539,911,243,137,52,0.2382,6965.65,730.43,853.64,United States,Mobile,18-24,Female,Consideration
2025-10-06,Customer Win-Back,Organic Search,13076,686,5.2463,622,254,145,50,0.3824,9285.5,147.69,6187.16,India,Mobile,45-54,Female,Conversion
2025-10-06,Summer Sale Blast,Email Marketing,13712,1008,7.3512,937,431,212,104,0.7585,10869.94,170.28,6283.57,India,Mobile,25-34,Male,Conversion
2025-10-07,App Install Campaign,Organic Search,18860,747,3.9608,739,296,149,67,0.3552,5340.1,45.86,11544.35,India,Mobile,25-34,Female,Consideration
2025-10-07,Customer Win-Back,Affiliate,23580,814,3.4521,700,209,90,32,0.1357,3751.76,520.57,620.7,United Kingdom,Desktop,35-44,Male,Awareness
2025-10-08,Festive Mega Offer,YouTube Ads,21571,561,2.6007,440,113,58,14,0.0649,2153.9,631.46,241.1,India,Mobile,25-34,Male,Conversion
2025-10-08,Brand Awareness Drive,Email Marketing,24900,2044,8.2088,1980,872,597,261,1.0482,42091.12,159.43,26301.0,United States,Tablet,25-34,Male,Conversion
2025-10-08,Product Launch Q3,Organic Search,3000,115,3.8333,99,43,22,10,0.3333,1109.23,53.79,1962.15,United States,Mobile,55+,Male,Conversion
2025-10-08,Referral Bonanza,Google Ads,19934,1109,5.5634,931,314,170,40,0.2007,8562.21,1575.18,443.57,Australia,Mobile,35-44,Female,Consideration
2025-10-08,Summer Sale Blast,YouTube Ads,13833,486,3.5133,336,64,39,12,0.0867,1750.33,450.14,288.84,United Kingdom,Mobile,18-24,Male,Conversion
2025-10-08,Product Launch Q1,Facebook Ads,13539,656,4.8453,531,145,60,25,0.1847,2912.69,576.34,405.38,United Kingdom,Mobile,45-54,Female,Loyalty
2025-10-08,Referral Bonanza,Instagram Ads,20491,716,3.4942,517,63,26,6,0.0293,1068.18,662.0,61.36,India,Tablet,18-24,Male,Conversion
2025-10-08,Back to School,Referral,22069,1458,6.6066,1225,552,444,253,1.1464,68266.93,149.28,45630.79,India,Desktop,18-24,Male,Awareness
2025-10-09,Mid-Season Sale,Organic Search,7045,445,6.3165,431,120,72,28,0.3974,6360.11,77.57,8099.19,Australia,Mobile,18-24,Female,Awareness
2025-10-09,App Install Campaign,YouTube Ads,30368,1004,3.3061,830,131,70,19,0.0626,2221.92,784.48,183.23,India,Mobile,45-54,Female,Retargeting
2025-10-10,Brand Awareness Drive,TikTok Ads,18972,1004,5.292,850,217,92,25,0.1318,2638.07,383.14,588.54,India,Desktop,25-34,Female,Retargeting
2025-10-10,Referral Bonanza,TikTok Ads,27254,1361,4.9938,1139,155,67,21,0.0771,1324.65,853.22,55.25,India,Desktop,55+,Female,Conversion
2025-10-10,Brand Awareness Drive,Affiliate,7890,298,3.7769,234,69,37,7,0.0887,1169.94,317.93,267.99,United Kingdom,Mobile,35-44,Male,Conversion
2025-10-10,New Year Kickoff,YouTube Ads,12963,402,3.1011,336,59,28,8,0.0617,742.0,341.2,117.47,United States,Desktop,45-54,Female,Awareness
2025-10-10,Mid-Season Sale,LinkedIn Ads,28119,705,2.5072,647,228,106,40,0.1423,6163.22,2185.55,182.0,Singapore,Desktop,18-24,Male,Awareness
2025-10-10,Anniversary Sale,Instagram Ads,15841,521,3.2889,447,96,40,11,0.0694,621.37,476.06,30.52,United States,Mobile,18-24,Female,Consideration
2025-10-10,Summer Sale Blast,Organic Search,14697,783,5.3276,775,306,183,62,0.4219,6738.3,90.15,7374.54,India,Desktop,45-54,Female,Conversion
2025-10-11,Influencer Collab,TikTok Ads,13892,787,5.6651,610,105,40,10,0.072,718.71,498.7,44.12,UAE,Desktop,18-24,Male,Loyalty
2025-10-11,Product Launch Q3,Instagram Ads,28340,1209,4.2661,976,300,124,25,0.0882,3958.25,949.43,316.91,United States,Mobile,18-24,Female,Consideration
2025-10-11,Back to School,Organic Search,19636,1258,6.4066,1116,411,307,83,0.4227,13526.08,29.92,45107.49,Singapore,Mobile,45-54,Female,Awareness
2025-10-11,Clearance Blowout,Referral,27805,1873,6.7362,1706,809,578,279,1.0034,55553.24,125.2,44271.6,Canada,Desktop,45-54,Female,Consideration
2025-10-11,Customer Win-Back,Email Marketing,12128,1004,8.2784,912,274,152,74,0.6102,15281.19,151.09,10013.97,India,Desktop,25-34,Male,Retargeting
2025-10-12,Holiday Gift Guide,Google Ads,35040,1733,4.9458,1531,517,399,109,0.3111,19181.31,2178.38,780.53,India,Desktop,25-34,Female,Awareness
2025-10-12,Back to School,Instagram Ads,12270,411,3.3496,355,109,48,11,0.0896,1053.65,266.7,295.07,Canada,Desktop,45-54,Male,Retargeting
2025-10-12,Product Launch Q3,TikTok Ads,9099,453,4.9786,314,95,39,5,0.055,556.74,166.79,233.8,India,Tablet,55+,Female,Retargeting
2025-10-13,Mid-Season Sale,Organic Search,19288,1001,5.1898,979,268,132,65,0.337,12907.35,132.97,9606.96,United States,Mobile,18-24,Female,Consideration
2025-10-13,Flash Weekend Deal,LinkedIn Ads,25342,584,2.3045,555,152,75,26,0.1026,12892.1,1014.83,1170.37,United States,Mobile,45-54,Female,Awareness
2025-10-14,Product Launch Q1,Google Ads,18134,856,4.7204,795,244,140,57,0.3143,4796.91,1245.84,285.03,India,Desktop,25-34,Female,Consideration
2025-10-14,Customer Win-Back,Affiliate,14084,465,3.3016,384,97,53,16,0.1136,2228.25,343.08,549.48,UAE,Desktop,18-24,Male,Retargeting
2025-10-14,Lead Gen Webinar,Email Marketing,22782,1265,5.5526,1205,452,240,73,0.3204,12517.15,217.44,5656.6,United States,Mobile,35-44,Male,Consideration
2025-10-15,Flash Weekend Deal,Email Marketing,16738,1158,6.9184,1020,354,194,72,0.4302,6325.86,126.8,4888.85,United States,Desktop,45-54,Male,Awareness
2025-10-15,Loyalty Rewards Push,Instagram Ads,7221,355,4.9162,291,115,49,13,0.18,1191.29,257.65,362.37,India,Mobile,18-24,Male,Conversion
2025-10-15,Customer Win-Back,Google Ads,26548,1055,3.9739,931,331,157,53,0.1996,6851.95,1463.66,368.14,Canada,Mobile,55+,Male,Consideration
2025-10-15,Clearance Blowout,Organic Search,5528,249,4.5043,216,66,37,13,0.2352,1489.85,120.59,1135.47,United States,Mobile,35-44,Female,Consideration
2025-10-16,App Install Campaign,TikTok Ads,15175,694,4.5733,524,78,29,8,0.0527,762.3,341.33,123.33,Singapore,Mobile,25-34,Other,Conversion
2025-10-16,Clearance Blowout,Instagram Ads,10652,323,3.0323,222,43,22,7,0.0657,467.63,198.13,136.02,South Africa,Desktop,35-44,Male,Awareness
2025-10-16,Product Launch Q1,TikTok Ads,25783,1273,4.9374,1006,195,105,25,0.097,2236.09,791.73,182.43,Australia,Mobile,18-24,Female,Consideration
2025-10-16,App Install Campaign,Google Ads,16404,1003,6.1144,790,308,195,78,0.4755,17648.3,833.91,2016.33,Germany,Mobile,18-24,Female,Loyalty
2025-10-16,Cart Abandonment Recovery,Google Ads,16911,1116,6.5993,1050,398,192,50,0.2957,12565.25,1738.29,622.85,India,Mobile,35-44,Female,Conversion
2025-10-17,Influencer Collab,Instagram Ads,16156,609,3.7695,498,103,58,15,0.0928,2134.69,407.78,423.49,India,Mobile,35-44,Male,Consideration
2025-10-17,Holiday Gift Guide,LinkedIn Ads,18087,459,2.5377,431,137,100,50,0.2764,9167.38,854.13,973.3,United Kingdom,Mobile,25-34,Male,Loyalty
2025-10-17,Clearance Blowout,Organic Search,16163,838,5.1847,755,317,164,55,0.3403,7245.75,134.29,5295.6,United States,Tablet,35-44,Male,Consideration
2025-10-17,Clearance Blowout,Facebook Ads,32574,1751,5.3755,1456,441,193,62,0.1903,4644.51,1085.35,327.93,India,Desktop,25-34,Female,Consideration
2025-10-18,Clearance Blowout,Google Ads,19891,973,4.8917,869,322,242,80,0.4022,14777.65,913.95,1516.9,United Kingdom,Mobile,35-44,Male,Awareness
2025-10-18,Holiday Gift Guide,Organic Search,14300,904,6.3217,841,352,211,63,0.4406,9877.06,143.69,6773.87,India,Mobile,45-54,Male,Awareness
2025-10-18,Referral Bonanza,Referral,21688,1279,5.8973,1266,535,418,212,0.9775,62309.55,71.33,87253.92,UAE,Mobile,35-44,Male,Conversion
2025-10-18,New Year Kickoff,Instagram Ads,32066,784,2.445,760,214,101,32,0.0998,3226.48,711.23,353.65,UAE,Mobile,18-24,Male,Conversion
2025-10-18,Anniversary Sale,Referral,24853,2031,8.1721,1879,634,440,185,0.7444,24723.63,41.14,59996.33,Australia,Desktop,18-24,Female,Loyalty
2025-10-18,Anniversary Sale,Organic Search,23328,1233,5.2855,1119,418,288,132,0.5658,27210.41,46.22,58771.51,Singapore,Mobile,18-24,Male,Retargeting
2025-10-19,Anniversary Sale,Facebook Ads,13581,632,4.6536,565,127,60,16,0.1178,2438.21,357.92,581.22,Canada,Mobile,25-34,Male,Awareness
2025-10-19,Influencer Collab,Referral,23714,1674,7.0591,1554,604,361,195,0.8223,40812.2,63.16,64517.16,Australia,Mobile,35-44,Female,Consideration
2025-10-19,Back to School,Instagram Ads,19438,743,3.8224,628,140,75,21,0.108,1805.12,741.18,143.55,South Africa,Mobile,35-44,Female,Retargeting
2025-10-19,Influencer Collab,Email Marketing,17024,1206,7.0841,1187,480,298,126,0.7401,16240.05,175.07,9176.32,India,Mobile,18-24,Male,Loyalty
2025-10-19,Clearance Blowout,Organic Search,20687,1077,5.2062,984,312,180,77,0.3722,17376.05,77.22,22402.01,United States,Mobile,45-54,Male,Loyalty
2025-10-19,Clearance Blowout,Email Marketing,16413,1199,7.3052,1094,388,260,91,0.5544,7077.82,183.62,3754.6,India,Desktop,35-44,Female,Awareness
2025-10-20,Holiday Gift Guide,LinkedIn Ads,21130,688,3.256,665,229,165,71,0.336,13678.74,1265.38,981.0,South Africa,Mobile,55+,Female,Retargeting
2025-10-21,Clearance Blowout,LinkedIn Ads,16675,355,2.1289,339,96,69,40,0.2399,16225.6,529.08,2966.76,Singapore,Mobile,35-44,Male,Awareness
2025-10-21,Influencer Collab,Facebook Ads,13711,665,4.8501,582,168,79,24,0.175,3407.59,440.66,673.29,India,Mobile,25-34,Male,Awareness
2025-10-21,Mid-Season Sale,Organic Search,13800,935,6.7754,907,390,253,104,0.7536,6616.97,101.17,6440.45,India,Mobile,35-44,Female,Consideration
2025-10-22,Loyalty Rewards Push,Organic Search,15372,829,5.3929,803,345,184,90,0.5855,5669.74,34.53,16319.75,United States,Desktop,25-34,Female,Consideration
2025-10-22,New Year Kickoff,TikTok Ads,13933,661,4.7441,484,57,25,7,0.0502,482.99,428.58,12.7,Canada,Mobile,25-34,Male,Consideration
2025-10-22,Summer Sale Blast,Affiliate,14084,558,3.9619,464,127,91,28,0.1988,4028.94,442.24,811.03,Singapore,Mobile,35-44,Female,Consideration
2025-10-23,Mid-Season Sale,Email Marketing,24176,1721,7.1186,1510,687,394,149,0.6163,33693.72,183.83,18228.74,India,Desktop,25-34,Male,Awareness
2025-10-23,Brand Awareness Drive,Google Ads,2589,176,6.798,163,62,37,18,0.6952,1326.52,244.98,441.48,India,Mobile,25-34,Female,Retargeting
2025-10-23,Free Trial Signup,Instagram Ads,500,26,5.2,20,5,2,0,0.0,0.0,105.28,-100.0,Australia,Desktop,18-24,Male,Awareness
2025-10-23,New Year Kickoff,Email Marketing,14337,1316,9.179,1222,425,268,109,0.7603,16674.23,123.81,13367.6,United States,Mobile,35-44,Female,Retargeting
2025-10-23,Clearance Blowout,Affiliate,16775,585,3.4873,501,145,79,30,0.1788,3045.09,297.13,924.83,Australia,Desktop,35-44,Male,Conversion
2025-10-23,Lead Gen Webinar,Email Marketing,17572,1563,8.8948,1529,663,413,190,1.0813,17296.56,211.81,8066.07,Australia,Mobile,35-44,Male,Awareness
2025-10-24,Summer Sale Blast,Instagram Ads,12850,448,3.4864,379,88,43,17,0.1323,2596.47,334.21,676.9,India,Tablet,25-34,Male,Retargeting
2025-10-24,Holiday Gift Guide,Email Marketing,9900,611,6.1717,550,216,112,37,0.3737,8011.52,103.27,7657.84,India,Mobile,55+,Male,Retargeting
2025-10-25,Customer Win-Back,Email Marketing,21061,1771,8.4089,1753,727,474,211,1.0019,40165.52,206.76,19326.16,United States,Tablet,55+,Female,Conversion
2025-10-25,Clearance Blowout,Instagram Ads,12418,504,4.0586,432,88,39,8,0.0644,1210.66,386.65,213.12,United States,Mobile,25-34,Female,Consideration
2025-10-25,Cart Abandonment Recovery,Google Ads,19122,888,4.6439,879,323,187,90,0.4707,17347.4,770.07,2152.7,United Kingdom,Desktop,25-34,Female,Consideration
2025-10-25,Flash Weekend Deal,Referral,23644,1401,5.9254,1184,613,402,199,0.8417,48573.75,27.51,176467.61,India,Desktop,35-44,Female,Conversion
2025-10-25,Free Trial Signup,Referral,27288,2128,7.7983,1929,841,586,282,1.0334,48017.34,81.07,59129.48,South Africa,Mobile,25-34,Male,Consideration
2025-10-25,Summer Sale Blast,Email Marketing,23263,1734,7.4539,1557,551,326,103,0.4428,21060.59,207.93,10028.69,United States,Mobile,35-44,Other,Retargeting
2025-10-26,Summer Sale Blast,Email Marketing,6933,585,8.4379,536,199,119,64,0.9231,11321.94,141.39,7907.6,United Kingdom,Desktop,25-34,Female,Loyalty
2025-10-26,Loyalty Rewards Push,LinkedIn Ads,20871,506,2.4244,395,95,67,28,0.1342,11173.1,1267.89,781.24,United States,Desktop,35-44,Male,Conversion
2025-10-26,Mid-Season Sale,YouTube Ads,12288,512,4.1667,420,71,32,8,0.0651,1315.82,543.41,142.14,Canada,Desktop,35-44,Male,Loyalty
2025-10-26,Holiday Gift Guide,Referral,19078,1117,5.8549,999,388,255,133,0.6971,32061.2,105.77,30212.19,Singapore,Tablet,25-34,Female,Conversion
2025-10-26,Clearance Blowout,YouTube Ads,16982,500,2.9443,400,121,53,22,0.1295,1832.17,633.18,189.36,India,Mobile,35-44,Female,Awareness
2025-10-26,Festive Mega Offer,Google Ads,25930,1854,7.15,1728,587,341,127,0.4898,31908.49,1550.91,1957.4,United States,Desktop,18-24,Female,Conversion
2025-10-26,Anniversary Sale,TikTok Ads,11302,573,5.0699,491,105,47,13,0.115,746.92,315.23,136.94,Australia,Tablet,55+,Female,Retargeting
2025-10-28,Flash Weekend Deal,YouTube Ads,19883,838,4.2147,731,201,108,25,0.1257,4576.14,719.25,536.24,UAE,Mobile,45-54,Female,Conversion
2025-10-28,Flash Weekend Deal,Affiliate,13086,535,4.0883,452,140,58,19,0.1452,1709.94,339.27,404.01,United States,Mobile,25-34,Female,Awareness
2025-10-29,Mid-Season Sale,Organic Search,15118,856,5.6621,778,261,137,39,0.258,8591.98,128.55,6583.77,India,Desktop,45-54,Female,Consideration
2025-10-30,Customer Win-Back,YouTube Ads,24164,981,4.0598,805,153,63,16,0.0662,3032.05,1006.14,201.35,United States,Mobile,18-24,Male,Conversion
2025-10-31,Free Trial Signup,Facebook Ads,27565,1090,3.9543,930,269,139,35,0.127,5599.83,1005.56,456.89,Singapore,Mobile,35-44,Other,Consideration
2025-10-31,Customer Win-Back,Facebook Ads,16287,874,5.3662,729,172,100,33,0.2026,5231.1,424.36,1132.7,Australia,Mobile,18-24,Female,Conversion
2025-11-01,Back to School,Email Marketing,35116,3271,9.3148,3012,1027,499,266,0.7575,27817.36,362.62,7571.22,United States,Desktop,25-34,Male,Conversion
2025-11-01,Brand Awareness Drive,Instagram Ads,32923,945,2.8703,840,225,171,79,0.24,12653.43,641.76,1871.68,Australia,Mobile,35-44,Male,Conversion
2025-11-02,Loyalty Rewards Push,YouTube Ads,33113,911,2.7512,769,209,95,26,0.0785,2251.61,701.33,221.05,United States,Desktop,45-54,Female,Retargeting
2025-11-02,Free Trial Signup,Affiliate,29847,1553,5.2032,1241,293,174,41,0.1374,5262.05,978.67,437.67,India,Mobile,18-24,Female,Retargeting
2025-11-02,App Install Campaign,TikTok Ads,33244,1855,5.58,1412,241,75,22,0.0662,2443.21,856.25,185.34,Singapore,Desktop,18-24,Female,Retargeting
2025-11-02,Flash Weekend Deal,Google Ads,31101,1351,4.3439,1256,385,222,91,0.2926,14389.62,1906.03,654.95,India,Desktop,45-54,Male,Awareness
2025-11-03,Customer Win-Back,LinkedIn Ads,13955,485,3.4755,442,179,111,55,0.3941,15581.52,1236.76,1159.87,Australia,Tablet,25-34,Female,Consideration
2025-11-05,Lead Gen Webinar,Google Ads,26898,1457,5.4168,1360,421,223,85,0.316,15171.51,1531.34,890.73,India,Desktop,18-24,Female,Retargeting
2025-11-05,Free Trial Signup,Organic Search,9622,580,6.0279,510,204,140,63,0.6547,4197.03,100.54,4074.49,India,Mobile,25-34,Female,Consideration
2025-11-06,Product Launch Q3,Email Marketing,39048,2778,7.1143,2590,926,455,212,0.5429,33902.82,131.7,25642.46,UAE,Mobile,18-24,Female,Loyalty
2025-11-06,Loyalty Rewards Push,Email Marketing,25255,1297,5.1356,1081,447,259,123,0.487,8975.47,138.35,6387.51,Australia,Desktop,18-24,Female,Awareness
2025-11-06,Cart Abandonment Recovery,Facebook Ads,32805,1284,3.914,1131,377,234,78,0.2378,6992.92,561.37,1145.69,United States,Mobile,35-44,Male,Awareness
2025-11-06,Brand Awareness Drive,Instagram Ads,10016,322,3.2149,275,54,22,9,0.0899,914.06,125.08,630.78,India,Desktop,25-34,Female,Consideration
2025-11-06,Lead Gen Webinar,TikTok Ads,17115,910,5.317,809,100,33,4,0.0234,418.55,401.21,4.32,UAE,Mobile,25-34,Male,Awareness
2025-11-06,New Year Kickoff,Organic Search,23186,1329,5.7319,1217,452,279,148,0.6383,15164.11,37.57,40262.28,India,Mobile,45-54,Female,Conversion
2025-11-06,Anniversary Sale,Affiliate,27442,1094,3.9866,930,268,165,54,0.1968,6022.55,573.65,949.86,Canada,Mobile,25-34,Female,Awareness
2025-11-06,Lead Gen Webinar,Google Ads,28182,2129,7.5545,1984,692,418,154,0.5464,18364.64,1237.93,1383.5,Germany,Desktop,55+,Female,Conversion
2025-11-07,Anniversary Sale,LinkedIn Ads,14362,390,2.7155,363,101,80,26,0.181,8730.78,1040.73,738.91,UAE,Mobile,18-24,Male,Consideration
2025-11-07,Summer Sale Blast,YouTube Ads,10188,308,3.0232,229,52,29,9,0.0883,655.83,184.61,255.25,United Kingdom,Mobile,35-44,Male,Consideration
2025-11-08,Brand Awareness Drive,Google Ads,36949,2402,6.5009,2127,453,273,115,0.3112,18217.61,1386.22,1214.19,India,Desktop,35-44,Male,Conversion
2025-11-09,Product Launch Q3,TikTok Ads,11970,427,3.5673,364,78,31,7,0.0585,865.74,202.84,326.81,India,Mobile,25-34,Male,Conversion
2025-11-09,Lead Gen Webinar,Facebook Ads,19578,824,4.2088,738,155,79,29,0.1481,2610.84,367.5,610.43,UAE,Mobile,35-44,Female,Awareness
2025-11-09,Anniversary Sale,Google Ads,31495,1784,5.6644,1698,447,310,98,0.3112,9104.18,2487.18,266.04,India,Desktop,25-34,Female,Awareness
2025-11-09,Loyalty Rewards Push,TikTok Ads,30545,1591,5.2087,1276,276,137,33,0.108,1442.41,889.02,62.25,India,Mobile,45-54,Other,Awareness
2025-11-10,Anniversary Sale,LinkedIn Ads,25368,500,1.971,479,135,96,30,0.1183,7593.02,1107.02,585.9,United Kingdom,Mobile,25-34,Female,Conversion
2025-11-10,Holiday Gift Guide,Organic Search,30202,1449,4.7977,1347,509,317,103,0.341,23286.8,57.0,40754.04,United States,Desktop,35-44,Male,Loyalty
2025-11-10,Flash Weekend Deal,TikTok Ads,25280,1225,4.8457,977,277,139,41,0.1622,3980.36,485.64,719.61,India,Mobile,18-24,Male,Awareness
2025-11-11,Influencer Collab,Organic Search,23963,1196,4.991,1184,511,263,117,0.4883,12236.84,39.39,30965.85,United States,Desktop,18-24,Male,Consideration
2025-11-11,App Install Campaign,Google Ads,29534,2066,6.9953,1924,539,383,134,0.4537,19319.44,1226.55,1475.1,Canada,Mobile,18-24,Female,Awareness
2025-11-11,Free Trial Signup,TikTok Ads,24149,1233,5.1058,1079,231,68,18,0.0745,2565.68,637.95,302.18,India,Mobile,25-34,Female,Awareness
2025-11-11,Product Launch Q1,Google Ads,23256,1136,4.8848,1000,339,200,59,0.2537,11794.62,972.25,1113.13,India,Mobile,55+,Male,Conversion
2025-11-11,Mid-Season Sale,Organic Search,23135,858,3.7087,807,347,161,66,0.2853,12050.13,116.52,10241.68,Canada,Desktop,25-34,Male,Awareness
2025-11-11,Anniversary Sale,Referral,17940,1054,5.8751,974,406,272,158,0.8807,44223.12,28.05,157558.18,India,Desktop,25-34,Female,Awareness
2025-11-11,Summer Sale Blast,Email Marketing,25718,2070,8.0488,1816,667,328,79,0.3072,13447.9,194.21,6824.41,India,Mobile,25-34,Male,Awareness
2025-11-11,Influencer Collab,Referral,24072,1613,6.7007,1534,545,392,163,0.6771,14235.82,39.46,35976.58,United States,Tablet,18-24,Other,Conversion
2025-11-12,Festive Mega Offer,Facebook Ads,34898,1298,3.7194,1057,310,162,70,0.2006,4224.88,864.24,388.85,India,Desktop,25-34,Male,Loyalty
2025-11-12,Referral Bonanza,Email Marketing,19694,1413,7.1748,1398,716,436,161,0.8175,29660.02,254.37,11560.19,Australia,Mobile,25-34,Female,Awareness
2025-11-12,Cart Abandonment Recovery,Affiliate,32632,1281,3.9256,1111,310,181,40,0.1226,6171.1,772.32,699.03,Australia,Mobile,55+,Female,Consideration
2025-11-12,Cart Abandonment Recovery,YouTube Ads,20329,563,2.7694,429,91,57,22,0.1082,3375.91,327.06,932.2,UAE,Mobile,55+,Male,Awareness
2025-11-13,Back to School,Organic Search,16956,784,4.6237,714,216,114,44,0.2595,3592.21,26.02,13705.57,Canada,Desktop,25-34,Other,Consideration
2025-11-13,Flash Weekend Deal,YouTube Ads,24645,945,3.8344,874,193,113,36,0.1461,5947.75,511.35,1063.15,United States,Desktop,45-54,Female,Conversion
2025-11-13,Holiday Gift Guide,YouTube Ads,24695,700,2.8346,614,157,84,20,0.081,3668.8,643.4,470.22,United States,Mobile,35-44,Male,Conversion
2025-11-14,Summer Sale Blast,YouTube Ads,31040,1000,3.2216,711,156,60,7,0.0226,1006.6,499.39,101.57,India,Mobile,35-44,Female,Awareness
2025-11-14,Summer Sale Blast,Referral,30086,2391,7.9472,2345,1067,647,314,1.0437,82980.39,26.97,307576.64,United States,Mobile,25-34,Female,Awareness
2025-11-14,Lead Gen Webinar,Referral,40615,3114,7.6671,2666,1072,809,431,1.0612,96499.63,40.66,237233.08,UAE,Mobile,45-54,Female,Retargeting
2025-11-15,Lead Gen Webinar,TikTok Ads,27438,1474,5.3721,1256,323,197,39,0.1421,3985.65,852.03,367.78,United Kingdom,Tablet,18-24,Female,Retargeting
2025-11-15,Mid-Season Sale,YouTube Ads,24530,780,3.1798,723,131,53,15,0.0611,869.76,465.72,86.76,India,Mobile,35-44,Female,Awareness
2025-11-16,Brand Awareness Drive,Email Marketing,21972,1794,8.1649,1711,666,380,143,0.6508,15857.12,170.73,9187.83,United States,Mobile,25-34,Female,Retargeting
2025-11-16,Summer Sale Blast,Google Ads,21998,1592,7.237,1396,340,167,60,0.2728,14398.42,1929.72,646.14,United Kingdom,Tablet,35-44,Female,Retargeting
2025-11-17,Free Trial Signup,Affiliate,21945,711,3.2399,652,166,91,34,0.1549,4437.25,307.79,1341.65,UAE,Mobile,25-34,Male,Consideration
2025-11-17,Anniversary Sale,TikTok Ads,25458,1284,5.0436,1081,120,24,9,0.0354,969.51,519.47,86.63,India,Mobile,45-54,Other,Consideration
2025-11-17,Mid-Season Sale,Facebook Ads,30877,1507,4.8807,1327,312,175,66,0.2138,5925.45,696.0,751.36,India,Desktop,45-54,Male,Conversion
2025-11-17,Anniversary Sale,TikTok Ads,21963,893,4.0659,761,224,96,13,0.0592,1745.64,263.32,562.93,United States,Desktop,25-34,Female,Awareness
2025-11-17,Flash Weekend Deal,Instagram Ads,39500,1519,3.8456,1197,210,127,34,0.0861,4303.33,943.48,356.11,Canada,Mobile,45-54,Female,Retargeting
2025-11-17,Cart Abandonment Recovery,Google Ads,26263,1707,6.4996,1409,577,395,165,0.6283,30197.93,2462.26,1126.43,India,Mobile,25-34,Male,Conversion
2025-11-17,Anniversary Sale,Facebook Ads,23845,1011,4.2399,850,274,155,45,0.1887,7063.3,726.77,871.88,United States,Mobile,55+,Female,Consideration
2025-11-18,Lead Gen Webinar,Google Ads,16707,907,5.4289,876,311,202,102,0.6105,19376.33,805.65,2305.06,UAE,Mobile,18-24,Male,Awareness
2025-11-18,Summer Sale Blast,Referral,20929,1555,7.4299,1366,611,443,226,1.0798,24896.09,102.19,24262.55,Australia,Tablet,35-44,Female,Consideration
2025-11-18,Holiday Gift Guide,Google Ads,31553,1445,4.5796,1286,527,347,132,0.4183,26625.7,946.96,2711.7,India,Mobile,55+,Female,Consideration
2025-11-18,Free Trial Signup,Facebook Ads,21415,1120,5.23,992,287,131,43,0.2008,3868.76,1012.08,282.26,UAE,Mobile,45-54,Male,Consideration
2025-11-18,New Year Kickoff,Facebook Ads,25796,1324,5.1326,1139,514,214,86,0.3334,17781.61,825.02,2055.29,United Kingdom,Mobile,25-34,Female,Consideration
2025-11-18,Influencer Collab,Affiliate,5076,193,3.8022,162,31,13,3,0.0591,188.13,216.34,-13.04,India,Mobile,25-34,Male,Conversion
2025-11-19,Referral Bonanza,Facebook Ads,36171,1511,4.1774,1321,425,244,64,0.1769,10346.78,1386.64,646.18,India,Mobile,18-24,Male,Consideration
2025-11-19,Flash Weekend Deal,TikTok Ads,18132,855,4.7154,653,134,69,19,0.1048,2611.47,404.28,545.96,Canada,Desktop,35-44,Male,Consideration
2025-11-20,Holiday Gift Guide,Google Ads,17423,950,5.4526,940,422,276,74,0.4247,10043.06,1218.05,724.52,United States,Desktop,35-44,Female,Awareness
2025-11-20,Anniversary Sale,Google Ads,21009,1075,5.1169,954,264,171,83,0.3951,16548.97,905.83,1726.94,Canada,Mobile,35-44,Male,Consideration
2025-11-20,App Install Campaign,YouTube Ads,20499,741,3.6148,566,128,73,15,0.0732,2444.0,891.15,174.25,United States,Desktop,55+,Female,Retargeting
2025-11-21,Customer Win-Back,TikTok Ads,21466,1040,4.8449,796,139,74,19,0.0885,2197.33,601.87,265.08,United Kingdom,Desktop,35-44,Female,Consideration
2025-11-21,Brand Awareness Drive,Referral,25985,1793,6.9001,1638,657,475,257,0.989,22205.4,87.15,25379.52,Australia,Mobile,35-44,Male,Loyalty
2025-11-22,Holiday Gift Guide,Affiliate,37546,1994,5.3108,1711,405,154,70,0.1864,4355.54,931.64,367.51,Singapore,Desktop,25-34,Female,Loyalty
2025-11-22,Flash Weekend Deal,Referral,30663,2330,7.5987,2077,1124,758,471,1.5361,73532.77,117.31,62582.44,India,Desktop,25-34,Male,Consideration
2025-11-23,Mid-Season Sale,Instagram Ads,22432,956,4.2618,786,269,128,34,0.1516,6793.69,776.09,775.37,United States,Mobile,35-44,Male,Awareness
2025-11-23,Back to School,Referral,36062,3407,9.4476,3372,1684,1309,639,1.7719,164919.29,79.57,207163.15,UAE,Mobile,45-54,Male,Retargeting
2025-11-23,App Install Campaign,Email Marketing,39177,2309,5.8938,2083,872,456,168,0.4288,33905.58,210.45,16010.99,Canada,Desktop,25-34,Other,Consideration
2025-11-24,Customer Win-Back,Affiliate,11215,319,2.8444,279,78,37,6,0.0535,287.75,208.31,38.14,United States,Desktop,25-34,Female,Retargeting
2025-11-24,Lead Gen Webinar,LinkedIn Ads,21783,594,2.7269,475,157,114,55,0.2525,19889.85,1799.74,1005.15,Brazil,Desktop,45-54,Male,Conversion
2025-11-24,Referral Bonanza,Email Marketing,37961,2706,7.1284,2478,987,591,203,0.5348,37705.98,218.88,17126.78,Singapore,Mobile,35-44,Male,Consideration
2025-11-25,Clearance Blowout,Google Ads,19893,1074,5.3989,975,285,214,78,0.3921,20088.8,780.91,2472.49,India,Mobile,18-24,Male,Consideration
2025-11-25,Summer Sale Blast,Referral,24681,1736,7.0338,1569,657,435,222,0.8995,33066.73,95.42,34553.88,UAE,Desktop,25-34,Male,Awareness
2025-11-25,Influencer Collab,YouTube Ads,22535,543,2.4096,411,59,27,8,0.0355,1279.78,518.96,146.6,Germany,Mobile,18-24,Male,Conversion
2025-11-26,Brand Awareness Drive,Google Ads,26349,1796,6.8162,1672,576,373,145,0.5503,13080.4,2648.0,393.97,Canada,Mobile,25-34,Male,Awareness
2025-11-26,App Install Campaign,Organic Search,5001,311,6.2188,307,133,71,27,0.5399,5532.16,126.13,4286.08,United States,Desktop,18-24,Female,Awareness
2025-11-26,Festive Mega Offer,Email Marketing,15044,908,6.0356,837,310,132,60,0.3988,13289.28,88.09,14986.03,South Africa,Desktop,25-34,Female,Conversion
2025-11-26,Clearance Blowout,Organic Search,43535,2583,5.9332,2524,919,731,236,0.5421,38075.47,129.0,29415.87,UAE,Mobile,25-34,Male,Awareness
2025-11-26,Customer Win-Back,Email Marketing,31995,2100,6.5635,1559,560,365,152,0.4751,35000.1,292.39,11870.35,UAE,Mobile,45-54,Female,Conversion
2025-11-27,Festive Mega Offer,YouTube Ads,36323,1140,3.1385,919,160,52,19,0.0523,2069.92,1150.99,79.84,India,Mobile,25-34,Female,Consideration
2025-11-28,Anniversary Sale,Google Ads,18300,1193,6.5191,1104,415,207,78,0.4262,14863.22,896.59,1557.75,United States,Mobile,45-54,Male,Awareness
2025-11-28,Lead Gen Webinar,Email Marketing,26506,2046,7.719,1924,677,420,191,0.7206,14970.0,274.11,5361.31,India,Mobile,35-44,Male,Awareness
2025-11-28,App Install Campaign,Instagram Ads,26064,1083,4.1552,914,163,82,14,0.0537,1878.18,387.46,384.74,United States,Mobile,45-54,Male,Awareness
2025-11-29,Back to School,Google Ads,24681,2089,8.464,2068,868,581,314,1.2722,28616.53,1991.77,1336.74,India,Mobile,45-54,Female,Retargeting
2025-11-29,Loyalty Rewards Push,Organic Search,16448,953,5.794,943,348,170,47,0.2857,10283.83,33.49,30607.17,United States,Desktop,18-24,Female,Conversion
2025-11-29,Cart Abandonment Recovery,Affiliate,22834,952,4.1692,757,200,119,47,0.2058,8415.0,631.4,1232.75,UAE,Mobile,35-44,Female,Loyalty
2025-11-29,Referral Bonanza,Instagram Ads,22668,870,3.838,670,145,82,26,0.1147,3102.07,571.14,443.14,United States,Desktop,35-44,Female,Retargeting
2025-11-29,Cart Abandonment Recovery,Instagram Ads,28764,1278,4.4431,1155,240,123,37,0.1286,4315.68,588.42,633.44,Australia,Desktop,25-34,Female,Loyalty
2025-11-30,Free Trial Signup,Referral,34880,2420,6.9381,2110,972,563,267,0.7655,29318.24,101.71,28725.33,United Kingdom,Mobile,35-44,Male,Retargeting
2025-11-30,Product Launch Q3,Instagram Ads,27816,868,3.1205,720,217,104,33,0.1186,2613.97,615.41,324.75,India,Mobile,25-34,Male,Awareness
2025-12-01,Cart Abandonment Recovery,YouTube Ads,16988,520,3.061,443,103,43,8,0.0471,1057.98,428.03,147.17,United States,Desktop,25-34,Female,Loyalty
2025-12-01,Free Trial Signup,Affiliate,13585,529,3.894,483,106,64,23,0.1693,1263.13,411.59,206.89,India,Desktop,35-44,Other,Conversion
2025-12-01,Summer Sale Blast,Referral,30507,2002,6.5624,1907,683,521,237,0.7769,19237.6,64.1,29911.86,United States,Mobile,45-54,Female,Consideration
2025-12-01,Product Launch Q1,Referral,25478,1779,6.9825,1557,614,441,187,0.734,18630.8,139.5,13255.41,India,Desktop,35-44,Male,Retargeting
2025-12-01,Mid-Season Sale,Referral,37553,2258,6.0128,2175,742,611,350,0.932,86284.3,145.48,59210.08,United States,Desktop,18-24,Female,Awareness
2025-12-01,Holiday Gift Guide,Facebook Ads,8619,394,4.5713,324,87,39,17,0.1972,3701.83,194.51,1803.16,South Africa,Mobile,25-34,Male,Awareness
2025-12-02,Holiday Gift Guide,Affiliate,13852,590,4.2593,508,104,60,21,0.1516,1726.77,223.91,671.19,India,Desktop,25-34,Female,Conversion
2025-12-02,App Install Campaign,YouTube Ads,33600,1213,3.6101,1086,273,134,43,0.128,4342.23,998.72,334.78,United States,Mobile,25-34,Male,Awareness
2025-12-02,Flash Weekend Deal,Referral,30633,2123,6.9304,1972,756,511,224,0.7312,25232.43,143.43,17492.16,Germany,Tablet,25-34,Male,Conversion
2025-12-02,Anniversary Sale,Referral,24238,1990,8.2102,1963,920,638,305,1.2584,79133.03,130.33,60617.43,Singapore,Tablet,45-54,Male,Awareness
2025-12-02,Loyalty Rewards Push,Affiliate,19383,634,3.2709,572,141,76,19,0.098,3371.92,310.45,986.14,India,Desktop,18-24,Female,Retargeting
2025-12-03,Brand Awareness Drive,LinkedIn Ads,18602,511,2.747,449,136,100,51,0.2742,25675.43,1536.46,1571.08,UAE,Mobile,45-54,Female,Retargeting
2025-12-04,Product Launch Q3,TikTok Ads,14440,739,5.1177,543,125,55,5,0.0346,632.95,470.31,34.58,India,Mobile,25-34,Male,Awareness
2025-12-04,Brand Awareness Drive,TikTok Ads,17636,902,5.1145,621,94,34,13,0.0737,1333.69,353.82,276.94,Singapore,Mobile,18-24,Male,Consideration
2025-12-04,Lead Gen Webinar,Email Marketing,20386,1228,6.0237,1166,506,278,92,0.4513,8141.24,179.01,4447.92,UAE,Mobile,18-24,Female,Retargeting
2025-12-04,New Year Kickoff,Facebook Ads,25584,1153,4.5067,1098,174,115,36,0.1407,3697.0,639.49,478.12,United States,Mobile,35-44,Male,Consideration
2025-12-04,Customer Win-Back,Referral,22677,2060,9.0841,1855,860,618,253,1.1157,61395.64,139.7,43848.2,Germany,Mobile,45-54,Female,Consideration
2025-12-04,Free Trial Signup,YouTube Ads,20497,831,4.0543,569,135,73,24,0.1171,3764.64,799.33,370.97,United States,Mobile,25-34,Male,Conversion
2025-12-05,Back to School,LinkedIn Ads,25850,803,3.1064,688,263,201,89,0.3443,27010.94,1801.96,1398.98,United States,Desktop,55+,Male,Consideration
2025-12-05,Lead Gen Webinar,TikTok Ads,30322,1587,5.2338,1252,242,131,38,0.1253,3065.8,590.55,419.14,United States,Tablet,18-24,Male,Loyalty
2025-12-05,Festive Mega Offer,YouTube Ads,19987,721,3.6073,563,143,61,13,0.065,2306.12,813.27,183.56,India,Desktop,35-44,Female,Awareness
2025-12-05,Festive Mega Offer,Referral,38044,2325,6.1113,2114,791,458,227,0.5967,63446.13,56.89,111424.22,Australia,Desktop,35-44,Other,Awareness
2025-12-05,Mid-Season Sale,Organic Search,28508,1546,5.423,1530,424,222,82,0.2876,13668.01,78.83,17238.59,Canada,Mobile,25-34,Male,Awareness
2025-12-06,Lead Gen Webinar,Google Ads,40312,2114,5.2441,1965,953,614,145,0.3597,15061.98,3282.08,358.92,Germany,Desktop,25-34,Female,Awareness
2025-12-06,Holiday Gift Guide,Email Marketing,15305,1495,9.768,1259,574,343,150,0.9801,26395.88,156.56,16759.91,India,Desktop,25-34,Male,Consideration
2025-12-06,Anniversary Sale,Affiliate,21755,769,3.5348,641,148,78,34,0.1563,5113.78,404.24,1165.04,United States,Tablet,35-44,Female,Conversion
2025-12-06,Referral Bonanza,Referral,24426,1254,5.1339,1148,503,338,149,0.61,12335.53,122.38,9979.69,United States,Mobile,45-54,Male,Awareness
2025-12-06,Anniversary Sale,Facebook Ads,6564,244,3.7172,204,43,25,4,0.0609,632.9,199.9,216.61,India,Mobile,45-54,Male,Conversion
2025-12-07,Holiday Gift Guide,YouTube Ads,21916,880,4.0153,775,163,93,21,0.0958,3894.09,973.34,300.07,India,Mobile,25-34,Female,Consideration
2025-12-07,Flash Weekend Deal,Email Marketing,33120,1915,5.782,1844,808,542,274,0.8273,33961.96,144.84,23347.91,India,Mobile,55+,Female,Conversion
2025-12-07,Lead Gen Webinar,Email Marketing,34909,2687,7.6972,2476,997,652,229,0.656,18936.52,237.25,7881.67,India,Desktop,45-54,Male,Awareness
2025-12-07,Loyalty Rewards Push,Facebook Ads,681,36,5.2863,30,9,6,3,0.4405,463.41,81.01,472.04,Australia,Desktop,25-34,Female,Awareness
2025-12-07,Referral Bonanza,TikTok Ads,24585,1038,4.2221,767,85,38,7,0.0285,553.45,338.41,63.54,India,Desktop,35-44,Female,Awareness
2025-12-08,App Install Campaign,Email Marketing,7540,713,9.4562,683,234,143,62,0.8223,5332.41,165.87,3114.81,India,Desktop,25-34,Female,Awareness
2025-12-08,Customer Win-Back,TikTok Ads,16399,980,5.976,796,132,68,14,0.0854,490.96,368.02,33.41,Australia,Mobile,35-44,Other,Loyalty
2025-12-08,Referral Bonanza,TikTok Ads,28238,999,3.5378,676,165,79,20,0.0708,1567.9,354.64,342.11,India,Mobile,25-34,Male,Consideration
2025-12-08,Product Launch Q3,Referral,25576,1619,6.3302,1373,607,449,198,0.7742,55754.68,45.22,123196.51,UAE,Mobile,35-44,Female,Awareness
2025-12-08,Product Launch Q1,TikTok Ads,33623,1755,5.2196,1302,261,105,20,0.0595,800.18,595.91,34.28,India,Mobile,25-34,Male,Conversion
2025-12-09,Holiday Gift Guide,TikTok Ads,33920,2086,6.1498,1683,315,127,38,0.112,2375.05,965.23,146.06,United Kingdom,Tablet,25-34,Male,Consideration
2025-12-09,Referral Bonanza,Facebook Ads,23090,639,2.7674,535,207,114,33,0.1429,7175.14,467.91,1433.44,United Kingdom,Mobile,35-44,Other,Consideration
2025-12-10,Anniversary Sale,Organic Search,22463,1282,5.7072,1129,385,185,84,0.3739,10477.85,58.63,17771.14,Germany,Tablet,18-24,Male,Consideration
2025-12-10,Flash Weekend Deal,TikTok Ads,18439,939,5.0925,680,146,72,23,0.1247,2403.42,382.49,528.36,United Kingdom,Mobile,45-54,Male,Loyalty
2025-12-12,Lead Gen Webinar,YouTube Ads,24236,655,2.7026,465,125,64,21,0.0866,3169.4,772.91,310.06,India,Desktop,35-44,Female,Conversion
2025-12-13,Cart Abandonment Recovery,TikTok Ads,27167,1176,4.3288,970,138,45,10,0.0368,853.73,503.23,69.65,Canada,Mobile,35-44,Female,Consideration
2025-12-13,Referral Bonanza,Google Ads,24893,1431,5.7486,1272,382,242,68,0.2732,11468.77,1605.69,614.26,Singapore,Mobile,18-24,Female,Conversion
2025-12-14,Anniversary Sale,YouTube Ads,20163,734,3.6403,571,55,26,7,0.0347,535.36,877.94,-39.02,UAE,Tablet,55+,Female,Awareness
2025-12-15,Back to School,LinkedIn Ads,16292,380,2.3324,337,132,99,32,0.1964,13279.22,726.6,1727.58,United States,Mobile,25-34,Male,Loyalty
2025-12-17,Product Launch Q1,LinkedIn Ads,15088,365,2.4191,349,108,74,33,0.2187,9341.64,975.27,857.85,Brazil,Desktop,25-34,Male,Loyalty
2025-12-18,Cart Abandonment Recovery,Facebook Ads,19210,838,4.3623,791,315,118,38,0.1978,3410.28,381.9,792.98,India,Mobile,45-54,Male,Awareness
2025-12-18,New Year Kickoff,Instagram Ads,31981,1072,3.352,852,219,90,25,0.0782,4955.41,614.05,707.0,India,Mobile,18-24,Male,Conversion
2025-12-18,Back to School,Instagram Ads,35204,1317,3.7411,1021,273,120,26,0.0739,1896.25,718.17,164.04,Australia,Mobile,18-24,Male,Awareness
2025-12-19,Back to School,Facebook Ads,14928,626,4.1935,496,219,123,19,0.1273,2221.7,402.51,451.96,United Kingdom,Desktop,18-24,Male,Consideration
2025-12-20,Product Launch Q1,Email Marketing,36154,2511,6.9453,2160,1016,616,351,0.9708,34422.72,189.16,18097.67,Singapore,Mobile,45-54,Female,Retargeting
2025-12-20,App Install Campaign,Facebook Ads,35325,1617,4.5775,1410,366,157,54,0.1529,4383.1,989.31,343.05,United Kingdom,Mobile,45-54,Female,Consideration
2025-12-20,Referral Bonanza,YouTube Ads,38231,1097,2.8694,956,218,125,20,0.0523,1193.28,584.97,103.99,United Kingdom,Desktop,35-44,Female,Retargeting
2025-12-20,Flash Weekend Deal,Facebook Ads,27201,1015,3.7315,868,294,135,32,0.1176,6503.52,552.94,1076.17,United Kingdom,Desktop,35-44,Male,Awareness
2025-12-20,Lead Gen Webinar,TikTok Ads,37069,2076,5.6004,1740,253,103,14,0.0378,1922.79,504.82,280.89,Singapore,Desktop,25-34,Female,Conversion
2025-12-21,Holiday Gift Guide,Email Marketing,15527,1182,7.6125,991,429,326,155,0.9983,32581.75,59.71,54466.66,United Kingdom,Desktop,25-34,Male,Awareness
2025-12-21,Lead Gen Webinar,Google Ads,21560,1508,6.9944,1317,378,252,69,0.32,12498.03,1821.58,586.11,UAE,Desktop,35-44,Female,Consideration
2025-12-21,App Install Campaign,TikTok Ads,18562,853,4.5954,625,116,32,6,0.0323,364.09,533.33,-31.73,Singapore,Mobile,45-54,Male,Awareness
2025-12-22,Cart Abandonment Recovery,YouTube Ads,22468,776,3.4538,653,86,33,7,0.0312,1328.8,747.61,77.74,India,Mobile,45-54,Male,Conversion
2025-12-22,Cart Abandonment Recovery,Referral,27395,2280,8.3227,2118,1009,764,426,1.555,80699.41,53.94,149509.58,United States,Tablet,55+,Male,Consideration
2025-12-22,New Year Kickoff,TikTok Ads,40228,2152,5.3495,1612,533,160,47,0.1168,1776.02,1021.25,73.91,United States,Mobile,25-34,Male,Consideration
2025-12-22,Brand Awareness Drive,Google Ads,22033,1168,5.3011,1080,320,253,120,0.5446,28279.62,1414.92,1898.67,United Kingdom,Desktop,25-34,Male,Consideration
2025-12-23,App Install Campaign,Referral,20788,1048,5.0414,960,402,241,131,0.6302,29142.01,20.64,141091.91,India,Desktop,45-54,Female,Awareness
2025-12-23,Clearance Blowout,Instagram Ads,8972,312,3.4775,243,42,15,4,0.0446,698.23,348.34,100.44,UAE,Desktop,45-54,Male,Consideration
2025-12-23,Influencer Collab,Organic Search,32024,1853,5.7863,1834,626,393,164,0.5121,11421.35,43.17,26356.68,Germany,Mobile,35-44,Male,Retargeting
2025-12-24,Brand Awareness Drive,TikTok Ads,18616,885,4.754,674,105,46,9,0.0483,536.22,399.14,34.34,India,Desktop,25-34,Female,Conversion
2025-12-24,Back to School,TikTok Ads,33665,1736,5.1567,1268,191,78,28,0.0832,2119.67,971.43,118.2,United Kingdom,Desktop,25-34,Female,Awareness
2025-12-24,Product Launch Q3,Organic Search,21625,990,4.578,922,357,214,66,0.3052,10718.53,45.56,23426.19,Canada,Mobile,18-24,Female,Loyalty
2025-12-24,Influencer Collab,LinkedIn Ads,29733,933,3.1379,791,243,137,80,0.2691,21369.23,2331.62,816.5,India,Desktop,18-24,Male,Conversion
2025-12-25,Lead Gen Webinar,Organic Search,29711,1529,5.1462,1448,387,222,69,0.2322,10687.0,29.03,36713.64,Brazil,Desktop,45-54,Male,Loyalty
2025-12-26,Holiday Gift Guide,YouTube Ads,12834,446,3.4751,335,54,25,7,0.0545,1154.14,511.47,125.65,Canada,Mobile,18-24,Female,Consideration
2025-12-26,New Year Kickoff,LinkedIn Ads,28552,756,2.6478,683,266,180,77,0.2697,39387.7,1146.54,3335.35,United States,Tablet,45-54,Female,Awareness
2025-12-27,Festive Mega Offer,Affiliate,31221,1071,3.4304,885,200,83,32,0.1025,1635.71,599.17,173.0,United States,Desktop,18-24,Male,Consideration
2025-12-27,Product Launch Q1,Organic Search,18430,1226,6.6522,1181,393,275,83,0.4504,10359.39,148.95,6854.94,India,Mobile,35-44,Female,Conversion
2025-12-28,Product Launch Q3,TikTok Ads,29761,1427,4.7949,1127,260,72,30,0.1008,2771.44,435.6,536.24,India,Tablet,18-24,Male,Conversion
2025-12-28,New Year Kickoff,Referral,34733,2141,6.1642,2119,954,637,348,1.0019,80117.4,132.0,60595.0,India,Mobile,55+,Male,Consideration
2025-12-29,Customer Win-Back,Facebook Ads,37206,1796,4.8272,1433,249,124,21,0.0564,3310.87,1288.77,156.9,India,Mobile,25-34,Male,Awareness
2025-12-29,Free Trial Signup,Referral,30754,1918,6.2366,1797,869,567,296,0.9625,73369.83,129.24,56670.22,Australia,Desktop,55+,Male,Loyalty
2025-12-30,Loyalty Rewards Push,Referral,37220,3094,8.3127,2948,1438,1255,530,1.424,122653.99,81.83,149788.78,South Africa,Mobile,18-24,Male,Retargeting
2025-12-30,Brand Awareness Drive,Google Ads,29736,2102,7.0689,1883,575,350,147,0.4944,27492.95,3250.25,745.87,United States,Desktop,18-24,Female,Awareness
